product_id,Product Name,Actual Avg Weekly Sales,Prophet MAE,Prophet MAPE (%),Prophet Forecast (1w),Prophet Forecast (2w),SARIMAX MAE,SARIMAX MAPE (%),SARIMAX Forecast (1w),SARIMAX Forecast (2w)
11ef9fa9e84a315282770acdfb026a8f,Crown Lager Bottle 375mL,37.4,50.95,5121.36,-51.36,-103.73,12.26,938.67,13.93,18.91
11ef9fa9e84a1dfcb2e40acdfb026a8f,Carlton Pure Blonde Can 375Ml,110.65,107.27,138.96,-30.19,-60.85,67.04,120.39,78.76,187.69
11ef9fa9e8c4d84499e40acdfb026a8f,Plastic Bag,0.36,0.11,160.33,0.02,0.05,0.06,212.58,0.15,0.34
11ef9fa9e8f789d8a0660acdfb026a8f,Cruiser Double Vanilla Cola 6.8% Can 375Ml,3.54,1.66,258.64,1.5,3.04,4.16,617.91,4.96,9.7
11ef9fa9e8f76f7abd0a0acdfb026a8f,3099 Garlic Jerky 50G,14.33,13.16,316.28,-8.81,-17.79,4.84,238.7,10.56,19.44
11ef9fa9e8617880ae970acdfb026a8f,Wild Boar Bourbon 15% 375Ml Can 24Pk,12.02,6.76,56.42,4.79,9.7,7.6,151.57,16.24,31.77
11ef9fa9e8b17042b89a0acdfb026a8f,Divas Retro Ruby Raspberry Bt 330Ml,0.05,0.75,7452349975934842.0,0.06,0.12,0.75,1.7034080554684694e+16,-0.08,0.02
11ef9fa9e8612b148d1d0acdfb026a8f,Winfield 30S Optimum Crush Blue 6Pk,2.28,3.01,103.26,0.27,0.57,0.77,26.7,3.19,5.87
11ef9fa9e8bb4b9eafae0acdfb026a8f,Victoria Bitter Bt 250Ml,168.49,108.47,184.34,-53.49,-107.8,110.28,420.1,46.06,89.76
11ef9fa9e8610a808a8c0acdfb026a8f,Jim Beam White & Cola 4.8% 375Ml Can 3x10Pk,37.22,22.96,190.75,-9.32,-18.78,12.54,465.6,38.48,65.72
11ef9fa9e8610cba8b830acdfb026a8f,Woodstock & Cola 4.8% 375ml Can 3x10pk,15.37,10.0,451.29,-6.5,-13.12,9.62,863.04,11.12,19.2
11ef9fa9e84a2cac890b0acdfb026a8f,Corona Brown Extra Bottle 355ml 24pk,314.81,86.71,43.48,39.5,80.34,206.28,225.31,259.69,549.31
11ef9fa9e8c4d5d8a4000acdfb026a8f,Victoria Bitter Can 500Ml,13.51,46.79,8305.53,-40.41,-83.77,4.7,355.92,-4.68,-14.05
11ef9fa9e86117b4a7720acdfb026a8f,Tally Ho Paper 50S,0.08,0.09,180.2,-0.04,-0.09,0.01,22.16,0.07,0.13
11ef9fa9e8572c2ca0340acdfb026a8f,Ice 5Kg Bag,185.09,381.32,4079.61,-306.2,-618.61,75.62,1481.49,94.4,196.6
11ef9fa9e8f7ec02a2320acdfb026a8f,Waitoa Aotearoa Hazy Ipa 440Ml Can,2.73,11.48,412.67,1.37,3.15,1.6,58.33,3.58,10.54
11ef9fa9e8ed6502a4c20acdfb026a8f,Lion Strong 8.8% Can 500Ml,0.12,1.25,2.3440826394811148e+16,0.14,0.28,1.28,5.8392683579442216e+16,-0.1,0.13
11ef9fa9e89d948ca0ab0acdfb026a8f,Carlsberg Elephant Bt,1.59,1.7,3.319557654658195e+17,-1.78,-3.61,0.3,1.1876124545349365e+17,-0.39,0.2
11ef9fa9e84a5b3cb3410acdfb026a8f,Gossips Shiraz 750Ml,70.61,27.84,2400.35,5.65,11.53,97.33,7064.59,46.29,140.38
11ef9fa9e856afb8941b0acdfb026a8f,Passion Pop Watermelon 750mL,0.08,0.08,7566311861212370.0,0.03,0.06,0.07,2.152610331716232e+16,0.13,0.24
11ef9fa9e87f3b5e86e50acdfb026a8f,Spring Rock Smooth Dry Red 4L,0.05,0.13,1997443881671000.5,-0.01,-0.03,0.13,6717898778376245.0,0.04,0.06
11ef9fa9e84a68ac9f270acdfb026a8f,Heineken Bottle 330Ml,212.8,145.11,109.13,-29.89,-60.06,107.27,156.08,201.63,409.31
11ef9fa9e8a787bca5710acdfb026a8f,Martell Cognac Blue Swift 700Ml,78.72,46.31,59.64,-4.23,-8.43,40.82,710.7,70.0,164.11
11ef9fa9e856e1eaa4280acdfb026a8f,St Agnes Vs 3 Star 375Ml,0.71,0.32,77.34,-0.04,-0.09,0.26,130.22,0.63,1.17
11ef9fa9e8c506e89d1e0acdfb026a8f,Wild Turkey Heritage 9% 24Pk Can,1.23,6.1,2.9234911057435386e+17,-1.34,-2.74,4.8,1.1027359039411957e+17,0.41,0.76
11ef9fa9e856fd8893d10acdfb026a8f,Victoria Bitter 375Ml Bt,192.61,207.08,198.76,-84.81,-171.09,68.85,145.18,193.3,465.08
11ef9fa9e86148d891800acdfb026a8f,Coca Cola No Sugar 1.25L,2.4,2.44,121.29,-0.24,-0.48,2.21,291.24,2.75,4.7
11ef9fa9e856fe9693710acdfb026a8f,Victoria Bitter Can 375Ml Blocks 30Pk,131.83,109.85,209.69,-67.58,-136.37,54.79,126.53,89.05,178.37
11efa176d4824028a97602834053f17d,Hennessy VSOP Lebron James 700mL,0.17,0.3,5.662012538332724e+16,-0.27,-0.56,0.09,9149461944638458.0,-0.18,-0.26
11ef9fa9e8b13898bc480acdfb026a8f,Sprite Lemonade Bt 2L,1.45,1.79,91.47,0.25,0.51,0.71,30.09,1.75,3.19
11ef9fa9e861411288460acdfb026a8f,Coca Cola 1.25L,4.97,2.74,441.66,-1.91,-3.85,2.8,1448.68,1.44,4.23
11ef9fa9e8e33c4e91750acdfb026a8f,Coopers Dry 3.5% Can 375Ml 24Pk,0.03,0.13,1208579771455909.8,-0.0,-0.01,0.11,509396168648026.0,0.03,0.03
11ef9fa9e8e30616adb70acdfb026a8f,Balter Cerveza Can 375Ml 24Pk,0.92,1.49,3.048246044660632e+17,-1.43,-2.9,0.67,1.0016679750726368e+17,-0.49,-0.6
11ef9fa9e84a5da8baa80acdfb026a8f,Grants Family Reserve Scotch Whiskey 700Ml,7.66,25.25,16184.75,-23.93,-48.35,2.2,1581.0,-1.74,-4.09
11ef9fa9e8a7b5fcb1ce0acdfb026a8f,St Helena Brandy 700Ml 6Pk,0.28,0.33,4995594377396585.0,-0.03,-0.06,0.3,4.777901467634356e+16,0.19,0.44
11ef9fa9e8a752a69fb50acdfb026a8f,Suntory -196 Double Grape Can 330mL 3x10Pk,6.1,14.28,719.59,-10.58,-21.38,2.91,164.03,2.67,5.51
11ef9fa9e8610d6ebcdf0acdfb026a8f,Woodstock & Cola 8% 375Ml Can 30Pk,10.65,2.38,49.72,3.25,6.59,4.71,131.91,9.03,15.14
11ef9fa9e87f11f68f100acdfb026a8f,Berri Est Dolce Bianco Cask 5L,0.05,0.75,1.0948220043780964e+16,0.07,0.14,0.76,2.2789693004759656e+16,-0.04,0.11
11efb11f90ca19c488c202d8a60509dd,Clearance $3,5.48,12.09,1.2489705027045834e+18,-6.2,-12.56,8.57,3.221324413509198e+17,-2.45,-3.23
11ef9fa9e856f630aeff0acdfb026a8f,UDL Vodka & Passionfruit Can 375Ml 24Pk,0.06,0.39,3202126703368917.0,-0.01,-0.02,0.37,9161275641288952.0,-0.03,0.05
11ef9fa9e8ecf59a86370acdfb026a8f,Iget Bar Grape 3500,0.28,0.15,50.0,0.18,0.41,0.1,33.33,0.37,1.03
11ef9fa9e856f1ee887c0acdfb026a8f,Tooheys New Bottle 375Ml 24Pk,0.04,0.18,1.2185243237612728e+16,-0.06,-0.11,0.14,6669699401202454.0,-0.04,-0.03
11ef9fa9e84a2d4c861f0acdfb026a8f,Cougar & Cola Can 375Ml Ctn,0.41,1.67,1.4387837448293742e+17,-0.67,-1.45,1.19,4139146404546294.0,-0.35,-0.25
11ef9fa9e84a383ca1150acdfb026a8f,De Bortoli Sacred Hill Shiraz 750Ml,0.05,0.08,1.7754359943047506e+16,0.07,0.15,0.1,2.8558346490867464e+16,0.14,0.25
11ef9fa9e8b0f342ae9c0acdfb026a8f,Jack Daniels Black Label 200Ml,0.57,0.29,52.61,0.1,0.21,0.32,219.17,0.4,0.96
11ef9fa9e8570ff8817b0acdfb026a8f,Woodstock & Cola 12% Can 200Ml,103.72,27.07,67.76,59.78,120.99,81.02,187.05,139.13,285.67
11ef9fa9e8a7aae49c780acdfb026a8f,Divas Vkat 700Ml,0.68,1.04,62.26,0.58,1.17,0.72,39.17,1.09,2.06
11ef9fa9e86b1106ac2d0acdfb026a8f,Fireball Cinnamon Whisky 200Ml,0.96,0.34,210.36,0.19,0.39,0.71,569.86,0.35,2.15
11ef9fa9e8610bfc8d730acdfb026a8f,Jack Daniels & Cola 375Ml Can 20Pk,25.22,20.25,164.56,18.53,37.49,16.28,277.23,29.41,66.84
11ef9fa9e856bf44af520acdfb026a8f,Red Bull Energy Drink Can 250Ml 24Pk,22.67,29.33,93.88,2.04,4.17,22.92,379.8,73.94,96.55
11ef9fa9e861856488cb0acdfb026a8f,Coronita Bt 210Ml,2.55,1.21,1.691410760988101e+17,-1.01,-1.96,2.09,6.44477144533661e+17,2.01,3.89
11ef9fa9e84a94ee87e40acdfb026a8f,Johnnie Walker Red 1L,36.89,77.99,1441.54,-72.9,-147.27,4.47,64.31,23.77,29.35
11ef9fa9e874ee4288480acdfb026a8f,Stomping Ground Gipps St Pale Ale Can 355Ml 1,0.08,0.22,2.9671326404044908e+16,0.13,0.27,0.28,5.898643729941615e+16,0.16,0.4
11ef9fa9e87531c292a20acdfb026a8f,Holiday 20S Sun Gold 10Pk,0.07,0.32,3604451864295567.0,-0.01,-0.03,0.32,1.5801751017395462e+16,-0.03,0.04
11ef9fa9e89314ee9a910acdfb026a8f,Russian Standard Vodka Gold 700Ml 6Pk,0.1,0.43,2.075838876459897e+16,-0.08,-0.17,0.33,6751038057708960.0,-0.03,-0.02
11ef9fa9e84a5fc49da60acdfb026a8f,Great Northern Super Crisp Lager 3.5% Btl 330Ml,144.6,115.12,368.11,-69.47,-140.17,54.65,502.33,133.73,243.48
11ef9fa9e856a7c0a4a70acdfb026a8f,Nobbys Salted Nuts 50G,0.07,0.05,2522032037661610.5,-0.02,-0.04,0.06,1.8639280798664268e+16,0.06,0.13
11ef9fa9e89d8a50ba280acdfb026a8f,Vodkaa 700mL,18.43,34.09,244.79,10.11,20.47,34.29,504.08,48.74,66.14
11ef9fa9e86b7e98b0490acdfb026a8f,Woodstock 6% Sugar Free Cn 24Pk,6.39,19.97,1423.83,-17.78,-36.41,1.72,127.28,-0.19,-0.81
11ef9fa9e8bae55094780acdfb026a8f,Wild Turkey Cola 4.8% Can 375Ml 30Pk,6.98,4.75,1612.4,6.96,14.08,5.99,1864.15,5.78,9.89
11efb1215dd6e3b09d2b02d8a60509dd,Clearance 2$,3.28,4.25,8.506781523808774e+17,-4.03,-8.12,0.64,2.3111458230612636e+16,0.84,0.75
11ef9fa9e8569ddeb3e60acdfb026a8f,Mercury Dry Cider Bt 375Ml 24Pk,0.18,0.25,2.746530476008515e+16,-0.13,-0.27,0.14,5363294132237823.0,0.04,0.15
11ef9fa9e8610f3aa8010acdfb026a8f,Jack Daniels Double Jack & Cola 375Ml 20Pk,28.03,29.05,535.96,40.1,81.12,68.01,1054.12,37.73,88.79
11ef9fa9e84a1bf4a6430acdfb026a8f,Carlton Dry Bottle 330Ml,284.75,316.23,242.34,-145.41,-293.42,126.73,173.49,208.07,440.74
11ef9fa9e88938708dfd0acdfb026a8f,Absolut Vodka 1L,18.57,39.59,25906.86,-40.5,-81.82,7.77,7232.67,-4.33,3.0
11ef9fa9e875327698240acdfb026a8f,Coopers Best Extra Stout Bt 750Ml,0.59,0.4,136.55,0.73,1.49,0.27,87.29,0.79,1.48
11ef9fa9e8932fc49d8e0acdfb026a8f,Tom Cobb Whiskey 700Ml,0.06,0.2,2.4832046018858412e+16,-0.12,-0.25,0.09,738610462352599.1,0.02,0.01
11ef9fa9e86ba77ebbac0acdfb026a8f,Heineken Can 500mL,14.45,10.35,756.65,-6.87,-13.87,8.22,821.51,-4.51,-7.48
11ef9fa9e8baf72ab03a0acdfb026a8f,Little Fat Lamb B/Scotch Crm 700Ml 6Pk,0.03,0.09,1240153429431723.8,-0.01,-0.01,0.08,5047555706025435.0,0.02,0.03
11ef9fa9e8f79cb6bbc50acdfb026a8f,Jack Daniels Cola Mid 3.5% Can 375Ml 24Pk,0.12,0.29,3.5392582934097932e+16,-0.18,-0.37,0.16,1.5031413448355118e+16,-0.05,-0.03
11ef9fa9e8894af4aaf00acdfb026a8f,Rumours Shiraz 750Ml,0.43,0.1,3.9639428368599944e+16,0.16,0.33,0.53,1.6072427725677274e+17,0.53,1.27
11ef9fa9e84a8288a07b0acdfb026a8f,Jameson Irish Whisky 1L,23.03,55.6,3039.97,-54.49,-110.12,4.73,270.15,-13.32,-18.23
11ef9fa9e87f698a908e0acdfb026a8f,Cleanskin Chardonnay 750Ml,0.04,2.12,7782606121481550.0,0.08,0.17,2.1,1487937038512880.2,-0.04,0.18
11ef9fa9e8571f84ac290acdfb026a8f,Wild Turkey 101 510Ml 12Pk Bt,0.79,1.34,91.75,0.21,0.43,1.18,116.85,0.8,1.51
11ef9fa9e8a78b3695770acdfb026a8f,Remy Martin Cognac Vsop 700Ml,0.03,0.1,4536415880057288.0,-0.02,-0.04,0.09,5593365487767055.0,-0.01,-0.0
11efa8841d5deffe91ce02d35e218ef3,Hennessy XO Jean Michel Othoniel 700ml,0.18,0.47,6.687068744501656e+16,-0.32,-0.67,0.3,3.861482971955264e+16,-0.13,-0.2
11ef9fa9e84a8db482b60acdfb026a8f,Jim Beam White Bourbon 1L,32.45,59.75,1793.15,-59.03,-119.25,2.98,85.17,4.75,-0.89
11ef9fa9e8bae97ebce00acdfb026a8f,Lion Strong Beer 8.8% Longneck 625Ml,0.07,0.26,2126927066286280.8,-0.02,-0.03,0.25,1.4288192821021524e+16,0.05,0.1
11ef9fa9e84a7b62a7e90acdfb026a8f,Jacobs Creek Classic Shiraz 750Ml 12Pk,1.65,4.86,1311.62,2.8,5.66,4.74,943.44,3.53,6.25
11ef9fa9e8b1383eb0e70acdfb026a8f,Sprite Lemonade Bt 1.25L,1.3,1.91,116.86,-0.13,-0.25,0.62,30.02,1.37,2.54
11ef9fa9e856d2ea8f940acdfb026a8f,Smirnoff Vodka Red 1L,39.04,89.8,350.61,-59.85,-120.89,20.72,87.82,7.28,12.53
11ef9fa9e8a74eaaabd40acdfb026a8f,Sense Soju Original 19.3% Bt 375Ml 20Pk,0.07,0.13,1.2068513566223568e+16,-0.06,-0.12,0.07,1468317947749657.5,0.05,0.09
11ef9fa9e86b716490ec0acdfb026a8f,Suntory -196 Double Lemon Can 330ml 3x10pk,30.75,62.15,2331.48,-42.15,-85.16,16.85,1484.7,15.66,37.93
11ef9fa9e8f75490bd5e0acdfb026a8f,Pure Blonde 4.2% Btl 330Ml,153.19,148.54,341.87,-86.97,-175.52,61.21,346.05,94.52,222.77
11ef9fa9e8a7ab3ea18f0acdfb026a8f,Divas Vkat Black Label 700Ml,0.06,0.04,1.1863034770584048e+16,0.05,0.1,0.08,2.7024736941787012e+16,0.12,0.23
11ef9fa9e8934b44af030acdfb026a8f,Rothmans 25S Cool Crush Blue 8Pk,0.82,1.4,274.66,-0.3,-0.6,1.01,228.91,0.66,1.27
11ef9fa9e8a7897e877b0acdfb026a8f,Martell VSOP Red Barrel 700Ml,0.76,0.16,4.612151385649414e+16,0.16,0.32,0.79,2.0574935697143674e+17,1.13,1.99
11ef9fa9e8f7f076ad350acdfb026a8f,Johnnie Walker Blue Label Cny Snake 750Ml,0.11,0.28,3.33929736367388e+16,-0.16,-0.34,0.17,1.2920058698305142e+16,-0.01,0.02
11ef9fa9e8b0e9d8bc800acdfb026a8f,Absolut Vodka 200Ml,1.02,1.2,328.31,2.27,4.58,1.65,492.09,0.49,1.03
11ef9fa9e84a1a96872f0acdfb026a8f,Carlton Draught Can 375Ml,195.41,94.21,37.62,60.81,123.22,91.93,116.84,204.32,386.19
11ef9fa9e84a903e90550acdfb026a8f,Jim Beam White Bourbon Min 50Ml Btl,0.08,0.1,1.4902123256289828e+16,0.06,0.12,0.12,3.682751174506331e+16,0.13,0.25
11ef9fa9e87547de8e590acdfb026a8f,Bavari Origin 8.6 Special Blonde Can,0.37,1.21,1.3240168357274488e+17,0.61,1.26,1.29,2.1947229670018528e+17,0.75,1.73
11ef9fa9e84a0ed49caf0acdfb026a8f,Bundaberg Rum Up 700Ml,0.07,0.58,1.461299746184949e+16,0.08,0.16,0.6,3.1604486753882292e+16,0.14,0.27
11ef9fa9e89d1f2082c60acdfb026a8f,Penfolds Koonunga Hill Shiraz 750mL,0.44,6.66,7.832896114328754e+16,0.47,0.95,6.77,2.0622870795205968e+17,-1.15,-0.03
11ef9fa9e8613b7283220acdfb026a8f,Winfield 25S Optimum Blue Crush 8Pk,1.74,0.29,74.92,-0.44,-0.89,0.51,143.71,0.02,-0.03
11ef9fa9e849f50ca50d0acdfb026a8f,Bic Lighter L 50pk,0.34,0.36,281.32,-0.15,-0.31,0.23,410.68,0.24,0.49
11ef9fa9e84a7112ab600acdfb026a8f,Jack Daniels Black Label 1L,29.05,70.36,21525.47,-69.21,-139.82,5.81,2603.46,-2.54,-17.09
11ef9fa9e84a7216b0890acdfb026a8f,Jack Daniels Black Label 700Ml,15.78,76.11,316.62,-13.28,-26.82,44.28,49.51,25.2,54.66
11ef9fa9e874dab0beaa0acdfb026a8f,Jack Daniels Double No Sugar Can 20Pk,13.68,10.47,204.17,19.45,39.34,9.59,131.79,19.87,40.28
11ef9fa9e8f7e306a9ad0acdfb026a8f,Queen Cranberry Soju 360Ml,0.19,0.07,1.57015811148521e+16,0.06,0.12,0.21,7.281611166001928e+16,0.26,0.47
11ef9fa9e892e60494c40acdfb026a8f,Hardy Nottage Hill Chardonnay 750Ml,0.01,0.09,1073508518580718.1,-0.0,-0.0,0.08,222970445468161.38,0.03,0.05
11ef9fa9e89d84e2a33e0acdfb026a8f,Ballantines Scotch Whisky 1L,21.52,41.26,16573.35,-43.34,-87.74,4.77,2059.75,-4.52,-6.63
11ef9fa9e8570ab29c290acdfb026a8f,Winfield 25S Gold Original 8pk,0.08,0.13,1.418976538077234e+16,-0.08,-0.16,0.07,3952050753897140.5,0.03,0.06
11ef9fa9e8a7b2329a030acdfb026a8f,Mj Oniro Ouzo 700Ml 12Pk,0.02,0.5,790149690207595.1,0.01,0.03,0.5,1961861910523154.8,0.01,0.06
11ef9fa9e8ed4914978a0acdfb026a8f,Suntory - 196 Double Peach Can 330mL 3x10Pk,7.51,6.57,247.49,5.01,10.13,9.22,688.76,14.98,28.69
11ef9fa9e8bb4d60b3250acdfb026a8f,RB Bourbon 700Ml,5.49,2.8,369.49,-0.2,-0.4,12.23,2602.72,9.74,14.64
11ef9fa9e8ed6b42abd40acdfb026a8f,Muhak Good Day Original Soju Btl 360Ml,0.02,0.08,6979790507041567.0,-0.03,-0.07,0.04,5820370025760254.0,-0.02,-0.04
11ef9fa9e8cef78482410acdfb026a8f,Choosy Beggars Cabernet Merlot 750Ml,4.73,3.98,351.32,3.66,7.41,4.63,410.08,3.21,4.98
11ef9fa9e89d1dae87e10acdfb026a8f,Penfolds Maxs Pinot Noir 750Ml,0.05,0.11,6076520935030800.0,-0.03,-0.06,0.1,1.2398456314302268e+16,0.01,0.03
11ef9fa9e8ed5f7687630acdfb026a8f,Victoria Bitter Low Carb 4.9% Can 375mL,0.24,0.78,5.183340946119027e+16,0.23,0.48,0.91,1.3484643785891043e+17,0.29,0.74
11ef9fa9e8baee42af630acdfb026a8f,Sapporo Premium Beer Silver Can 650Ml,1.86,1.86,83.24,0.4,0.81,0.38,18.62,2.22,4.73
11ef9fa9e84a5f6aa3bc0acdfb026a8f,Great Northern Super Crisp 3.5% Can Block 375Ml 30Pk,157.35,110.33,108.36,-23.18,-46.58,49.5,89.41,133.42,283.23
11ef9fa9e8752fec80020acdfb026a8f,Boags Draught Can 375Ml 24Pk,0.39,0.17,2.4424937313466744e+16,-0.16,-0.33,0.19,5.781689382563793e+16,0.2,0.61
11ef9fa9e856d984a21b0acdfb026a8f,Coca Cola 2Lt Btl 8Pk,5.94,3.33,66.97,1.1,2.23,2.29,48.06,6.45,12.45
11ef9fa9e84a1672a0c10acdfb026a8f,Canadian Club Whisky 700mL,2.27,3.8,1452.98,3.74,7.57,15.29,5310.65,4.77,12.16
11ef9fa9e84a26bc88870acdfb026a8f,Coca Cola Can 375Ml 24Pk,3.26,0.29,19.3,0.94,1.9,3.64,239.72,3.86,8.2
11ef9fa9e8cee460a7bb0acdfb026a8f,Cruiser Double Raspberry 6.8% Can 375Ml 24Pk,0.19,0.1,4171613117678669.0,-0.04,-0.07,0.11,3.5646284846920664e+16,0.26,0.42
11ef9fa9e8ed4068a1610acdfb026a8f,Cruiser Double Green Apple 6.8% Can 375Ml 24Pk,3.88,2.88,387.56,-2.68,-5.41,0.44,71.59,1.67,2.23
11ef9fa9e86b18d6a05a0acdfb026a8f,Parker & Simpson 20S Blue 10Pk,0.01,0.06,1470008442908199.2,-0.01,-0.02,0.05,1591754135396119.0,-0.0,0.01
11ef9fa9e8ff786ebbfc0acdfb026a8f,Hard Rated Zero Sugar Lemon Lime 375ml Can 3x10pk,15.37,6.48,41.3,18.85,38.11,48.26,301.81,23.87,115.3
11ef9fa9e89351d4bb1e0acdfb026a8f,Winfield 20G Red Ryo 5Pk,0.02,0.1,2646903996758144.0,0.02,0.03,0.11,6982583643969454.0,0.04,0.08
11ef9fa9e87f464ebf4f0acdfb026a8f,Wyndham Est Bin 444 Cabernet Sauvignon 750Ml,0.01,0.08,987717786304510.0,0.01,0.01,0.08,957646569614308.8,0.01,0.02
11ef9fa9e8bb6b8884e30acdfb026a8f,Poets Country Crisp Can 375Ml,0.02,0.17,3361465059536576.0,0.02,0.04,0.17,4961457774886716.0,0.0,0.04
11ef9fa9e874eb6893670acdfb026a8f,Le Chat Pinot Noir Bt,0.01,0.04,28792075884594.06,0.0,0.0,0.04,2673833049569273.0,0.0,0.02
11ef9fa9e86b2a4cb14f0acdfb026a8f,Bombay Gin & Tonic Double Serve 10% Can 250ml,3.24,3.68,623.4,4.11,8.32,2.89,377.6,1.17,1.84
11ef9fa9e87f9720bddc0acdfb026a8f,Taylors Estate Pinot Noir 750Ml,0.55,0.83,9.770180390229754e+16,0.33,0.67,1.2,2.806213985218862e+17,0.5,0.96
11ef9fa9e856c732b6b70acdfb026a8f,Rumours Sauvignon Blanc 750Ml,3.04,1.8,1476.92,1.53,3.1,1.94,1631.28,2.76,10.63
11ef9fa9e84a56aa97350acdfb026a8f,Gossips Cabernet Merlot 750Ml,14.45,24.81,115.73,0.32,0.67,14.74,65.8,25.87,30.07
11ef9fa9e8cefef0b2a60acdfb026a8f,Hahn Ultra Low Carb Bt 330Ml,8.67,29.0,627.37,-23.43,-47.34,1.43,31.07,3.46,6.9
11ef9fa9e84a63acb97e0acdfb026a8f,Hahn Super Dry Bt 330Ml 24Pk,2.93,2.7,300.52,-1.17,-2.36,1.75,564.77,2.56,4.89
11ef9fa9e857026a80fa0acdfb026a8f,Wild Boar 9% Can 500ml 24Pk,5.21,1.67,119.47,3.14,6.36,6.11,332.67,4.33,10.43
11ef9fa9e8c49a46abc50acdfb026a8f,Coca Cola No Sugar 2L,4.18,2.02,308.02,0.9,1.82,2.65,993.29,4.83,9.85
11ef9fa9e8611494a0ea0acdfb026a8f,Chivas Regal 12Yo 700 Ml,9.05,6.03,168.6,8.81,17.81,5.65,195.15,12.8,25.04
11ef9fa9e8ff7918b5d00acdfb026a8f,Winfield 25G Gold Ryo 5Pk,0.06,0.1,5439896049712024.0,0.02,0.04,0.12,2.058940463962479e+16,0.06,0.15
11ef9fa9e8f7e202bfa70acdfb026a8f,Smirnoff Crush Orange & Pineapple Can 440Ml,1.72,6.32,395.55,-3.52,-7.11,1.71,55.6,2.04,4.87
11ef9fa9e8ed64448b1d0acdfb026a8f,Clean & Smooth Vodka 700Ml,0.39,0.58,8.05074993277817e+16,-0.41,-0.85,0.19,1.21441577135938e+16,-0.03,0.2
11ef9fa9e8e34bf88a6b0acdfb026a8f,Vodkaa 200Ml,1.96,2.42,94.88,0.14,0.28,2.23,420.21,0.68,1.9
11ef9fa9e8ecc9bca77a0acdfb026a8f,The Drover Moscato 750mL,1.26,2.15,199.55,-1.07,-2.16,0.62,56.94,0.17,0.83
11ef9fa9e8895468898c0acdfb026a8f,Rumours Pinot Grigio 750Ml,2.72,1.6,671.46,1.38,2.8,2.37,1083.61,0.76,2.54
11ef9fa9e8ed20249bcc0acdfb026a8f,Hard Rated Lemon 4.5% Can 375Ml 3X10pk,40.02,23.27,200.23,-13.83,-27.88,22.79,428.93,32.37,72.96
11ef9fa9e8571764b1710acdfb026a8f,Yellow Tail Pinot Grigio 750Ml,0.02,0.04,6232765256784566.0,0.03,0.05,0.04,8022445420399505.0,0.05,0.1
11ef9fa9e84a7d74b9660acdfb026a8f,Jagermeister 700mL,7.09,8.47,183.22,-2.72,-5.5,6.55,232.95,6.18,9.6
11ef9fa9e849e72e85dc0acdfb026a8f,Bacardi Carta Blanca 1L,0.04,0.08,4231798250550700.0,0.02,0.04,0.09,1.3970190914367692e+16,0.06,0.11
11ef9fa9e8ecda88a3190acdfb026a8f,The Drover Dolcetto,0.07,0.29,8625662102120539.0,-0.06,-0.12,0.2,8322514587624336.0,0.02,0.06
11ef9fa9e84a8e6892e40acdfb026a8f,Jim Beam White Bourbon 200Ml,0.02,0.01,447185396667424.8,-0.0,-0.01,0.02,8298895958479509.0,0.03,0.05
11ef9fa9e8bb6c8c9aa80acdfb026a8f,Tiger Beer Bt 330Ml 24Pk,7.9,5.52,51.57,4.96,10.04,7.01,82.77,22.62,29.77
11ef9fa9e8ed673cb9b50acdfb026a8f,Stella Artois 4.8% Bottle 330Ml 24Pk,23.94,40.15,7095.61,-35.62,-71.95,8.67,2425.06,1.15,3.49
11ef9fa9e84a4c78be410acdfb026a8f,Galliano White Sambuca Liqueur 700Ml,0.01,0.08,778755657480677.0,0.0,0.01,0.09,2335245414928076.0,0.0,0.03
11ef9fa9e87540688fc30acdfb026a8f,Nes Kit Kat 45G 48Pk,0.01,0.06,151158807046892.72,0.0,0.0,0.06,3435007325107749.0,0.0,0.02
11ef9fa9e89367f0b1d80acdfb026a8f,Mars Bar Classic 47G,0.01,0.02,183771004006688.9,-0.0,-0.0,0.02,1481640065176991.5,0.01,0.02
11ef9fa9e8f7e2b6b9f00acdfb026a8f,Queen Lychee Soju 360Ml,0.1,0.15,2.2204792831669652e+16,-0.12,-0.25,0.05,1.1187964804727036e+16,-0.01,-0.01
11ef9fa9e888d5b0b8c10acdfb026a8f,McGuigan Single Batch Rose 750mL,0.07,3.01,2409778596862445.5,0.07,0.14,3.03,1.912179437231955e+16,-0.08,-0.01
11ef9fa9e893539682fb0acdfb026a8f,Winfield 25S Blue Original 8Pk,0.25,0.42,6.386433092433069e+16,-0.32,-0.66,0.18,9106347460731306.0,-0.1,-0.08
11ef9fa9e86111b0a5e40acdfb026a8f,Wild Turkey 101 6.5% Can 375Ml 3x10Pk,25.09,28.98,630.09,22.45,45.4,27.73,984.19,25.64,61.17
11ef9fa9e861a39698110acdfb026a8f,Cruiser Black Guava,2.1,4.46,8.690189190921839e+17,-4.06,-8.33,1.78,2.2876457034894736e+17,-1.44,-1.93
11ef9fa9e8f770e2b78c0acdfb026a8f,3 Rings Vodka 700Ml,0.65,1.31,458.54,-1.05,-2.18,0.64,218.98,0.44,0.46
11ef9fa9e86b7498b5e70acdfb026a8f,Jack Daniels American No Sugar 24Pk Cn,2.72,0.7,336.94,0.6,1.21,1.91,860.53,0.58,0.88
11ef9fa9e8567b42b0020acdfb026a8f,Johnnie Walker Red 700Ml,30.84,111.79,131.86,2.23,4.56,94.05,87.65,17.86,37.97
11ef9fa9e8610ff888430acdfb026a8f,Wild Turkey Rare & Cola 8% Can 3x10Pk,22.71,10.93,106.9,19.99,40.44,18.11,156.83,28.93,57.89
11ef9fa9e8cf0b34b4710acdfb026a8f,Budweiser Beer Loose Bottle 330mL,22.26,15.8,120.62,33.98,68.74,19.68,124.84,33.84,56.14
11ef9fa9e8a74df6901b0acdfb026a8f,Sense Green Grape 375Ml,0.08,0.12,2362722597912394.5,0.01,0.03,0.15,2.8195764896203456e+16,0.07,0.17
11ef9fa9e84a91b09ce80acdfb026a8f,Johnnie Walker Black 700Ml,20.91,15.06,84.24,1.65,3.36,7.22,44.88,13.06,37.47
11ef9fa9e8610d14b1500acdfb026a8f,Woodstock & Cola 6% 375Ml Can 30Pk,13.37,8.03,207.66,1.22,2.48,10.11,1190.36,11.38,24.25
11ef9fa9e8f7b22897090acdfb026a8f,Kirin Hyoketsu Vodka Soda Pineapple Can 330Ml,2.35,4.84,117.88,0.55,1.11,4.68,598.28,4.04,6.85
11ef9fa9e8e32f4c87170acdfb026a8f,Sierra Tequila Blanco 38% 700Ml,0.09,0.08,919975728746295.5,-0.0,-0.01,0.09,2.6736134040747828e+16,0.09,0.14
11ef9fa9e8568b6e9f9c0acdfb026a8f,Little Fat Lamb 1.25L Strawb Lime,0.01,0.05,793215292505865.6,-0.0,-0.01,0.04,2095922898677654.0,0.0,0.01
11ef9fa9e8ce9140b16f0acdfb026a8f,Smiths Original 90G,0.03,0.08,1458129631811780.8,0.01,0.01,0.08,7886233331430620.0,0.02,0.05
11ef9fa9e84a7b08a1470acdfb026a8f,Jacobs Creek Sauvignon Blanc 750Ml,1.49,1.09,150.51,-0.35,-0.7,0.84,292.49,1.02,2.22
11ef9fa9e84a5c408f930acdfb026a8f,Gossips Sweet Lips Moscato 750Ml,36.4,58.69,315.08,-24.99,-50.46,26.95,134.23,21.72,57.3
11ef9fa9e874d25e82e50acdfb026a8f,Heineken Zero Bt,1.58,2.46,140.9,-0.56,-1.14,0.72,35.8,1.42,3.31
11ef9fa9e861a8149f2e0acdfb026a8f,Johnnie Walker Premium 6.5% 375ml Can 30Pk,2.17,2.3,265.29,1.63,3.3,2.49,395.35,2.45,5.41
11ef9fa9e84a431889e30acdfb026a8f,Fanta Orange Bt 1.25L,0.06,0.17,1707828264038459.8,0.0,0.01,0.18,2.126217622199467e+16,0.03,0.1
11ef9fa9e8612d80b3210acdfb026a8f,Jack Daniels Double Jack Bt,0.11,0.21,2642024895322745.5,0.0,0.01,0.2,2.3990503194998856e+16,0.09,0.21
11ef9fa9e856fe3c82790acdfb026a8f,Victoria Bitter Can 375Ml,148.24,159.39,158.34,-38.29,-77.28,81.48,178.06,186.09,360.12
11ef9fa9e86b56caa24c0acdfb026a8f,Smiths Crinkle Original 170G,0.38,0.87,227.94,-0.4,-0.81,0.24,55.9,0.4,0.75
11ef9fa9e86afef0a0860acdfb026a8f,Jim Beam Double Serve Black Can 375ml 3x10Pk,22.04,8.96,760.64,13.41,27.13,21.3,1427.37,21.73,51.13
11ef9fa9e8611386900a0acdfb026a8f,Jps 40S Gold,0.01,0.14,3470248195126884.5,-0.01,-0.02,0.13,553082502587943.9,-0.02,-0.02
11ef9fa9e89d5daa809e0acdfb026a8f,Ouzo 12 Bottle 700Ml,0.24,0.56,1.0430995937162458e+17,-0.53,-1.09,0.35,6.003518155305456e+16,-0.27,-0.21
11ef9fa9e849fa70b0000acdfb026a8f,Boags Premium Lager Bt,26.28,15.23,65.44,0.86,1.78,9.0,142.54,24.52,47.1
11ef9fa9e8bb74d4b6ca0acdfb026a8f,Brown Brothers Moscato Rose 750Ml,2.85,2.19,474.99,1.27,2.56,1.91,1136.27,3.18,6.72
11ef9fa9e8571156bbbf0acdfb026a8f,Xxxx Gold Lager Bt 375Ml 24Pk,1.39,0.28,15.24,1.18,2.4,1.26,82.92,2.54,4.86
11ef9fa9e856da389d450acdfb026a8f,Coca Cola No Sugar 375Ml Cn,2.17,0.17,15.73,0.85,1.73,2.01,183.92,2.38,4.98
11ef9fa9e8752f8893cd0acdfb026a8f,Choice 20S Signature Blue Original 10Pk,0.01,0.11,1695131604278994.5,-0.01,-0.01,0.1,228094649475128.8,-0.01,-0.0
11ef9fa9e8f78d98906d0acdfb026a8f,Hard Rated Zero Sugar Lemon Lime 375Ml 24Pk,1.51,2.54,2.6859588804446256e+17,-1.36,-2.79,1.31,2.2965444846136995e+17,0.95,1.62
11ef9fa9e861879e87340acdfb026a8f,Jim Beam Double Serve White 6.7% 3x10Pk,15.57,2.28,28.75,4.17,8.46,13.43,196.56,16.0,33.06
11ef9fa9e84a6e3888bf0acdfb026a8f,Jack Daniels & Cola Bt 330Ml,32.48,42.8,123.86,-6.08,-12.25,12.68,31.36,23.13,56.96
11ef9fa9e8f7c092b8750acdfb026a8f,Cadbury Cherry Ripe 44G,0.0,0.03,1177316484374241.5,-0.0,-0.01,0.02,375590674633698.7,-0.0,-0.0
11ef9fa9e86b28e494b40acdfb026a8f,Mercury Hard Passionfruit Can 375Ml 375Ml,1.06,1.7,168.1,-0.23,-0.47,1.08,219.83,1.33,2.66
11ef9fa9e84a8f26af980acdfb026a8f,Jim Beam White Bourbon 375Ml,0.36,0.3,157.0,0.27,0.54,0.35,311.39,0.51,1.15
11ef9fa9e856fde288620acdfb026a8f,Victoria Bitter Bt 750Ml,31.1,26.2,3281.42,-29.67,-59.92,6.91,268.31,-2.02,10.58
11ef9fa9e86b0c4c9cab0acdfb026a8f,19 Crimes Pinot Noir 750Ml,0.98,0.37,70.89,-0.15,-0.29,0.85,180.63,0.81,1.75
11ef9fa9e8e33e6aaa0d0acdfb026a8f,Victoria Bitter Xtra Can 250Ml 30Pk,0.08,0.09,1.5556358314565182e+16,-0.08,-0.16,0.04,5884113571258689.0,0.04,0.04
11ef9fa9e889482ebc060acdfb026a8f,De Bortoli Sacred Hill Semillon Sauvignon Blanc 750Ml,0.09,0.09,2.921739696786055e+16,0.12,0.25,0.17,4.923458109604353e+16,0.23,0.46
11ef9fa9e86b0a3a83af0acdfb026a8f,The Drover Sauvignon Blanc 750Ml,0.04,0.06,2952456573617700.5,-0.02,-0.04,0.05,7704312814123789.0,0.01,0.03
11ef9fa9e8c497308de10acdfb026a8f,Great Northern Original Lager 4.2% Bt 330Ml,103.09,113.47,150.43,-35.05,-70.66,45.56,118.71,104.62,212.11
11ef9fa9e8e2fcd49d890acdfb026a8f,Woodstock Zero Sugar 4.8% Can 375Ml 24Pk,0.8,1.52,3.0382729601974496e+17,-1.49,-3.08,0.62,8.111458322333774e+16,-0.71,-1.33
11ef9fa9e84a19ecbcd10acdfb026a8f,Carlton Draught Bt 375Ml,194.52,132.6,101.54,-19.32,-38.73,190.86,232.3,144.76,306.03
11ef9fa9e856d3eea2020acdfb026a8f,Smirnoff Vodka Red Min 50Ml,0.06,0.06,2117388401213936.0,-0.02,-0.03,0.08,1.662038338760589e+16,0.04,0.08
11ef9fa9e8c4abbc9a2a0acdfb026a8f,Clearance $2,277.22,1246.89,3610.11,-1160.44,-2345.35,21.18,73.39,39.84,115.15
11ef9fa9e8610e22a3800acdfb026a8f,Smirnoff Ice Double Black 375Ml Can 3x10Pk,8.66,7.17,1206.95,9.09,18.4,11.15,1483.75,13.05,24.96
11ef9fa9e8a78154af590acdfb026a8f,Kingfisher Premium Lager Bt 330Ml 24Pk,1.25,4.0,835.46,-2.94,-5.95,0.36,58.6,1.16,1.49
11ef9fa9e87f1f3e842e0acdfb026a8f,De Bortoli Prem Shiraz Cabernet Cask 4L,0.31,0.33,4.593385831724282e+16,0.18,0.36,0.39,1.3204483066425003e+17,0.51,0.97
11ef9fa9e8f7ef72b8ae0acdfb026a8f,Somersby Apple 440Ml Can 30Pk (Passed Date),0.78,1.23,2.0994488751589802e+17,-1.29,-2.89,0.36,8.287699790326565e+16,-0.08,-0.14
11ef9fa9e8b0fa7c829b0acdfb026a8f,Little Fat Lamb Salted Caramel Shot 30Ml 16*4Pk,0.03,0.28,6717688941652722.0,-0.03,-0.05,0.25,1735756025077636.8,-0.05,-0.04
11ef9fa9e875184a92b60acdfb026a8f,Nobbys Beer Nuts 50G,0.03,0.09,2191298831811382.8,-0.01,-0.02,0.09,4180668757029104.5,0.01,0.04
11ef9fa9e87f12b490660acdfb026a8f,Berri Estate Dolce Rosso 5L,25.66,14.17,207.26,9.54,19.33,16.52,401.08,49.82,95.81
11ef9fa9e84a612cb8be0acdfb026a8f,Grey Goose Vodka 700Ml,7.61,1.84,149.92,1.99,4.03,5.38,491.68,11.99,15.8
11ef9fa9e84a1b40a8c30acdfb026a8f,Carlton Dry Can 375Ml,188.72,110.38,94.37,-20.83,-41.79,128.09,463.34,167.21,349.3
11ef9fa9e8ed54cc82ea0acdfb026a8f,Kirin Hyoketsu Peach Can 330Ml 24Pk,1.14,1.08,357.16,1.5,3.03,1.08,406.47,4.27,6.09
11ef9fa9e8ff6f5ead300acdfb026a8f,Kirin Hyoketsu Lychee C330ml,1.92,3.85,611.04,-3.19,-6.44,0.64,110.97,0.42,0.83
11ef9fa9e8611b889b0d0acdfb026a8f,Absolut Vodka 700Ml,9.26,27.63,5198.53,-23.7,-47.89,30.21,6706.96,6.56,14.54
11ef9fa9e8f74036a0d90acdfb026a8f,Mattingly & Moore Bourbon 700Ml,0.38,0.37,6.2107864568561064e+16,-0.35,-0.72,0.21,7.753658705998915e+16,0.07,0.19
11ef9fa9e8f7bab6bf080acdfb026a8f,Carlton Draught Lemonde Bottle 330Ml,0.05,0.16,8629248886151764.0,-0.04,-0.07,0.11,1793791467905021.0,-0.01,-0.0
11ef9fa9e8f7e25c96d10acdfb026a8f,Smirnoff Crush Peach & Mango 440Ml,3.98,12.17,218.39,-5.07,-10.24,1.69,30.1,7.13,13.54
11ef9fa9e861522e87540acdfb026a8f,Great Northern Bc Original Lager 4.2% Can 375Ml 24pk,0.28,0.98,1.1517537039765157e+17,0.5,1.04,1.06,1.709635098085483e+17,0.66,1.41
11ef9fa9e8f7e1b29e600acdfb026a8f,Smirnoff Crush Lemon & Lime Can 440Ml 24Pk,1.82,1.91,1483.8,-1.2,-2.43,0.81,1496.0,2.31,4.06
11ef9fa9e856a1bcba070acdfb026a8f,Miller Chill Bt 330Ml 24Pk,14.99,23.84,257.03,-13.8,-27.88,4.23,47.82,9.08,16.55
11ef9fa9e86b01c085080acdfb026a8f,Kraken Black Spiced Rum & Cola,0.07,0.5,155400846136962.44,0.01,0.03,0.5,1.2857206673995644e+16,0.0,0.08
11ef9fa9e89d7c0eba160acdfb026a8f,Winfield 30S Red Original 6Pk,0.06,0.1,3144381005543768.5,-0.02,-0.04,0.09,9725932203070346.0,0.03,0.09
11ef9fa9e8ce8f92ba680acdfb026a8f,Community Co Spring Water,31.1,44.1,22170.62,-18.2,-36.73,23.23,28449.19,33.88,59.55
11ef9fa9e8612b6e9dd80acdfb026a8f,Canadian Club & Dry 6% 30Pk,3.61,1.9,4677.03,2.28,4.62,4.07,8970.99,3.37,7.8
11ef9fa9e86b092ca5060acdfb026a8f,Jack Daniels & Cola No Sugar 375Ml 20Pk,10.89,6.67,53.36,-0.16,-0.31,4.21,405.25,6.72,19.86
11ef9fa9e849e562932d0acdfb026a8f,Asahi Super Dry Bt 330Ml 24Pk,84.82,40.47,361.65,3.31,6.83,56.03,2038.48,73.05,151.03
11ef9fa9e8f78208b6970acdfb026a8f,Lit Fat Lamb Hubbly Bubbly S/Grape 1.25L,0.01,0.08,3427233765269296.0,0.02,0.03,0.09,6127502983480084.0,0.01,0.04
11ef9fa9e8ff616286120acdfb026a8f,Kingfisher Extra Strong Premium Beer Can 500Ml,6.3,21.2,315.1,-1.83,-3.79,8.25,58.22,-130.69,1021.52
11ef9fa9e8e3332a91ea0acdfb026a8f,WH Clearance Wine,0.46,0.16,1.6968423742148038e+16,-0.15,-0.31,0.37,1.1959550432225328e+17,0.32,0.73
11ef9fa9e849ed78929a0acdfb026a8f,Ballantines Scotch Whisky 700Ml,15.96,33.62,10984.82,-33.79,-68.28,2.67,1273.34,-0.02,5.29
11ef9fa9e8f799289a020acdfb026a8f,Lion Stout Can 500Ml,0.05,0.19,2440217130363234.5,0.01,0.02,0.19,1.0675445479377948e+16,0.07,0.15
11ef9fa9e8cf1cdc8d900acdfb026a8f,Little Fat Lamb Qf Melon Double Shot 30Ml 4X16pk,0.02,0.06,517029000310264.6,-0.0,-0.0,0.07,4338412363371465.0,0.0,0.02
11ef9fa9e888c3908b760acdfb026a8f,De Bortoli Sacred Hill Rose 750Ml,0.02,0.12,2051927915694970.8,0.01,0.02,0.13,5227793147360123.0,0.01,0.04
11ef9fa9e856d39eab9a0acdfb026a8f,Smirnoff Vodka Red 700Ml,31.76,92.06,13310.81,-60.08,-121.4,24.12,4308.94,18.68,23.51
11ef9fa9e8611656a5070acdfb026a8f,Chupa Chups,0.01,0.01,771411079329266.2,-0.0,-0.01,0.01,1980192086753137.5,0.01,0.01
11ef9fa9e8ed3fbe942e0acdfb026a8f,Cruiser Black Cherry Cola 4.6% Bottle 275Ml 24Pk,0.04,0.13,6469100584835088.0,-0.03,-0.06,0.1,2753717523961769.0,-0.02,-0.01
11ef9fa9e8baed3e8a1e0acdfb026a8f,Saigon Special Beer Bottle,11.96,19.75,188.8,-7.54,-15.23,5.56,51.27,7.36,13.33
11ef9fa9e8f752d8bd0b0acdfb026a8f,Rumours Cabernet Sauv 750Ml,0.27,0.16,2.3422456788519308e+16,0.09,0.19,0.21,7.289479911213531e+16,0.37,0.74
11ef9fa9e8753a7889170acdfb026a8f,Winfield 25S Optimum Crush Gold 8Pk,0.07,0.21,3858637885342782.0,-0.02,-0.04,0.2,1.7153041569323538e+16,0.02,0.06
11ef9fa9e8f7e57294a00acdfb026a8f,Chum Churum Saero Zero Sugar Soju 360Ml,0.04,0.06,7732977622235798.0,-0.04,-0.08,0.03,1323907691888985.8,-0.01,0.0
11ef9fa9e86b55bc88630acdfb026a8f,Smiths Crinkle Salt & Vin 170G,0.07,0.04,148132193789446.38,-0.01,-0.01,0.05,1.698865992374621e+16,0.07,0.14
11ef9fa9e874e37a9ceb0acdfb026a8f,Wild Boar 12% 200Ml Cn 24Pk,0.01,0.04,455750227833607.1,-0.0,-0.0,0.04,1723907844683739.8,0.01,0.02
11ef9fa9e86192ca99710acdfb026a8f,Jack Daniels American Serve 20Pk Cn,6.0,4.6,94.28,10.35,20.94,23.4,429.12,8.78,13.77
11ef9fa9e86153b4a6490acdfb026a8f,Mountain Goat Very Enjoyable Beer 4.2% Can 375Ml 24Pk,31.15,14.84,75.96,0.95,1.96,13.6,413.33,38.76,77.41
11ef9fa9e8a740d696ea0acdfb026a8f,Muhak Good Day Blueberry Soju Bt 360Ml 20Pk,0.89,0.39,127.03,-0.46,-0.95,1.29,770.11,0.67,0.81
11ef9fa9e84a0196af880acdfb026a8f,Brown Brothers Moscato Sauvignon Blanc,0.08,0.92,6656532814285952.0,0.05,0.1,0.9,1.5241234967368138e+16,0.07,0.18
11ef9fa9e8a74e5080880acdfb026a8f,Sense Soju Apple 16% Bt 375Ml 20Pk,0.04,0.09,7616015467560228.0,-0.04,-0.08,0.04,1146731987276969.0,0.0,0.02
11ef9fa9e86b577e86240acdfb026a8f,Ventti Extra Long Filters 140S (White),0.04,0.09,4981054202231611.0,-0.02,-0.04,0.07,4040295736853813.5,0.01,0.03
11ef9fa9e8ed590e90070acdfb026a8f,Hard Rated Zero Sugar Lemon Can 375mL 3x10pk,19.02,17.49,246.49,16.42,33.23,31.1,741.95,44.91,101.07
11ef9fa9e857170abba90acdfb026a8f,Yellow Tail Moscato 750Ml,0.0,0.04,50555407016775.12,0.0,0.0,0.04,437773285554255.75,0.01,0.01
11ef9fa9e8e2f536b55a0acdfb026a8f,Oniro Ouzo 150Ml 12Pk,0.03,0.17,6137137765098733.0,0.03,0.06,0.17,1.2494131812102394e+16,0.03,0.09
11ef9fa9e889051c9bee0acdfb026a8f,Old Monk Rum 7Yo 750mL,0.09,0.25,1.8914889461529184e+16,-0.1,-0.2,0.18,1.321275840229353e+16,-0.02,0.03
11ef9fa9e8f7c402860e0acdfb026a8f,Brown Brothers Moscato Mango Swirl 750Ml,0.04,0.85,3941740269312201.5,0.02,0.04,0.82,2828701158455694.5,-0.01,0.1
11ef9fa9e8f7e360bcae0acdfb026a8f,Queen Banana Soju 360Ml,0.56,0.29,201.95,-0.25,-0.51,0.93,610.59,1.3,2.41
11ef9fa9e86b9892a6dd0acdfb026a8f,White Claw Variety 10 Pack,0.13,0.26,1586909113943716.5,-0.01,-0.02,0.28,3.048617876589612e+16,0.16,0.27
11ef9fa9e86ba620a8970acdfb026a8f,Smiths Cheese And Onion 170G,0.03,0.19,4853015566841659.0,-0.02,-0.03,0.16,2062198666910122.2,-0.02,-0.01
11ef9fa9e8f763c28a3e0acdfb026a8f,Sour Puss Sour Grape 8% 330Ml Can,0.03,0.08,160973230061610.62,0.0,0.0,0.09,3733317630308336.0,0.01,0.03
11ef9fa9e89339ba88dd0acdfb026a8f,Ride On Nz Sauvignon Blanc 750Ml,0.01,0.04,318129624011615.94,-0.0,-0.0,0.04,1316630815912039.0,-0.0,0.0
11ef9fa9e86b080aa96c0acdfb026a8f,Asahi Super Dry Can 500mL,22.62,10.77,700.18,13.23,26.79,13.28,611.81,9.89,15.46
11ef9fa9e84a61e0b42e0acdfb026a8f,Guinness Draught Can,7.4,1.36,545.17,-2.61,-5.3,4.64,1855.08,1.41,1.3
11ef9fa9e8cf0828bc7a0acdfb026a8f,The Drover Pink Moscato 750Ml,0.06,0.13,1.811386347646521e+16,-0.1,-0.21,0.06,4543795455170279.0,-0.07,-0.08
11ef9fa9e86ba30abf5c0acdfb026a8f,Balter Eazy Hazy Pale Ale Cn 375Ml,2.31,6.87,229.11,-3.35,-6.77,1.72,57.24,1.74,3.95
11ef9fa9e8b0f2f2adf30acdfb026a8f,Hennessy Vsop Cognac Min 50Ml,0.04,0.21,2995589549176595.5,0.02,0.04,0.21,8784689809430639.0,0.04,0.1
11ef9fa9e8a750588bbb0acdfb026a8f,Sense Soju Pineapple Bt 375Ml 20Pk,0.05,0.06,7042358248483586.0,-0.04,-0.09,0.03,7432501423553286.0,0.02,0.03
11ef9fa9e8a74f04a4fe0acdfb026a8f,Sense Soju Passionfruit Bt 375Ml 20Pk,0.04,0.12,9288717928075092.0,-0.04,-0.09,0.08,3984689957612688.5,-0.02,-0.0
11ef9fa9e84a71bc90540acdfb026a8f,Jack Daniels Black Label 350Ml,0.06,0.25,2872044028416997.5,0.01,0.03,0.25,1.860988482028673e+16,0.02,0.1
11ef9fa9e889328aa0990acdfb026a8f,Peter Stuyvesant 30S Red Filter 6Pk,0.04,0.09,1383574678329589.8,-0.01,-0.02,0.09,8190588312468677.0,0.04,0.1
11ef9fa9e8f76f20a61b0acdfb026a8f,3099 Teriyaki Jerky 50g,14.66,27.24,177.35,-9.25,-18.68,6.84,31.8,12.02,20.37
11ef9fa9e84a0506b9c70acdfb026a8f,Budweiser Beer Bt 355Ml Loose,0.06,0.15,5426509043104701.0,-0.03,-0.07,0.16,1.3607219363226232e+16,0.04,0.07
11ef9fa9e8cef518838d0acdfb026a8f,Chivas Regal 12Yo 200Ml,0.01,0.02,33358717272414.83,0.0,0.0,0.02,1240822363188925.0,0.01,0.01
11ef9fa9e8ff605e92770acdfb026a8f,Carlton Dry Mid 3.5% Btl 330Ml,33.33,28.56,164.92,-2.62,-5.25,50.79,4019.17,22.2,57.52
11ef9fa9e8617ecabd530acdfb026a8f,Wolf Blass Red Shiraz Bt 750Ml,0.05,0.17,4011088103512709.5,0.02,0.04,0.18,1.6373083649730768e+16,0.08,0.16
11ef9fa9e8e2e9f6a3ed0acdfb026a8f,Little Fat Lamb Cream Jam Donut 700Ml,0.01,0.08,563818853295226.9,0.0,0.01,0.08,1807917945278398.8,0.0,0.02
11ef9fa9e87f2d4ea9640acdfb026a8f,Yalumba Sanctum Cab Sauv 750Ml,0.01,0.17,353420134712762.25,0.01,0.02,0.17,2543701542542430.5,0.01,0.03
11ef9fa9e84a1c9e90950acdfb026a8f,Carlton Midstrength Bitter Bt 375Ml,0.48,1.82,4.104970368315827e+16,-0.18,-0.38,1.67,8.169570189502968e+16,0.03,0.71
11ef9fa9e8b10e9ab2f60acdfb026a8f,Coca Cola Btl 330Ml 24Pk,0.44,0.57,348.71,-0.2,-0.4,0.3,475.75,0.2,0.59
11ef9fa9e85707928f8b0acdfb026a8f,Wild Turkey Rare & Cola 8% Bt 320Ml 24Pk,7.51,13.08,3130.69,11.82,23.91,6.9,2011.83,6.14,16.96
11ef9fa9e8a788ca84650acdfb026a8f,Martell Cognac Xo Supreme 700Ml,3.3,0.77,37.56,0.62,1.26,1.21,116.67,1.74,11.29
11ef9fa9e861617e9ece0acdfb026a8f,Malibu And Cola Cn 250Ml 24Pk,0.02,0.62,4046450823410674.0,-0.01,-0.02,0.62,4835890301734455.0,-0.06,0.01
11ef9fa9e8f7d35296900acdfb026a8f,County Bourbon 150Ml,0.01,0.04,489781659596711.1,-0.0,-0.01,0.04,3239101055104997.5,0.0,0.01
11ef9fa9e8932aecae070acdfb026a8f,Snickers Chocolate Bars 50G,0.01,0.04,370924131168857.56,-0.0,-0.0,0.04,2704651189909448.0,-0.0,0.01
11ef9fa9e89d7164a8750acdfb026a8f,Mj Gentleman Gold Whisky 700Ml,0.08,0.2,7780227154618378.0,-0.04,-0.08,0.18,1.7913544380519024e+16,-0.0,0.03
11ef9fa9e84a1a46aa0b0acdfb026a8f,Carlton Draught Bt 750Ml,28.94,16.42,10198.24,-22.09,-44.61,6.18,1540.37,6.15,15.51
11ef9fa9e8a7407c817c0acdfb026a8f,Muhak Good Day Apple Soju Bt 360Ml 20Pk,0.14,0.23,2.842777495355041e+16,-0.15,-0.31,0.04,1438218827081012.0,0.01,-0.0
11ef9fa9e8a742f2b2930acdfb026a8f,Muhak Good Day Melon Soju Bt 360Ml 20Pk,0.11,0.07,1.019701239918551e+16,-0.05,-0.1,0.04,1.5059828592428496e+16,0.08,0.16
11ef9fa9e8a74568b0860acdfb026a8f,Muhak Good Day Strawberry Soju Bt 360Ml 20Pk,0.11,0.19,2.063928093470408e+16,-0.1,-0.21,0.14,1.0303636137644542e+16,0.05,0.03
11ef9fa9e8f7e4648afd0acdfb026a8f,Chamisul Grapefruit Soju 360ml,0.09,0.08,3.5933535404025892e+16,0.07,0.15,0.19,8.597518728558843e+16,0.17,0.31
11ef9fa9e8a746d0a3e60acdfb026a8f,Muhak Good Day Watermelon Soju Bt 360Ml 20Pk,0.06,0.1,1.561091901927221e+16,-0.08,-0.16,0.04,3402555624996104.0,-0.02,-0.01
11ef9fa9e8f7e51881bf0acdfb026a8f,Jinro Is Back Zero Sugar Soju 360ml,0.17,0.11,2.984485559117417e+16,0.12,0.25,0.34,9.640372347421605e+16,0.19,0.48
11ef9fa9e86b08c880a70acdfb026a8f,Canadian Club & Dry Zero 4.8% Can 375Ml 3x10Pk,8.75,4.16,242.31,1.63,3.32,5.0,624.45,10.55,22.14
11ef9fa9e8610c56b2c20acdfb026a8f,Canadian Club & Cola 375Ml Can 30Pk,3.22,3.12,1298.07,-1.91,-3.85,2.23,3166.28,2.0,4.69
11ef9fa9e874e7d0ada00acdfb026a8f,Cruiser Mixed 4.6% Btl 275Ml,12.39,30.16,1807.65,-20.66,-41.74,7.33,580.89,4.65,13.24
11ef9fa9e8ecca1699160acdfb026a8f,2 Monkeys Sauv Blanc 750Ml,0.18,0.24,4.40933492356659e+16,-0.21,-0.44,0.1,1.7245215907759618e+16,0.04,0.01
11ef9fa9e8b16fe8b17d0acdfb026a8f,Divas Pink Topaz Watermelon Bt 330Ml,0.04,0.17,8372949531739606.0,0.04,0.08,0.16,1.5098250457587238e+16,0.06,0.13
11ef9fa9e87f5404b6d60acdfb026a8f,Winesmith Premium Selection Shiraz 2L,0.1,0.67,9233430985357802.0,0.05,0.1,0.68,2.426427932499819e+16,0.16,0.34
11ef9fa9e84a1af0b0890acdfb026a8f,Carlton Dry Bt 700Ml,6.41,5.45,319.6,-3.14,-6.34,2.67,341.71,7.18,14.34
11ef9fa9e856b38c91620acdfb026a8f,Peroni Nastro Azzurro Bt 330Ml 4x6pk,21.25,17.17,371.35,-16.07,-32.46,3.87,78.0,-1.81,0.78
11ef9fa9e8610b98acb70acdfb026a8f,Canadian Club & Dry 4.8% 375Ml Can 3x10Pk,16.35,36.07,133.07,-2.62,-5.27,20.01,57.9,9.55,18.12
11ef9fa9e8570ea4b5070acdfb026a8f,Woodstock & Cola 6% 660Ml 12Pk Bt,0.57,0.67,200.38,0.37,0.74,0.69,459.66,0.8,1.48
11ef9fa9e8a74f86956b0acdfb026a8f,Sense Soju Peach 14% Bt 375Ml 20Pk,0.47,0.45,327.44,-0.57,-1.18,0.39,265.62,-0.17,0.01
11ef9fa9e8f78258a5d20acdfb026a8f,Winesmiths Traditional Classic Dry Red 2L,0.14,0.08,1.4548357338860318e+16,0.06,0.12,0.13,4.622357475870825e+16,0.21,0.41
11ef9fa9e8ed5580850d0acdfb026a8f,Ned 6% Cans 16Pk,0.08,0.42,3.4035016087275644e+16,-0.15,-0.34,0.26,2840684201319011.5,-0.06,0.02
11ef9fa9e8570b66b8680acdfb026a8f,Winfield 25S Red Original 8Pk,0.06,0.19,739514746654890.1,0.0,0.01,0.2,1.5795871027754566e+16,0.03,0.09
11ef9fa9e85717b4b7b10acdfb026a8f,Yellow Tail Sauvignon Blanc 750Ml,0.66,0.81,231.53,-0.39,-0.78,0.18,37.59,0.48,0.89
11ef9fa9e8567dae88470acdfb026a8f,Jps 20S Blue,0.05,0.16,1869264966415428.0,-0.01,-0.02,0.15,1.023816148429661e+16,0.01,0.04
11ef9fa9e849e2f68d9a0acdfb026a8f,Angostura Aromatic Bitters 200Ml Sgl,0.01,0.02,778240195695619.4,-0.0,-0.01,0.02,2356938710773839.5,0.0,0.01
11ef9fa9e8a73c3abf7e0acdfb026a8f,Lotte Chum Churum Green Grape Soju 360Ml 20Pk,0.03,0.02,2286609937472795.0,0.01,0.02,0.02,8862657699629595.0,0.03,0.07
11ef9fa9e8d945fe80db0acdfb026a8f,XXXX Summer Bright Mango Bottle,0.53,0.96,1.8343877522688362e+17,-0.88,-1.8,0.43,7.627790803058843e+16,-0.34,-0.67
11ef9fa9e86b94649bd00acdfb026a8f,Billsons Fruit Tangle Cn,0.07,0.25,1802854020489264.8,0.01,0.02,0.25,1.6233992388411396e+16,0.04,0.13
11ef9fa9e8570e40a0f40acdfb026a8f,Woodstock & Cola 10% Can 375Ml 24Pk,4.24,5.32,315.18,1.95,3.96,4.61,602.88,4.78,11.08
11ef9fa9e86177729bcb0acdfb026a8f,2 Monkeys Shiraz 750Ml,0.06,0.08,1048304068695734.4,-0.0,-0.0,0.08,1.5223898991775124e+16,0.06,0.1
11ef9fa9e8f78a8c9ae50acdfb026a8f,Great Northern Original Block 30Pk 375Ml,43.53,60.48,163.96,-17.88,-36.1,18.53,52.88,43.73,80.55
11ef9fa9e8f7a440a2670acdfb026a8f,Skrewball Peanut Butter Whiskey 750Ml,0.04,0.5,7502350631504333.0,0.05,0.1,0.5,1.2990936178645476e+16,-0.02,0.08
11ef9fa9e8bb706aa6da0acdfb026a8f,Miller Genuine Draft Bt 330Ml 24Pk,16.81,14.98,101.82,-1.07,-2.14,1.81,14.82,20.79,37.52
11ef9fa9e87f7cc297090acdfb026a8f,Tread Softly Pinot Noir 750Ml,1.43,1.6,343.95,1.14,2.31,1.98,519.28,1.53,3.92
11ef9fa9e8b125f6834f0acdfb026a8f,Kirks Soda Water Bt 1.25L,1.19,0.7,172.36,-0.37,-0.75,0.71,347.45,0.65,1.34
11ef9fa9e892d7c294ab0acdfb026a8f,Giesen Sauvignon Blanc 750Ml,2.45,1.62,859.58,2.49,5.04,3.72,1614.77,2.26,5.81
11ef9fa9e8617fe2b7ae0acdfb026a8f,Winfield 20S Optimum Crush Blue 10Pk,0.01,0.05,695158851321046.2,-0.0,-0.0,0.04,1760218765886096.0,0.0,0.01
11ef9fa9e84a00cea1a90acdfb026a8f,Brown Brothers Moscato Chardonnay 750Ml,0.03,0.25,1100345472551377.9,-0.0,-0.0,0.25,8506693339611609.0,-0.02,0.02
11ef9fa9e8ff663aabb40acdfb026a8f,Hananomai Junmai Ginjo Prem Pure Rice Sake 1.8L,0.03,0.18,2349369259489488.5,0.01,0.03,0.19,8094183276975870.0,0.04,0.08
11ef9fa9e8617ca4a9fa0acdfb026a8f,Coopers Stout Bottle 375ml,0.16,0.69,1468301739674437.8,-0.0,-0.0,0.72,2.9372821555720456e+16,-0.02,0.19
11ef9fa9e8a7356e9f200acdfb026a8f,Chum Churum Strawberry Soju 20Pk,0.01,0.03,1678899847344553.2,-0.01,-0.02,0.03,1632077854181791.5,-0.0,0.0
11ef9fa9e84a5cf4815a0acdfb026a8f,Gossips Sweet Lips Syrah & Dolcetto 750Ml,11.84,5.89,98.11,-1.58,-3.17,6.85,133.91,8.14,22.66
11ef9fa9e849f74688760acdfb026a8f,Black Douglas & Cola Can 375Ml,0.59,1.3,113.65,0.02,0.05,0.67,58.82,0.67,1.47
11ef9fa9e8ceca989a170acdfb026a8f,Tsing Tao Bt 330Ml 24Pk,0.04,2.12,5240493545689441.0,0.16,0.33,2.13,4635651978544433.0,0.17,0.61
11ef9fa9e8e2e1a489eb0acdfb026a8f,Dee Vine Estate Classic Dry Red Cask 4L,0.01,0.12,3829402971351072.0,0.02,0.05,0.13,8780487674479295.0,0.07,0.12
11ef9fa9e8f7b6428ddf0acdfb026a8f,Carlton Dry Ultra Low Carb Bottle 330Ml,10.05,7.51,1562.11,6.24,12.63,7.02,2378.57,14.67,32.98
11ef9fa9e84a5aeca0f90acdfb026a8f,Gossips Semillon Sauvignon Blanc 750Ml,19.59,10.65,308.41,-10.94,-22.09,9.49,281.88,24.47,47.76
11ef9fa9e8baee9c9a310acdfb026a8f,Sapporo Premium Beer Bt 355Ml,6.09,3.96,1398.96,5.85,11.83,24.65,6012.73,6.98,18.3
11ef9fa9e8891534a6540acdfb026a8f,Jps 25G Blue Ryo 10Pk,0.01,0.05,603831459437171.2,-0.0,-0.01,0.05,396015580001538.06,0.0,0.02
11ef9fa9e8ecf5f48f8b0acdfb026a8f,Iget Bar Apple 3500,0.35,0.3,114.09,-0.19,-0.41,0.25,166.67,0.3,0.7
11ef9fa9e84a2bf8b3070acdfb026a8f,Coopers Sparkling Ale Bt 375Ml,10.07,17.18,150.62,-4.45,-8.97,5.53,40.35,6.37,15.96
11ef9fa9e8ed40c2b3a40acdfb026a8f,Peroni Stile Capri B330ml,0.01,0.03,1423703008687730.8,-0.01,-0.01,0.03,1759170054500419.2,-0.01,-0.01
11ef9fa9e84a1da2a7d40acdfb026a8f,Carlton Pure Blonde Bt 355Ml,0.22,0.37,7.29198075506854e+16,-0.35,-0.72,0.14,1.3015453205388804e+16,-0.11,-0.12
11ef9fa9e84a82e2a54f0acdfb026a8f,Jameson Irish Whisky 700Ml,2.57,2.94,327.82,2.2,4.44,2.22,478.49,2.71,7.73
11ef9fa9e8890a9e98290acdfb026a8f,Canadian Club Whisky Original 37% 1L,4.14,1.54,244.06,-1.5,-3.03,1.08,282.05,1.07,5.55
11ef9fa9e87f0e188eeb0acdfb026a8f,Banrock Station Cabernet Merlot Cask 2L,0.06,0.26,3120883552991536.0,-0.01,-0.02,0.25,8809000621925558.0,0.0,0.05
11ef9fa9e8cee41088dc0acdfb026a8f,Cruiser Double Lemon Lime 6.8% Can 375Ml 24Pk,0.69,2.08,1.072849443755258e+17,-0.5,-1.05,1.6,1.0348467922585557e+17,0.0,0.39
11ef9fa9e8a71048945c0acdfb026a8f,Coldstream Hills Yarra Valley Pinot Noir 750Ml,0.02,0.08,1262419520115975.5,0.01,0.01,0.09,7186092024956853.0,0.02,0.05
11ef9fa9e87efef0819b0acdfb026a8f,Banrock Station Sauvignon Blanc 1L,0.1,0.42,8033668582916117.0,0.03,0.07,0.41,2.2050761860947548e+16,0.06,0.21
11ef9fa9e8f76368bf350acdfb026a8f,Sour Puss Sour Apple 8% 330Ml Can,0.08,0.15,1.437153334882689e+16,-0.07,-0.13,0.09,6165563904654610.0,-0.02,-0.02
11ef9fa9e8567cf0b5c50acdfb026a8f,1800 Reposado Tequila 700Ml,0.06,0.16,2.4085973448339336e+16,0.1,0.2,0.11,2.337105297845536e+16,0.15,0.26
11ef9fa9e8b11cdca00a0acdfb026a8f,Goulbourn Valley Pineapple Juice 1.25L,0.78,1.04,294.32,-0.57,-1.15,0.42,157.32,0.5,1.18
11ef9fa9e8c508f0be670acdfb026a8f,MJ Stoyanova Vodka 150Ml,0.03,0.12,3890720283125221.0,0.02,0.04,0.12,1.1103814053089462e+16,0.02,0.08
11ef9fa9e8934f18976a0acdfb026a8f,Rothmans 20G Ryo Blue Pouch 5Pk,0.02,0.13,5623059990924481.0,-0.02,-0.05,0.1,31210261857622.25,-0.02,-0.02
11ef9fa9e861954ab8450acdfb026a8f,Little Fat Lamb 1.25L Guava,0.02,0.17,7531336415493605.0,0.04,0.08,0.16,1.1239854625417054e+16,0.03,0.08
11ef9fa9e86110f282690acdfb026a8f,Mercury Hard Cider Can 375Ml 30Pk,2.93,2.69,459.19,1.67,3.38,2.85,1077.53,2.89,6.36
11ef9fa9e87530fa9c120acdfb026a8f,Holiday 20S Bright Blue 10Pk,0.63,0.92,154.72,-0.3,-0.6,0.19,31.03,0.45,0.93
11ef9fa9e84a8f80b3680acdfb026a8f,Jim Beam White Bourbon 700Ml,23.05,38.32,479.3,-19.98,-40.34,14.59,282.18,5.14,11.87
11ef9fa9e892e99c96590acdfb026a8f,Hardys VR Chardonnay 1L,9.3,9.33,655.87,-7.79,-15.73,2.04,260.1,2.04,5.11
11ef9fa9e861482487050acdfb026a8f,Singleton Malt Master's Selection Whisky 700mL,0.35,1.0,3.79127911756995e+16,0.11,0.21,1.09,1.627854673131102e+17,0.41,0.87
11ef9fa9e84a0d80a0d80acdfb026a8f,Bundaberg Rum Op 700Ml,0.0,0.09,1366693359573982.5,-0.0,-0.01,0.09,1221067230192758.5,-0.01,-0.01
11ef9fa9e87f1cd29a0f0acdfb026a8f,De Bortoli Prem Pressings Shiraz Cask 4L,0.16,0.66,2.8757407428313444e+16,0.13,0.27,0.71,7.437729893899899e+16,0.18,0.53
11ef9fa9e8f7d3ac8b3c0acdfb026a8f,Classic Brandy 150Ml,0.01,0.04,1494428183833249.2,0.01,0.01,0.05,5350779391958252.0,0.01,0.03
11ef9fa9e86b65b694790acdfb026a8f,Sheep Dog Peanut Butter 50Ml,0.75,0.47,335.19,0.48,0.98,0.62,666.09,0.71,1.59
11ef9fa9e87f3aaa8f4a0acdfb026a8f,Spring Rock Fruity Lexia 4L,0.06,0.11,2.177313812745914e+16,0.09,0.19,0.13,282346633608730.2,0.3,0.44
11ef9fa9e8e31f0cba640acdfb026a8f,Volsk Vodka 1L 6Pk,0.06,0.1,4650901124576661.0,-0.02,-0.04,0.08,9407242048722456.0,0.04,0.06
11ef9fa9e856945683020acdfb026a8f,Makers Mark Bourbon 700mL,2.04,2.65,45.21,2.71,5.47,1.98,29.73,3.45,6.95
11ef9fa9e8f7edba82480acdfb026a8f,Grey Goose Strawberry & Lemongrass 700Ml,0.01,0.09,790612190151403.6,0.0,0.0,0.08,493827502749321.1,0.03,0.05
11ef9fa9e849e7e2be120acdfb026a8f,Bacardi Carta Blanca 700Ml,0.09,0.54,1.2298669864808572e+16,0.06,0.14,0.56,3.643569005941523e+16,0.11,0.32
11ef9fa9e8baf78e9ece0acdfb026a8f,Malibu 1L,0.04,0.17,3321699957688257.0,0.01,0.03,0.17,1.1251987558576776e+16,0.03,0.09
11ef9fa9e8a73b2c9e750acdfb026a8f,Lotte Chum Churum Apple Mango 360Ml 20Pk,0.03,0.03,2028966916668271.0,-0.01,-0.03,0.03,7581043716162003.0,0.0,0.01
11ef9fa9e8571f2ab5d40acdfb026a8f,Smirnoff Ice Double Black 6.5% Bottle,0.09,0.25,1.5870877373033976e+16,0.07,0.14,0.23,1.8800424734627564e+16,0.37,0.46
11ef9fa9e8ed207e93300acdfb026a8f,Smirnoff Ice Lavender 300Ml,0.01,0.03,1972241117376455.5,-0.01,-0.02,0.02,301201959116842.5,0.0,0.01
11ef9fa9e8b15af892190acdfb026a8f,Bombay Sapphire Gin & Tonic Bottle 275ml,1.42,0.83,28.93,1.72,3.48,1.64,77.53,2.65,5.25
11ef9fa9e8b16e8ab3ce0acdfb026a8f,Cruiser Orig Blueberry Btl 275Ml,0.06,0.3,9151873985120222.0,0.01,0.02,0.25,4012761258908193.0,0.09,0.17
11ef9fa9e84a326aaf160acdfb026a8f,Cruiser Bold Berry Bt 275Ml 24Pk,0.47,0.57,5.3390948117675784e+16,0.2,0.41,0.57,1.4299061249815458e+17,0.82,1.66
11ef9fa9e84a362aa2f70acdfb026a8f,Cruiser Wild Raspberry Bt 275Ml,17.49,25.82,1023.43,-18.27,-36.89,16.74,1296.82,14.43,31.84
11ef9fa9e8e33d02bf850acdfb026a8f,Cruiser Sour Grape 4.6% 275Ml,0.17,0.35,2.2237789052589764e+16,-0.1,-0.21,0.25,1.2575862749101718e+16,0.08,0.19
11ef9fa9e84a32baaa440acdfb026a8f,Cruiser Juicy Watermelon 4.6% Bt 275Ml 24Pk,12.56,32.85,207.29,-11.22,-22.66,10.28,39.74,12.18,24.4
11ef9fa9e8570f4ea2c30acdfb026a8f,Woodstock & Cola 4.8% 660Ml 12Pk Bt,0.07,0.29,4148158493037945.5,0.02,0.04,0.3,2.265656985613545e+16,0.02,0.12
11efb1fb66bb950eb02402d8a60509dd,Hennessy VSOP Lunar 2025 Snake 700Ml,0.42,1.16,1.326435588443223e+17,-0.71,-1.57,0.63,1.2089295342285518e+16,-0.22,-0.32
11ef9fa9e8569f96993f0acdfb026a8f,Midori Illusion Bt 275Ml 24Pk,0.06,0.29,4406201636826984.5,-0.01,-0.03,0.27,6310289453652521.0,-0.03,0.02
11ef9fa9e8b1531ebef80acdfb026a8f,Aperol Spritz Rts 9% Btl 200Ml,0.02,1.04,4956577433221455.0,0.03,0.07,1.03,3517276092269912.0,-0.04,0.05
11ef9fa9e86b5562b2810acdfb026a8f,Smiths Crinkle Chicken 170Gm,0.5,0.77,240.82,-0.45,-0.91,0.08,21.31,0.45,0.7
11ef9fa9e89d922a8dd00acdfb026a8f,Bia Hanoi Premium Beer Bt 330Ml,0.38,2.0,9276895388650500.0,0.05,0.1,2.0,7.404907364858931e+16,0.46,0.91
11ef9fa9e8ed5c9c820e0acdfb026a8f,Chingu Soju Lychee 360Ml,0.1,0.5,4.125500851706122e+16,0.18,0.37,0.53,7.292872032900046e+16,0.25,0.47
11ef9fa9e8e2e83e83d80acdfb026a8f,Muhak Good Day Guava Soju Bt 360Ml 20Pk,0.85,1.09,218.65,-0.61,-1.23,0.12,26.24,0.41,1.06
11ef9fa9e87f13c282a10acdfb026a8f,Berri Estate Traditional Dry Red 5L,19.47,7.27,226.44,-6.05,-12.2,13.59,880.98,28.26,45.3
11ef9fa9e8567f70bffe0acdfb026a8f,Jps 30S Blue,0.01,0.17,430022304379852.8,0.0,0.01,0.17,960259269331977.0,0.0,0.03
11ef9fa9e86b1700979a0acdfb026a8f,Carlsberg Green Can 500Ml,0.08,1.17,3366026496308952.5,0.06,0.12,1.17,2.2354425148553668e+16,-0.16,-0.01
11ef9fa9e8a7b660893f0acdfb026a8f,Stoyanova Vodka 700Ml 12Pk,0.03,0.09,509087504952386.6,-0.0,-0.01,0.09,8337189055387706.0,0.03,0.06
11ef9fa9e89d9540bc420acdfb026a8f,Cass Fresh Beer Can 355Ml 24Pk,0.16,0.12,7069633362529144.0,0.02,0.04,0.1,3.6755686731812584e+16,0.18,0.37
11ef9fa9e861170a8dbe0acdfb026a8f,Extra Peppermint Chewy 27Gr,0.01,0.04,305353470966340.7,-0.0,-0.0,0.04,3949803797599816.5,0.01,0.02
11ef9fa9e8895d6e9c460acdfb026a8f,19 Crimes Red Blend 750Ml,1.11,1.06,90.37,0.1,0.21,0.88,91.01,1.5,2.85
11ef9fa9e84a629e89370acdfb026a8f,Hahn Premium Light Bt 375Ml 24Pk,0.07,0.13,1.983321600961699e+16,-0.1,-0.2,0.09,1.048932280729291e+16,-0.05,-0.03
11ef9fa9e8a7423ea9520acdfb026a8f,Muhak Good Day Lychee Soju Bt 360Ml 20Pk,0.08,0.03,1.1269576138415498e+16,0.04,0.09,0.07,2.708684226249539e+16,0.11,0.19
11ef9fa9e8f7e4be82790acdfb026a8f,Chamisul Fresh Soju 360ml,0.37,1.75,4.00896564671674e+16,0.19,0.39,1.67,7.701843565599533e+16,0.33,1.14
11ef9fa9e8f799828b030acdfb026a8f,Martens 4.5% Can 500Ml,0.05,0.21,9295596565929450.0,-0.04,-0.08,0.17,5348322968225164.0,-0.03,-0.01
11ef9fa9e875356ea66e0acdfb026a8f,Charm Malgeun Soju Green Grape  Btl 360Ml,0.04,0.05,4496127365030188.5,-0.02,-0.05,0.02,3219310647014128.5,0.05,0.08
11ef9fa9e8753f6483b20acdfb026a8f,Charm Malgeun Soju Peach  Btl 360Ml,0.04,0.07,4429944666847954.5,-0.02,-0.04,0.05,6898497985453344.0,0.01,0.04
11ef9fa9e8cec8909fce0acdfb026a8f,Fanta Orange 375Ml 24Pk,0.49,0.35,168.75,-0.16,-0.32,0.19,227.7,0.44,0.95
11ef9fa9e8a7aa8a80d00acdfb026a8f,Mj Cosmos Ouzo 700Ml,0.04,0.09,1732226169672111.8,-0.01,-0.02,0.09,9502740151275044.0,0.02,0.07
11ef9fa9e8571610a5db0acdfb026a8f,Yellow Tail Cabernet Sauvignon,0.03,0.25,156835798325465.8,0.01,0.02,0.24,5424352232772696.0,-0.01,0.04
11ef9fa9e87f2da890540acdfb026a8f,Mcwill Royal Reserve Brown Muscat 750Ml,0.01,0.08,664855721976984.6,0.0,0.01,0.08,3099909182489656.5,-0.0,0.01
11ef9fa9e86b42f284740acdfb026a8f,Bic Lighter Mini,0.01,0.05,105635889380594.53,0.0,0.0,0.05,2692866878709080.5,-0.0,0.01
11ef9fa9e84a5326904e0acdfb026a8f,Glenfiddich Single Malt 12Yo 700Ml,2.61,7.62,47.12,5.77,11.67,6.89,39.81,3.26,11.3
11ef9fa9e8a744b4b1360acdfb026a8f,Muhak Good Day Scarlett Grapefruit Soju Bt 360Ml 20Pk,0.07,0.22,1.4579552284917946e+16,-0.06,-0.13,0.16,841874180433505.1,-0.03,0.01
11ef9fa9e8610ae4b5c20acdfb026a8f,Jim Beam White Cola Z/Sugar 4.8% Can 3x10Pk,24.74,12.45,60.9,-1.49,-2.96,13.81,505.82,23.5,45.94
11ef9fa9e86b1f98be490acdfb026a8f,Moon Dog Old Mate Pale Can 330Ml,0.03,0.17,6390917206558868.0,-0.03,-0.06,0.15,1600839347526818.2,-0.01,0.01
11ef9fa9e8619a5ea7130acdfb026a8f,Mercury Hard Cider Rasp Can 375Ml 24Pk,1.6,0.61,94.46,-0.23,-0.45,1.02,167.43,1.17,2.65
11ef9fa9e8d943f69db40acdfb026a8f,Hardys Vr Cabernet Sauvignon 1L,2.38,2.93,692.61,4.11,8.32,2.39,481.29,2.06,3.11
11ef9fa9e8bb68cc85ad0acdfb026a8f,Furphy Crisp Lager Can 375Ml,2.09,3.14,1.3420526367598615e+18,5.73,11.78,4.87,1.913065447618001e+18,8.35,15.97
11ef9fa9e892ea5ab85e0acdfb026a8f,Hardys VR Sauvignon Blanc 1L,0.17,0.25,2.6105884033977364e+16,0.09,0.18,0.29,7.975432337107773e+16,0.27,0.62
11ef9fa9e8f7641c88150acdfb026a8f,Sour Puss Sour Watermelon 8% 330Ml Can,0.07,0.38,2127138590193297.8,-0.0,-0.01,0.37,1.0672949520318828e+16,0.0,0.08
11ef9fa9e8896b248b010acdfb026a8f,Fat Bastard Chardonnay 750Ml,0.56,0.72,115.8,-0.1,-0.21,0.17,25.49,0.65,1.21
11ef9fa9e856cce6a0250acdfb026a8f,Smirnoff Ice Double Black 6.5% Zero Sugar Can 375M Ctn,0.81,0.71,116.22,0.33,0.66,0.94,328.35,1.4,2.47
11ef9fa9e84a2ec89c6b0acdfb026a8f,Cougar Bourbon 700Ml,0.02,0.04,3122370393106672.5,0.01,0.03,0.04,6196503838571918.0,0.03,0.06
11ef9fa9e86b283a993b0acdfb026a8f,Coopers Sparkling 375Ml Can,5.72,4.3,502.03,2.05,4.15,3.91,1388.03,8.84,14.7
11ef9fa9e8c49410aa6a0acdfb026a8f,Sprite 375Ml Can,0.82,0.2,43.66,0.08,0.16,0.7,194.7,0.76,1.42
11ef9fa9e86b9e28ab930acdfb026a8f,Balter XPA Can 375mL,9.31,9.75,871.52,-8.73,-17.62,1.36,205.29,2.11,8.89
11ef9fa9e8e2ddd0bfa50acdfb026a8f,Yellow Tail Jammy Red 750Ml,0.02,0.08,2706950515019713.5,0.01,0.02,0.08,8634006004940964.0,0.03,0.07
11ef9fa9e893507695c50acdfb026a8f,White Ox 50G,0.36,0.57,115.04,0.03,0.07,0.14,31.72,0.52,0.8
11ef9fa9e8ff641ea96a0acdfb026a8f,Johnnie Walker Black Cola 6% 375Ml Can 3x10Pk,3.32,1.52,44.82,0.15,0.3,1.85,302.75,2.66,6.27
11ef9fa9e874cfde85880acdfb026a8f,Champion 25G Legendary Ruby 10Pk,0.04,0.06,2362795526521496.5,-0.01,-0.03,0.05,5714203921307729.0,0.01,0.03
11ef9fa9e8f75ff8922a0acdfb026a8f,Carlton Dry Mid Can Block 375mL,57.69,24.61,54.85,81.59,165.07,44.02,90.67,77.01,148.04
11ef9fa9e89d2470b8100acdfb026a8f,Penfolds Bin 28 Kalimna Shiraz 20 750Ml,0.02,0.11,6016287967965387.0,-0.03,-0.06,0.1,4270403512045314.0,-0.02,-0.01
11ef9fa9e856ac3ebc230acdfb026a8f,Oyster Bay Sauvignon Blanc 750ml,7.87,16.85,176.11,-4.49,-9.07,6.36,43.28,9.03,14.95
11ef9fa9e893053aa8700acdfb026a8f,Seahorse Bay Moscato 750Ml,0.01,0.17,1043429483069703.1,0.0,0.0,0.17,955244029756712.2,-0.01,-0.0
11ef9fa9e8f7bd7cafea0acdfb026a8f,Mercury Double Cider 10% Can 250Ml 24Pk,2.41,1.58,261.78,-0.95,-1.92,0.97,390.52,1.17,1.85
11ef9fa9e8f7b5f2bf730acdfb026a8f,Gift Bags Asst Sngl Design,0.01,0.01,947235714681215.6,-0.01,-0.01,0.01,718001097168867.0,0.01,0.02
11ef9fa9e8ece35c8dc40acdfb026a8f,Chingu Soju Peach 360Ml,0.08,0.11,3.527057829297543e+16,0.15,0.3,0.19,6.186152503794982e+16,0.24,0.46
11ef9fa9e8a74298b0eb0acdfb026a8f,Muhak Good Day Mango Soju Bt 360Ml 20Pk,0.09,0.14,2.609865782585246e+16,-0.13,-0.27,0.04,1084885306545138.6,-0.07,-0.11
11ef9fa9e8ed5c42bd1c0acdfb026a8f,Chingu Soju Green Grape 360Ml,0.03,0.04,1.4654034660698212e+16,0.06,0.12,0.06,2.367626824527908e+16,0.1,0.19
11ef9fa9e874e15eb7fa0acdfb026a8f,Sour Puss Grape 700Ml Bt,0.06,0.33,6542147736073262.0,0.04,0.08,0.35,2.170586077674619e+16,0.06,0.17
11ef9fa9e856cac08b100acdfb026a8f,Sierra Tequila Reposado Gold 700Ml,0.12,0.17,9953928104004492.0,0.03,0.07,0.16,3.206173395601045e+16,0.16,0.34
11ef9fa9e84a6e928bf60acdfb026a8f,Jack Daniels & Cola Can 330Ml 24Pk Cube,0.12,0.7,1.172395978560236e+16,-0.04,-0.08,0.64,1.035752413128846e+16,-0.02,0.13
11ef9fa9e8b0e956a18c0acdfb026a8f,16 Shots Bucket Little Fat Lamb 30Ml 16*6Pk,0.13,0.13,5.7084049345931736e+16,0.11,0.23,0.27,1.209778500138885e+17,0.26,0.53
11ef9fa9e888efd2941d0acdfb026a8f,Yellow Tail Semillon Sauvignon Blanc 750Ml,0.04,0.09,407430055085316.2,-0.0,-0.01,0.1,1.2393621031425882e+16,0.02,0.08
11ef9fa9e8a7761e93cc0acdfb026a8f,Jacobs Creek Double Barrel Shiraz 750Ml,0.18,2.08,8712874455678762.0,0.07,0.15,2.09,4.7827337586892296e+16,-0.21,0.07
11ef9fa9e84a7ccaadae0acdfb026a8f,Jacobs Creek Twin Pickin Sauv Blanc Moscat Bottle,0.01,0.09,578615484693568.1,-0.0,-0.0,0.08,1051723561427232.6,0.0,0.01
11ef9fa9e89d67e6b5de0acdfb026a8f,Dewars White Label Scotch Whisky 1L,7.39,11.12,3896.21,-11.85,-23.94,4.78,1524.64,0.52,-3.46
11ef9fa9e84a1406a1090acdfb026a8f,Canadian Club & Dry 4.8% Bt 330Ml 24Pk,0.49,1.8,1.0528636558415612e+16,-0.03,-0.07,1.85,1.042353182916878e+17,0.17,0.69
11ef9fa9e84a8bde9a200acdfb026a8f,Jim Beam White & Cola Bt 330Ml 24Pk,0.58,0.12,4.374272024865143e+16,0.12,0.24,0.63,2.0075709586747206e+17,0.82,1.45
11ef9fa9e84a331483cd0acdfb026a8f,Cruiser Lush Guava Bt 275Ml 24Pk,13.2,12.41,2541.17,-9.68,-19.56,12.67,4315.17,6.74,15.82
11ef9fa9e84a34188ee70acdfb026a8f,Cruiser Pure Pineapple Bt 275Ml 24Pk,8.39,8.04,40.86,8.3,16.79,5.59,34.52,12.34,25.42
11ef9fa9e86109c2997c0acdfb026a8f,Cantina Tequila 700Ml,0.1,0.1,4110226806683730.5,-0.02,-0.05,0.12,2.847860463820217e+16,0.1,0.13
11ef9fa9e849e242beb80acdfb026a8f,Alize Bleu Passion 750Ml,2.16,5.21,235.35,-2.49,-5.03,0.6,29.09,1.58,3.81
11ef9fa9e8567bc496d80acdfb026a8f,Johnnie Walker Red Min 50Ml,0.02,0.06,3985644823841967.0,-0.02,-0.04,0.04,1319816021650894.8,-0.0,-0.0
11ef9fa9e8ed59cc87a40acdfb026a8f,Victoria Bitter Low Carb 4.9% 375Ml Bottle 24Pk,3.05,2.95,1359.43,-2.38,-4.8,0.73,789.84,0.44,1.1
11ef9fa9e8891750a4600acdfb026a8f,Ventti Filter Super Slim Blue 16Pk,0.01,0.04,1539003548306569.2,-0.01,-0.01,0.03,665797721323106.1,-0.0,-0.0
11ef9fa9e88905d092360acdfb026a8f,Patron Silver 700Ml 6Pk,0.02,0.34,918387489888835.4,0.0,0.01,0.34,4769971131637294.0,-0.03,0.01
11ef9fa9e8b170f68c750acdfb026a8f,Divas Sugilite Pommy Bt 330Ml,0.02,0.06,390328258342305.5,0.0,0.0,0.07,7249020905241183.0,0.02,0.03
11ef9fa9e8619bd094df0acdfb026a8f,Brookvale Union Vodka Peache Ice Tea 330Ml Can,0.15,0.46,1.474338178537614e+16,-0.07,-0.15,0.39,1.8158993797170892e+16,0.09,0.2
11ef9fa9e8753b2c98bb0acdfb026a8f,Beef Jerky 80G,0.33,3.0,5436131959983012.0,0.04,0.08,3.02,7.766937824533762e+16,-0.1,0.21
11ef9fa9e8c51f5282b50acdfb026a8f,Fanta Orange Btl  2L 8Pk,0.72,0.7,74.87,0.31,0.62,0.08,7.85,0.83,1.79
11ef9fa9e8ed391aa5400acdfb026a8f,Crown Crusader Pty Bkt 28X30ml,0.03,0.17,9795034862386510.0,-0.04,-0.08,0.13,2788988871721930.0,-0.04,-0.06
11ef9fa9e8e2e898ba450acdfb026a8f,Muhak Good Day Mint Chocolate 360Ml,0.0,0.05,255301261395594.12,0.0,0.0,0.05,168226300210073.6,0.0,0.01
11ef9fa9e86b3bd691730acdfb026a8f,1800 Silver Tequila 700Ml,0.04,0.17,2431352889507094.0,0.01,0.02,0.17,1.1502275474317804e+16,0.03,0.08
11ef9fa9e8eccfde80350acdfb026a8f,Little Creatures Mystic Haze Juicy Xpa 4.6% 375Ml,0.03,0.62,4.049311377858164e+16,0.22,0.45,0.63,4.660626061903113e+16,0.54,0.89
11ef9fa9e8a7af1283350acdfb026a8f,Royal Empire Whiskey 700ml,0.01,0.04,420942630314423.9,-0.0,-0.01,0.04,2275086680636461.0,0.01,0.02
11efad2bffb5a5ee8c2502d8a60509dd,Penfolds St Henri 2020 750Ml,0.03,0.17,518213789624079.3,0.0,0.01,0.16,3594201653085119.5,0.0,0.05
11ef9fa9e8891a2aab8f0acdfb026a8f,Beef Jerky Stripe 200G,0.24,0.55,1.2031279211433504e+16,-0.06,-0.11,0.56,5.666485860104476e+16,0.08,0.31
11ef9fa9e86b374ead6f0acdfb026a8f,Dee Vine Estate Fruity Lexia 4L,0.3,0.28,110.23,-0.15,-0.32,0.08,33.33,0.5,0.75
11ef9fa9e8e2f16299d40acdfb026a8f,Balter Cerveza Bt 355Ml 24Pk,1.63,3.06,1715.18,-2.57,-5.19,0.53,203.67,0.36,1.39
11ef9fa9e8bb716eb03d0acdfb026a8f,Red Bitter Can Block 375Ml,0.14,0.38,6.422351505168102e+16,-0.33,-0.72,0.07,7531272253414642.0,-0.02,-0.03
11ef9fa9e84a4584aacc0acdfb026a8f,Fireball Cinnamon Whisky 700Ml,11.28,19.2,7773.83,21.76,44.0,22.6,7993.12,20.61,43.87
11ef9fa9e8569af08a750acdfb026a8f,Melbourne Bitter Bt 750Ml,9.05,3.52,258.14,-0.35,-0.69,12.14,3155.33,10.89,19.91
11ef9fa9e8cee712b3480acdfb026a8f,Capi Dry Tonic Water Bottle 250ml,0.0,0.04,428522094132010.2,-0.0,-0.0,0.04,624566806145259.6,-0.0,0.01
11ef9fa9e84a3a448d4e0acdfb026a8f,Dimple Scotch 12Yo 700Ml,2.4,4.22,376.21,-2.79,-5.63,0.48,58.72,1.73,2.91
11ef9fa9e874e9f68f920acdfb026a8f,Bundaberg Up Campfire Cn,0.09,0.31,1.2879708686623804e+16,-0.06,-0.13,0.26,1.2150951203339912e+16,-0.03,-0.01
11ef9fa9e8b1709ca94e0acdfb026a8f,Divas Sapphire Blueberry Btl 330Ml,0.03,0.1,3851737007947894.5,0.02,0.04,0.11,1.2099632332419704e+16,0.03,0.09
11ef9fa9e84a255eb8c10acdfb026a8f,Cinzano Extra Dry Vermouth 1L,0.01,0.08,283699339456156.4,0.0,0.0,0.08,418378088234219.94,0.0,0.02
11ef9fa9e86b96808ae90acdfb026a8f,Billsons Passionfruit Cn,0.02,0.04,4234062697977153.0,-0.02,-0.04,0.02,1920454742425147.8,-0.0,-0.0
11ef9fa9e86ba5c6bd4f0acdfb026a8f,Jameson Raw & Cola 6.3% Can 375Ml 3x10Pk,5.21,2.42,141.55,3.59,7.27,3.59,215.56,4.84,11.43
11ef9fa9e84a20cca53b0acdfb026a8f,Chandon Brut Nv 750Ml,7.13,12.75,373.08,-7.61,-15.36,3.59,156.1,2.48,6.12
11ef9fa9e8e33d528f400acdfb026a8f,Cruiser Double Low Sugar Passionfruit Can 375Ml,0.08,0.42,305605476180434.25,0.01,0.01,0.43,2.0047065079709036e+16,-0.01,0.06
11ef9fa9e856dd58bbe10acdfb026a8f,Somersby Apple Cider Bt 330Ml 24Pk,4.02,11.42,151.8,-1.05,-2.12,6.44,54.26,4.53,9.06
11ef9fa9e8baeb36afe50acdfb026a8f,Divas Vkat Raspberry 700Ml 12Pk,0.04,0.12,2087275532752905.8,0.01,0.02,0.13,1.2765091169531186e+16,0.02,0.08
11ef9fa9e8b11c28a78a0acdfb026a8f,Goulbourn Valley Cranberry Juice 1.25L,0.05,0.1,2799771088529002.5,-0.02,-0.03,0.08,5925587722608009.0,0.05,0.07
11ef9fa9e849ffc085b40acdfb026a8f,Brown Brothers Dolcetto & Syrah,0.09,1.33,1409443398650512.2,0.05,0.1,1.33,1.7966636850101976e+16,-0.28,-0.11
11ef9fa9e8b11c8286f40acdfb026a8f,Goulbourn Valley Orange Juice 1.25L,0.75,0.71,86.98,0.03,0.06,0.72,279.79,0.71,1.4
11ef9fa9e8e2d3c691310acdfb026a8f,Hahn Super Dry Can 375Ml 24Pk,0.43,0.87,1.1032475318415342e+17,-0.53,-1.09,0.49,4346321954152829.5,-0.26,-0.22
11ef9fa9e8e32b82880a0acdfb026a8f,Billsons Twister Vodka 355Ml,0.01,0.07,1161385857510416.5,-0.0,-0.01,0.06,1779215282335821.0,0.0,0.01
11ef9fa9e86116b080e00acdfb026a8f,Extra Strawberry Chewy 27Gr,0.02,0.06,166979544358829.97,-0.0,-0.0,0.06,3303848485958495.5,-0.0,0.02
11ef9fa9e8616a528a3e0acdfb026a8f,Stone & Wood Pacific Ale Bt 330Ml,4.1,5.66,109.1,-0.26,-0.52,1.14,21.91,5.19,9.95
11efb1fabb0fd8d2a38402134caa4f9f,Hennessy XO Lunar 2025 Snake 700Ml,0.16,0.43,7.500052379944883e+16,-0.35,-0.73,0.12,6851452467892888.0,-0.16,-0.25
11ef9fa9e8b14edcb8ba0acdfb026a8f,Divas Glades Melon 700Ml,0.01,0.09,2244218538240841.0,-0.01,-0.02,0.08,1455971377022250.8,-0.0,0.01
11ef9fa9e8e2df3880c50acdfb026a8f,Third Wave Dark Rum,0.01,0.04,3189218142645515.5,0.02,0.03,0.04,4014265490383517.0,0.03,0.07
11ef9fa9e8a761d880200acdfb026a8f,Hardys VR Shiraz 1L,4.78,1.37,347.34,1.29,2.62,2.29,232.84,2.0,2.4
11ef9fa9e856ee24bc220acdfb026a8f,Tia Maria 700Ml,0.01,0.18,2041667541690290.5,-0.01,-0.01,0.17,565196987386473.9,-0.01,-0.01
11ef9fa9e84a48a48c550acdfb026a8f,Frangelico 700Ml,0.02,0.25,610832597223277.0,0.01,0.02,0.25,1986505851562129.8,0.01,0.05
11ef9fa9e856a04a967f0acdfb026a8f,Midori Melon Liqueur 700Ml,0.01,0.08,353289848174981.75,-0.0,-0.0,0.08,1734703507773865.8,0.0,0.02
11ef9fa9e8f7e9e6ac2b0acdfb026a8f,Baron De Rothberg French Brut Nv 750Ml,0.01,0.09,2099580406372997.8,-0.01,-0.02,0.09,1304930301811633.8,-0.0,-0.0
11ef9fa9e87eff4a90e10acdfb026a8f,True Illusions Procecco 750Ml,0.02,0.11,5365706112649601.0,-0.02,-0.05,0.09,494634623192303.6,-0.02,-0.01
11ef9fa9e8571a209b170acdfb026a8f,Yellowglen Yellow Sparkling 750Ml,4.96,7.46,516.32,-5.74,-11.58,1.53,105.19,1.09,2.2
11ef9fa9e89d1e62a6050acdfb026a8f,Penfolds Koonunga Hill Shiraz Cabernet 750Ml,0.11,0.16,2.2805687281221384e+16,0.1,0.2,0.19,4.601818444024613e+16,0.16,0.4
11ef9fa9e86b88fc9ea30acdfb026a8f,Kronenbourg 1664 Btl 330Ml 24Pk,0.03,0.26,2362582857734911.5,-0.01,-0.01,0.25,6861910470468611.0,-0.02,0.01
11ef9fa9e856d4a28e7a0acdfb026a8f,Smiths Crinkle Bbq 170G,0.02,0.05,795899385754551.5,-0.0,-0.01,0.04,4817818980104544.0,0.02,0.04
11ef9fa9e84a05ba84fc0acdfb026a8f,Buffalo Trace Bourbon 700Ml,0.08,0.08,5991057525542688.0,0.03,0.05,0.1,3.1579903360213788e+16,0.1,0.22
11ef9fa9e87f470295b50acdfb026a8f,Brancott Est Marlborough Sauvignon Blanc 750Ml,0.01,0.09,825427848371993.4,-0.0,-0.0,0.08,132328843293289.06,-0.0,0.0
11efa162a8ccbe049f5b06fb1ac4ad25,Entertainers Mixed 10pk 375ml,0.04,0.19,4243633656284277.5,-0.01,-0.03,0.18,4297395287377584.5,0.05,0.08
11ef9fa9e856cc82a1a50acdfb026a8f,Smirnoff Ice Double Black 6.5% Guara Can 250Ml Ctn,0.09,0.08,6958076266840284.0,0.02,0.04,0.1,3.1178291096268544e+16,0.1,0.21
11ef9fa9e8ece3b6a0b30acdfb026a8f,Chingu Soju Watermelon 360Ml,0.04,0.5,2.2047933668769388e+16,0.11,0.23,0.51,3.055432940625048e+16,0.08,0.22
11ef9fa9e8e3536e80d70acdfb026a8f,True Illusion Sauvignon Blanc 750Ml,0.01,0.08,1404016494108673.0,0.01,0.02,0.09,2808476622418765.0,0.01,0.03
11ef9fa9e86b9edcbe590acdfb026a8f,Sour Puss Green Apple 700Ml Bt,0.06,0.25,7094093800008389.0,0.03,0.07,0.25,1.6744832161576684e+16,0.06,0.16
11ef9fa9e89d710a88d70acdfb026a8f,Macallan Sherry Oak 12Yo 700Ml 6Pk,0.03,0.08,199990029182461.3,0.0,0.0,0.08,7172089857424092.0,0.01,0.04
11ef9fa9e8bb2a60b4a80acdfb026a8f,Patron Reposado Tequilas 700Ml,0.01,0.08,394291855793661.94,0.0,0.01,0.08,1429124615255455.2,0.01,0.03
11ef9fa9e84a3684b5160acdfb026a8f,Cruiser Zesty Lemon Lime Bt 275Ml 24Pk,8.37,26.69,380.63,-15.18,-30.67,7.83,56.11,5.11,8.73
11ef9fa9e86b1f34b6e50acdfb026a8f,Moon Dog Lager can 330Ml,0.01,0.14,3744212645081792.0,-0.02,-0.03,0.13,2055761115414825.8,-0.02,-0.02
11ef9fa9e8e2dedea04c0acdfb026a8f,19 Crimes Cali Gold Sparkling 750Ml,0.01,0.09,2490073293074994.0,-0.01,-0.02,0.09,803684396752874.8,-0.01,-0.0
11ef9fa9e88935aa80630acdfb026a8f,Rothmans 25S Gold 8Pk,0.01,0.07,993871944115842.8,-0.0,-0.01,0.06,799091739447560.5,-0.01,0.01
11ef9fa9e84a62448dcf0acdfb026a8f,Guinness Extra Stout Bottle 375ml 24pk,1.48,0.71,230.24,0.89,1.81,1.69,436.92,2.37,4.27
11ef9fa9e8cee3b69a6b0acdfb026a8f,Cruiser Double Guava 6.8% Can 375Ml 24Pk,2.23,0.91,288.7,-1.03,-2.07,1.7,669.37,0.95,1.34
11ef9fa9e856af0489550acdfb026a8f,Passion Pop Original 750mL,1.56,6.13,3.624274796402367e+17,1.68,3.45,6.51,7.941911365639219e+17,2.46,5.44
11ef9fa9e87f4b8a88360acdfb026a8f,Stanley Traditional Dry Red 4L,0.02,0.28,6260324418750678.0,-0.02,-0.04,0.26,631940901531717.2,-0.02,-0.02
11ef9fa9e86b351eb3c90acdfb026a8f,Yellow Tail Prosecco 750Ml Bt,0.03,0.19,4464438976959266.5,-0.02,-0.03,0.17,65295798483687.29,-0.02,0.01
11ef9fa9e8baeeecb1930acdfb026a8f,Singha Beer Bottle,0.25,0.67,5999739765163962.0,0.02,0.04,0.72,6.8421952286894264e+16,0.16,0.55
11ef9fa9e8baebe0aeb50acdfb026a8f,Peroni Red Bottle 330ml,10.32,12.78,174.59,23.63,47.78,11.33,146.46,24.88,47.79
11ef9fa9e856a43c9a4d0acdfb026a8f,Monkey Shoulder Scotch Whisky 700Ml,0.13,0.09,3.78927982721427e+16,0.14,0.3,0.16,5.3306674050272424e+16,0.32,0.59
11ef9fa9e84a57e0b1810acdfb026a8f,Gossips Cabernet Sauvignon 750Ml,27.56,29.28,566.98,-8.7,-17.53,19.32,1166.98,73.95,94.71
11ef9fa9e8a743f6ad560acdfb026a8f,Muhak Good Day Pomegrante Soju Bt 360Ml 20Pk,0.07,0.08,1.2080668779595554e+16,-0.06,-0.12,0.02,1369595742203236.5,-0.0,0.01
11ef9fa9e8c51bcea3990acdfb026a8f,N Vodka 700Ml,1.15,0.79,157.51,-0.46,-0.93,0.76,189.4,1.02,1.92
11ef9fa9e861a1d4805c0acdfb026a8f,Jack Daniels Black Label 500Ml,0.03,0.09,893808056122856.9,-0.01,-0.01,0.09,7587766833676970.0,0.02,0.05
11ef9fa9e8a783ca8e680acdfb026a8f,Courvoisier XO Cognac 700Ml,0.04,0.1,3813949965116074.0,-0.02,-0.04,0.09,4271622451686069.0,-0.0,0.03
11ef9fa9e8ed0ef4a1d30acdfb026a8f,Gordons Tropical Passionfruit 700Ml,0.04,0.28,7540224696189100.0,-0.03,-0.06,0.26,1054191230130859.8,-0.04,-0.01
11ef9fa9e849ebb680010acdfb026a8f,Baileys Irish Cream 700Ml,0.44,0.59,140.98,-0.16,-0.33,0.07,17.06,0.56,1.21
11ef9fa9e86b2894a0e20acdfb026a8f,Stone & Wood Pacific Ale Can 16pk 375Ml,4.57,3.61,819.01,3.51,7.1,3.47,1120.91,1.14,2.06
11ef9fa9e8751174be5d0acdfb026a8f,Mercury Hard Cider Black Currant 375Ml 24Pk,1.46,1.1,118.07,-0.3,-0.6,0.28,38.98,0.91,1.86
11ef9fa9e8a77f428cd70acdfb026a8f,Cruiser Longneck Phat Guava 600Ml,3.36,1.77,696.14,-1.53,-3.09,2.94,2314.91,1.43,3.15
11ef9fa9e8e311c4b1f30acdfb026a8f,Cruiser Longneck Thick Pineapple 600Ml,3.76,1.69,47.62,0.81,1.65,5.06,231.85,2.42,6.25
11ef9fa9e84a4106a8660acdfb026a8f,El Jimador Tequila Reposado 700Ml,0.08,0.5,123654528591246.88,0.01,0.02,0.49,1.2484837170558866e+16,-0.01,0.06
11ef9fa9e893549ab2650acdfb026a8f,Winfield 30S Gold Original 6Pk,0.01,0.34,792800586045958.4,0.01,0.02,0.33,940083321538116.2,-0.0,0.09
11ef9fa9e89da152b1150acdfb026a8f,Banrock Station Crimson Cabernet 1L,0.02,0.09,2175792402979611.0,-0.01,-0.02,0.09,3253413658530368.0,0.01,0.05
11ef9fa9e8ff6db091e90acdfb026a8f,Brookvale Mixed Can 10Pk Can330ml,0.11,1.53,5890724632477351.0,0.04,0.07,1.49,1.5385023642986132e+16,-0.17,-0.01
11ef9fa9e87f0f26ad7d0acdfb026a8f,Banrock Station Sauvignon Blanc Cask 2L,0.03,0.11,5151915354213732.0,-0.02,-0.05,0.08,1749497299049106.8,-0.01,-0.02
11ef9fa9e8934644866e0acdfb026a8f,Choice 20S Signature Blonde Blend 10Pk,0.01,0.07,3381429917978742.0,-0.01,-0.03,0.05,1523274346132676.0,-0.0,-0.01
11ef9fa9e8613df2972e0acdfb026a8f,Jacobs Creek Double Barrel Shiraz Cabernet 750Ml,0.05,0.17,2278592355226683.0,0.01,0.02,0.15,8214096766392817.0,0.05,0.1
11ef9fa9e849e0da9def0acdfb026a8f,Absolut Vodka Vanilla 700Ml,0.02,0.17,129539186909010.06,0.0,0.0,0.17,3661437533109825.0,-0.0,0.03
11ef9fa9e8f794c8a3fa0acdfb026a8f,Smirnoff Ice Double Black Raspberry Crush 375Ml 30Pk,2.79,1.5,75.78,-0.11,-0.22,5.67,631.63,2.19,5.9
11ef9fa9e8f753328e230acdfb026a8f,Rumours Chardonnay 750Ml,2.12,0.68,57.74,1.94,3.92,6.09,560.73,2.61,5.76
11ef9fa9e861aa80bfd50acdfb026a8f,Rumours Rose 750Ml,0.12,0.08,2.6819221412466176e+16,0.12,0.24,0.16,4.927463662095208e+16,0.37,0.51
11ef9fa9e86b3b7c9e010acdfb026a8f,Belvedere Vodka 700Ml,2.39,1.45,88.36,3.69,7.46,2.1,109.97,4.2,8.11
11ef9fa9e8ed7948ab110acdfb026a8f,333 Beer Loose Bottle 330mL,1.07,1.59,2.0750881743191224e+16,-0.11,-0.22,1.55,1.8837638172755274e+17,0.75,1.81
11ef9fa9e8b12e5cab710acdfb026a8f,Perrier Bt 750Ml,0.29,1.12,1.816165489939987e+16,0.07,0.15,1.17,9.149691093858102e+16,0.29,0.64
11ef9fa9e84a3ddca2060acdfb026a8f,Eaglehawk Cabernet Sauvignon,0.08,0.25,1.647359366128925e+16,0.06,0.13,0.25,3.753740214865122e+16,0.1,0.25
11ef9fa9e8f7b7a0a3660acdfb026a8f,Skrewball Pntbut Wsk Mins 50Ml,0.06,0.15,5941818735525063.0,-0.03,-0.06,0.11,4652757764735425.0,0.02,0.07
11ef9fa9e8bb4dd8adb50acdfb026a8f,White Ox 25G,0.05,0.2,1109938803091224.2,0.01,0.01,0.2,9330956447682010.0,0.02,0.12
11ef9fa9e87f1b6aa5bb0acdfb026a8f,De Bortoli Prem Chardonnay Cask 4L,0.05,0.33,5319877253638675.0,0.03,0.06,0.33,1.4956339992776596e+16,0.02,0.09
11ef9fa9e8a78816b59b0acdfb026a8f,Martell Cognac Cordon Bleu 700Ml,0.06,0.56,3732687605157882.0,-0.01,-0.01,0.53,3730846354202726.5,-0.01,0.05
11ef9fa9e8f7887aa95c0acdfb026a8f,Espolon Teq Spk Marg 330Ml,0.04,0.26,2442293864461135.5,-0.01,-0.02,0.25,5730309555624470.0,-0.03,0.0
11ef9fa9e8893ed891420acdfb026a8f,Black Dog Triple Gold Reserve 750Ml 6Pk,0.0,0.09,619373206618983.8,-0.0,-0.0,0.08,51260163023117.24,-0.0,0.0
11ef9fa9e89d90cc9b290acdfb026a8f,Black Dog Centenary Black Reserve 12Pk,0.0,0.04,1290767371778.12,0.0,0.0,0.04,1218744831077704.8,0.0,0.01
11ef9fa9e89d23bc8f410acdfb026a8f,Penfolds Bin 389 Cabernet Shiraz Vintage Batch 2013,0.01,0.1,2743150773278449.0,-0.01,-0.03,0.09,936992151943056.9,-0.0,0.01
11ef9fa9e8f7d12cbb2b0acdfb026a8f,Hard Rated Lemon 4.5% Can 375ml Block 30Pk,1.25,1.43,1.7648936141216013e+17,0.56,1.23,1.7,5.961671021125324e+17,2.14,5.29
11ef9fa9e84a0074842e0acdfb026a8f,Brown Brothers Moscato 750mL,4.97,3.01,75.42,-0.31,-0.63,9.21,3456.77,3.77,14.11
11ef9fa9e8bb63408d890acdfb026a8f,De Bortoli Woodfired Heathcote Shiraz 750Ml,0.1,0.17,795784944004816.2,-0.0,-0.0,0.19,2.626116874386371e+16,0.07,0.2
11ef9fa9e857213c83370acdfb026a8f,Somersby Apple Can 375Ml 30Pk,6.49,7.47,330.65,11.51,23.28,7.26,425.12,10.32,27.75
11ef9fa9e8b185c881e30acdfb026a8f,Little Fat Lamb 28 Shot Bucket 30Ml,0.15,0.13,6658116123560388.0,0.01,0.02,0.12,3.382771356029203e+16,0.2,0.36
11ef9fa9e892d470a6710acdfb026a8f,Giesen Chardonnay 750ml,0.04,0.09,2216494328635155.8,-0.01,-0.03,0.08,6183980006895424.0,0.01,0.04
11ef9fa9e87f756087330acdfb026a8f,De Bortoli Scared Hill Moscato 750Ml,0.02,0.05,2003956842536998.8,-0.01,-0.02,0.04,780549486207453.2,0.01,0.03
11ef9fa9e875418a81b10acdfb026a8f,Charm Malgeun Soju Strawberry Btl 360Ml,0.02,0.05,2415030292137147.0,0.01,0.02,0.05,7244025259283777.0,0.02,0.05
11ef9fa9e84a76e48b6d0acdfb026a8f,Jacobs Creek Cabernet Merlot 750Ml,0.04,0.04,1696978536440732.8,0.01,0.01,0.04,1.3856766356867184e+16,0.04,0.08
11ef9fa9e856c7e694040acdfb026a8f,Russian Standard Original 700Ml 6Pk,0.03,0.1,3068099665672023.0,-0.01,-0.03,0.08,3098897882583901.0,-0.01,0.0
11ef9fa9e8e347ca8fb70acdfb026a8f,Nicotine Pouch 8Mg - 20Mg 10Pk,0.01,0.0,1293241112950780.0,0.0,0.01,0.01,4651335919500884.0,0.01,0.02
11ef9fa9e861470cba930acdfb026a8f,Somersby Watermelon Bt,0.02,0.1,3524879333715939.0,-0.02,-0.03,0.08,102344488844900.77,0.02,0.03
11efa6e2a43671209e260258d339bd15,Nera Paiko Still Water 500Ml,0.04,0.1,7768227065809348.0,-0.03,-0.07,0.07,2488107379781658.5,0.06,0.09
11ef9fa9e856b27e8d5e0acdfb026a8f,Pepperjack Barossa Shiraz 750Ml,15.32,20.93,1848.83,-12.24,-24.71,10.63,2271.62,-0.36,-0.75
11ef9fa9e856865ab4200acdfb026a8f,Lindemans Bin 50 Shiraz 750ml,0.02,0.17,127426261920092.31,0.0,0.01,0.16,1697785940353078.2,0.01,0.03
11ef9fa9e8a74130931b0acdfb026a8f,Muhak Good Day Calamansi Soju Bt 360Ml 20Pk,0.01,0.06,1404744910439040.2,-0.0,-0.01,0.05,86308024905083.8,-0.01,-0.01
11ef9fa9e8a7434c865b0acdfb026a8f,Muhak Good Day Pineapple Soju Bt 360Ml 20Pk,0.77,0.7,147.26,-0.29,-0.59,0.09,19.48,0.61,1.21
11ef9fa9e8937d8a9fe50acdfb026a8f,Divas Glades Orange 700Ml,0.01,0.09,1545325736971433.5,-0.01,-0.01,0.09,1505053597313623.8,0.01,0.02
11ef9fa9e89d4b6ca40f0acdfb026a8f,Little Giant Shiraz 750Ml,0.09,0.25,1.4105523775842624e+16,0.06,0.12,0.24,3.3806255334005744e+16,0.13,0.28
11ef9fa9e8f7afb2a8690acdfb026a8f,Six Fields Cult Finest Strong Wheat Beer 6% Can 500Ml,0.02,0.16,1.6536888482498024e+16,0.08,0.16,0.17,2.479864297808168e+16,0.12,0.22
11ef9fa9e8ed400e86ef0acdfb026a8f,Cruiser Double Blackcurrant Low Sugar 6.8% 375Ml Can 24Pk,0.82,1.92,162.91,-0.56,-1.12,0.7,62.27,0.68,1.43
11ef9fa9e856c94e9e700acdfb026a8f,Scotchmans Hill Shiraz,0.01,0.08,104702580594564.2,0.0,0.0,0.08,3143553727792928.5,0.0,0.01
11ef9fa9e8a70922b8ad0acdfb026a8f,Buller Wines The Nook Pinot Noir 750Ml,0.09,0.04,1.2173939008014554e+16,0.05,0.1,0.12,3.825908461809696e+16,0.12,0.29
11ef9fa9e8cef46ea3520acdfb026a8f,Cruiser S/Free Melon Lime 24Pk,0.02,0.11,5536071308262651.0,-0.02,-0.05,0.09,157579789411677.06,-0.03,-0.03
11ef9fa9e8ed042c8ce80acdfb026a8f,Stone & Wood Green Coast Lager Btl 330Ml 24Pk,0.69,1.08,2.082229579828271e+17,-1.05,-2.16,0.12,3317655850132899.0,0.1,0.07
11ef9fa9e8f7c19686a00acdfb026a8f,Cruiser Free Mixed Can 275Ml 30Pk,0.26,1.26,2.0269435070729584e+16,-0.08,-0.15,1.17,3.873285943298571e+16,-0.07,0.13
11ef9fa9e8ed4414b5310acdfb026a8f,Mountain Goat Tasty Pale Ale Can 375Ml,0.15,0.88,1584167111155125.2,0.01,0.01,0.85,2.639470848149272e+16,-0.03,0.14
11ef9fa9e88919d0a41f0acdfb026a8f,Beef Jerky 40G Nam Phat,0.27,0.5,2405188366446662.0,-0.0,-0.01,0.49,6.236382341424605e+16,0.27,0.51
11ef9fa9e87f93b0adba0acdfb026a8f,Taylors Jaraman Cabernet Sauvignon 750Ml,0.02,0.08,1857676532377010.5,0.01,0.02,0.08,5311369252399669.0,0.02,0.04
11ef9fa9e84a925ab69b0acdfb026a8f,Johnnie Walker Double Black 700Ml,0.07,0.52,3384695645970285.0,-0.01,-0.01,0.49,7766537586628239.0,0.02,0.09
11ef9fa9e8e2c4dab2310acdfb026a8f,Bombay Sapphire Gin Murcian Lemon Gin 700Ml,0.01,0.26,1630528876927649.5,0.01,0.02,0.25,502247389775701.06,0.08,0.18
11ef9fa9e8b137e494a50acdfb026a8f,Sprite Lemon Plus 1.25L,0.01,0.05,2348264310444972.5,-0.01,-0.02,0.04,558772490980125.1,-0.01,-0.01
11ef9fa9e893756a9fac0acdfb026a8f,Absolut Vodka Lime 700Ml 6Pk,0.04,0.42,7698476970723828.0,0.05,0.1,0.43,1.886985838171452e+16,0.03,0.12
11ef9fa9e8567e08b76f0acdfb026a8f,Jps 20S Gold,0.02,0.07,5442954294947305.0,-0.03,-0.05,0.05,974459476351937.1,-0.02,-0.03
11ef9fa9e8891c3c824f0acdfb026a8f,Eclipse  Chewy Mints Spearmint 27G,0.01,0.04,2707846982998361.0,-0.01,-0.03,0.02,286342656848679.4,-0.01,-0.01
11ef9fa9e86b15f2929c0acdfb026a8f,Cbco Australian Ipa Cn,0.02,0.25,3379424417308178.0,0.02,0.03,0.25,7531113801511747.0,0.02,0.06
11ef9fa9e84a2b30a7880acdfb026a8f,Coopers Sparkling Ale Bt 750Ml,0.08,0.13,1657493117052741.8,-0.01,-0.03,0.13,1.472287118575835e+16,0.03,0.11
11ef9fa9e86b9c669d3a0acdfb026a8f,Yellow Tail Pure Bright Bubbles Bt,0.01,0.17,1727107151222077.0,-0.01,-0.01,0.17,31015921932980.15,-0.01,0.01
11ef9fa9e8569802802e0acdfb026a8f,Mcguigan Black Label Red 750mL,0.34,1.08,6.276416023397427e+16,0.27,0.55,1.07,1.362293613309036e+17,0.49,1.15
11ef9fa9e87f888e83a40acdfb026a8f,19 Crimes Snoop Cali Rose 750Ml,0.05,0.42,1299963615326885.5,0.01,0.03,0.42,1.0120184793439734e+16,0.01,0.07
11ef9fa9e8567c968a810acdfb026a8f,Jose Cuervo Reposado Especial Gold 700Ml,0.06,0.18,2280750977274284.5,-0.01,-0.03,0.18,1.1392103416027956e+16,0.0,0.05
11ef9fa9e8e3024c85fe0acdfb026a8f,Kirin Hyoketsu Lemon Can 330Ml 10Pkx3,6.07,5.35,494.09,7.73,15.62,4.83,350.96,6.5,10.56
11ef9fa9e86b0d009c0d0acdfb026a8f,19 Crimes Cabernet Sauvignon 750Ml,0.14,0.99,3.7930690716790984e+16,0.19,0.4,1.01,6.238722840068358e+16,0.17,0.46
11ef9fa9e8b14ff4ba310acdfb026a8f,23rd Street Gin & Tonic 300Ml,0.03,0.13,4509854768306737.0,-0.01,-0.03,0.13,4285457005847676.0,0.03,0.15
11ef9fa9e8937de4b19e0acdfb026a8f,Don Julio Blanco Tequila 750mL,0.1,0.67,8109657732118230.0,0.05,0.1,0.68,3.5039607956165108e+16,0.03,0.24
11ef9fa9e8bae33e9c6c0acdfb026a8f,Wild Boar 12% Can 375Ml 24Pk,0.03,0.14,6958551802845534.0,-0.02,-0.04,0.12,4173282097827600.0,-0.02,0.05
11ef9fa9e8613c2690380acdfb026a8f,Black Douglas 12Yo 700Ml,0.02,0.1,4813810762532230.0,-0.02,-0.04,0.08,1699242123077026.2,-0.02,-0.04
11ef9fa9e856ec12a2610acdfb026a8f,Taylors Estate Shiraz 750Ml,4.64,2.96,995.2,2.56,5.18,1.77,428.06,1.98,3.36
11ef9fa9e86b4d9c837b0acdfb026a8f,Jameson Dry & Lime 6.3% Can 3x10pk,5.81,2.83,960.13,2.97,6.01,5.51,1677.63,2.91,14.57
11ef9fa9e856aeb49f830acdfb026a8f,Passion Pop Mixed Berry 750Ml,0.07,2.5,9135596962012548.0,0.16,0.33,2.49,1.4052849319953094e+16,0.06,0.5
11ef9fa9e8753dfca2410acdfb026a8f,Charm Malgeun Soju Lychee Btl 360Ml,0.04,0.28,5923205815059266.0,-0.03,-0.05,0.26,4879449201146398.0,-0.04,-0.01
11ef9fa9e84a08bca8c90acdfb026a8f,Bulmers Original Bt 330Ml,0.08,0.18,3783685157454365.0,-0.02,-0.04,0.19,1.768794557384631e+16,0.05,0.12
11ef9fa9e8e33e1088db0acdfb026a8f,Yarra Burn Prem Cuvee 200Ml,0.01,0.02,630209672534661.8,-0.0,-0.01,0.02,230133092478303.8,0.0,0.01
11ef9fa9e8a79554a9860acdfb026a8f,Baileys Pavlova Liqueur 700Ml,0.01,0.09,956826258634874.0,-0.0,-0.0,0.09,2265457144718567.0,0.0,0.01
11ef9fa9e8567d4ab6f80acdfb026a8f,Jose Cuervo Especial Silver Tequila 700Ml,0.06,0.33,2123596451389091.5,0.01,0.03,0.35,2.076660520569355e+16,-0.01,0.06
11ef9fa9e8a70076aac40acdfb026a8f,Bleeding Heart Cabernet Sauvignon 750Ml,0.0,0.17,89029216846971.22,0.01,0.02,0.17,830266246129622.2,0.03,0.08
11efaacfc23b1338b17b0688947a4713,Winfield 25G Blue Ryo 5Pk,0.42,0.4,79.18,0.13,0.27,0.29,66.06,0.52,1.06
11ef9fa9e8f7be26b2ed0acdfb026a8f,Strongbow Hard Apple Cider Cans 375Ml,0.07,0.53,5064152865156340.0,0.03,0.06,0.54,2.1016562964997292e+16,-0.01,0.13
11ef9fa9e8569a969bde0acdfb026a8f,Melbourne Bitter Bottle 375Ml,23.4,35.89,237.02,-15.02,-30.31,15.02,118.62,23.75,43.65
11ef9fa9e8613456b9050acdfb026a8f,Pirate Life South Coast Pale Ale 355Ml Can,0.05,1.12,7536106829369345.0,0.07,0.15,1.14,2.291770864815956e+16,-0.05,0.04
11ef9fa9e89347b6be4a0acdfb026a8f,Holiday Rich Red 20S 10Pk,0.02,0.1,2254474510554414.5,0.01,0.02,0.11,8944168736130164.0,0.01,0.04
11ef9fa9e89d3ff0b8760acdfb026a8f,Mcw Inherit Shiraz 750Ml,0.01,0.09,599725343951099.8,-0.0,-0.0,0.08,168146209754418.78,0.01,0.01
11ef9fa9e856d3448cb70acdfb026a8f,Smirnoff Vodka Red 375mL,0.77,0.23,403.84,0.18,0.36,0.64,1213.56,0.85,1.53
11ef9fa9e86b62f091500acdfb026a8f,Brookvale Lemon Lime & Bitters 375Ml  Can 24Pk,2.04,5.86,152.88,-1.42,-2.87,2.58,67.36,2.02,3.8
11ef9fa9e86b6138a6a30acdfb026a8f,Arktika Premium Vodka 50Ml,0.03,0.04,1.6676868800491776e+16,0.07,0.14,0.05,2.145702486926766e+16,0.09,0.21
11ef9fa9e8a7aa30812c0acdfb026a8f,Classic Brandy 700Ml,0.01,0.08,94524098212202.48,0.0,0.0,0.08,2244388644689077.2,-0.0,0.01
11ef9fa9e84a5f10b1170acdfb026a8f,Great North Super Crisp Lager 3.5% Bt 700Ml Ctn,0.07,0.29,1.536297978881609e+16,0.09,0.19,0.3,2.6798669856060668e+16,0.19,0.37
11ef9fa9e8b14b08a3f30acdfb026a8f,Lychee Gold Prem 8 Bt 330Ml,1.37,2.35,97.96,0.32,0.64,0.25,11.8,1.43,2.48
11ef9fa9e85716baba300acdfb026a8f,Yellow Tail Merlot 750Ml,0.03,0.04,1291422443036154.2,0.0,0.0,0.05,1.0723579139236766e+16,0.03,0.07
11ef9fa9e861937e866a0acdfb026a8f,Little Fat Lamb 1.25L Pineaple,0.01,0.04,710622187905442.8,-0.0,-0.0,0.04,91580797433719.72,0.0,0.01
11ef9fa9e84a8ac69e0e0acdfb026a8f,Jim Beam Mid Strength & Cola Can 375Ml 24Pk,3.32,2.1,64.33,0.89,1.8,0.62,23.97,3.44,6.28
11ef9fa9e8e2ad56b9e50acdfb026a8f,Kirks Soda Lime 250Ml 24Pk,0.0,0.05,1385084911514318.8,-0.01,-0.01,0.04,64106441963791.11,-0.0,-0.0
11ef9fa9e8891c8ca3a90acdfb026a8f,Eclipse Chewy Mints Smint 27G,0.0,0.1,267935335135524.3,0.0,0.01,0.1,903512943713178.4,-0.0,0.01
11ef9fa9e8f77ea292020acdfb026a8f,Old Monk Amber Rum 750Ml,0.01,0.04,994218920969849.0,0.0,0.01,0.04,1204167709483699.8,0.0,0.02
11ef9fa9e84a7798b5550acdfb026a8f,Jacobs Creek Chardonnay,1.04,0.51,119.79,0.3,0.6,0.63,254.7,0.84,1.62
11ef9fa9e86b88a2a95b0acdfb026a8f,Stoneleigh Organic Sauv Blanc,0.02,0.09,837590767626252.4,-0.0,-0.0,0.08,4620641800695834.0,0.02,0.05
11ef9fa9e8b0f28ebe730acdfb026a8f,Hendricks Gin Min 50Ml,0.0,0.04,397413010322659.2,-0.0,-0.0,0.04,29451642029051.04,-0.0,0.0
11ef9fa9e857224aa35e0acdfb026a8f,Somersby Pear Cider Can 375Ml 10Pk,4.76,5.1,397.92,8.07,16.32,4.87,395.4,9.14,17.61
11ef9fa9e861862c87be0acdfb026a8f,Canadian Club & Dry Cube 375Ml Can 24Pk,0.6,0.62,2.6696550927852544e+16,-0.24,-0.49,0.59,1.6937146765597274e+17,0.5,0.77
11ef9fa9e8ed46a8886c0acdfb026a8f,Kirin Hyoketsu Var C330ml*10pk,3.19,2.66,328.34,-1.74,-3.51,2.19,579.3,-1.41,-3.33
11ef9fa9e8e33104af510acdfb026a8f,Great Northern Ginger Beer Can 375Ml,0.13,0.16,8638085744956608.0,-0.05,-0.1,0.15,2.3917944867793084e+16,0.06,0.12
11ef9fa9e8ed61ec9ca40acdfb026a8f,J/Squire Gingerbeer 6% Can 330Ml,0.23,0.32,1.346978982619642e+16,-0.09,-0.2,0.2,1.831328768237072e+16,0.11,0.19
11ef9fa9e8f7aeae9d300acdfb026a8f,Heineken Silver Btl 330Ml,3.69,2.74,81.86,2.55,5.16,2.76,141.7,6.56,11.2
11ef9fa9e84a7270a3e80acdfb026a8f,Jack Daniels Black Label Min 50Ml Btl,0.08,0.08,6247004804314557.0,-0.04,-0.08,0.06,1.2287699299155076e+16,0.04,0.1
11ef9fa9e8bae924b7850acdfb026a8f,Lion Stout 8.8%  Longneck 625Ml,0.05,0.34,1864217343363757.0,-0.0,-0.01,0.35,8528790418284708.0,0.0,0.07
11ef9fa9e8a75ed69fa20acdfb026a8f,Hardys Tintara Grenache - Shiraz - Mataro 750Ml,0.01,0.08,1334596535892992.2,0.01,0.02,0.08,3790669099491338.5,0.02,0.03
11ef9fa9e8a73fc8a1ad0acdfb026a8f,Lotte Chum Chrum Soju (Soonhari) Yogurt Original 360Ml,0.6,0.82,409.02,-0.68,-1.37,0.07,33.7,0.15,0.23
11ef9fa9e86138fc871c0acdfb026a8f,Bundaberg Red & Cola Cn 30Pk,1.3,1.83,126.49,-0.35,-0.7,0.47,31.01,1.15,2.52
11ef9fa9e86b257ea0430acdfb026a8f,De Bortoli King Valley Prosecco 750Ml,5.13,9.77,393.28,-4.9,-9.9,3.87,136.75,2.83,6.09
11ef9fa9e86b0bf2a0eb0acdfb026a8f,19 Crimes Shiraz 750Ml,2.68,2.97,50.1,2.81,5.68,2.01,43.15,4.14,7.6
11ef9fa9e89d8e1089fe0acdfb026a8f,Wild Turkey 81 Proof 40.5% 1L 6Pk,0.82,0.09,28.43,0.01,0.03,0.63,309.88,0.77,1.74
11ef9fa9e8753f00a5c80acdfb026a8f,Eclipse Chewy Mints Pepermint 27G,0.01,0.03,274410098815575.44,-0.0,-0.01,0.03,1165993202452277.2,0.01,0.02
11ef9fa9e892f2f29d190acdfb026a8f,Houghton Stripe Semillon Sauvignon Blanc 750Ml,0.01,0.08,214220724576443.66,-0.0,-0.0,0.08,1707833722414770.0,0.0,0.01
11ef9fa9e856b11687c20acdfb026a8f,Penfolds Koonunga Hill Cabernet Sauvignon 750Ml 6Pk,0.17,1.0,2.1985625887965516e+16,0.1,0.21,1.03,6.348229587818611e+16,0.04,0.33
11ef9fa9e84a494e85c30acdfb026a8f,Furphy Refreshing Ale Can 375Ml,4.65,1.25,34.8,4.12,8.34,0.88,24.57,3.69,5.51
11ef9fa9e8d91f48b1840acdfb026a8f,Ventti Filters Orange,0.02,0.19,1916127765448439.5,0.01,0.02,0.19,5431264577028023.0,-0.02,0.01
11ef9fa9e8baf0a484180acdfb026a8f,4 Pines Pacific Ale Can 375Ml,0.06,0.33,2154281440446269.5,0.01,0.03,0.33,1.7325576641823178e+16,0.04,0.09
11ef9fa9e874ec768dda0acdfb026a8f,Strongbow Classic Cn 30pk,1.79,2.01,120.46,-0.36,-0.72,0.22,13.04,1.69,3.27
11ef9fa9e89d076a95910acdfb026a8f,Red Hill Pinot Noir 750Ml,0.11,0.41,2.0385061442997116e+16,0.09,0.19,0.45,5.112492557966704e+16,0.16,0.37
11ef9fa9e8612ac49fe60acdfb026a8f,Jack Daniels American Serve Cola 24Pk Cn,0.09,0.22,9.978952004206845e+16,-0.24,-0.54,0.03,1.1651501597484462e+16,-0.02,0.02
11ef9fa9e8e32b289b990acdfb026a8f,Billsons Pink Clouds Vodka Can 355Ml,0.01,0.03,2812571906253771.0,-0.01,-0.03,0.02,1256391799809582.0,0.0,0.02
11ef9fa9e88914da912e0acdfb026a8f,Horizon 93Mm Long Blue,0.03,0.15,628213181596711.2,0.01,0.01,0.14,4331817623757305.5,0.02,0.05
11ef9fa9e8cedd809bce0acdfb026a8f,Venti Paper,0.02,0.03,663650506959533.6,-0.0,-0.01,0.03,2634095913879052.5,0.01,0.02
11ef9fa9e857031e93550acdfb026a8f,Wild Turkey & Cola 101 6.5% Bt 330Ml 24Pk,0.13,0.75,8885273199502377.0,0.05,0.1,0.76,3.9439125520226584e+16,0.02,0.19
11ef9fa9e8f7538c88f90acdfb026a8f,Rumours Merlot 750Ml,0.15,0.21,2.560684929757319e+16,0.1,0.2,0.17,4.9180441538549784e+16,0.27,0.55
11ef9fa9e8d93ca8b0090acdfb026a8f,Smirnoff Double Black Zero 6.5% Can 330Ml,0.0,0.09,1022426741954849.6,-0.0,-0.0,0.08,194935875476792.22,0.0,0.01
11ef9fa9e87f1e3a8df70acdfb026a8f,De Bortoli Prem Reserve Shiraz Cask 2L,0.01,0.12,634364555627524.8,0.01,0.01,0.13,4646487059728166.0,0.02,0.04
11ef9fa9e84a7dce86970acdfb026a8f,Jagermeister Min 40Ml,0.01,0.08,1181632848059386.8,0.01,0.01,0.09,4154625201990933.0,0.0,0.02
11ef9fa9e84a78a6aa930acdfb026a8f,Jacobs Creek Merlot 750Ml,0.05,0.5,1.7093737090782804e+16,0.08,0.17,0.53,3.674838192156816e+16,0.08,0.21
11ef9fa9e8891976a9cd0acdfb026a8f,Winfield Jet 23S Gold 6Pk,0.0,0.08,331215809985684.25,0.0,0.0,0.08,304807597907990.6,0.0,0.0
11ef9fa9e8610b3ea1c00acdfb026a8f,Bundaberg UP Cola 4.6% Can 375mL 3x10pk,4.17,1.38,281.95,0.14,0.28,4.61,1394.33,1.11,5.04
11ef9fa9e856dfd89a280acdfb026a8f,Sovereign Point Crisp Dry White Cask 4.4L,0.05,0.25,2751029084459022.0,0.01,0.03,0.25,1.2696063665604796e+16,0.05,0.13
11ef9fdb06e123a69fb60288780c0f59,Whiskeyy,8.95,4.45,68.8,-0.7,-1.4,4.43,380.8,10.4,19.66
11ef9fa9e87f8be09d990acdfb026a8f,Banrock Station Rose 1L,0.42,0.17,25.0,0.1,0.23,0.17,25.0,0.56,1.11
11ef9fa9e84a1456b8830acdfb026a8f,Canadian Club & Dry 4.8% Bt 500Ml 12Pk,0.05,0.87,5412740165818802.0,0.08,0.16,0.87,1.578137360949655e+16,-0.04,0.12
11ef9fa9e8f764c6ab1d0acdfb026a8f,Johnnie Walker Black Ruby 700Ml,0.02,0.08,1492817716586301.8,0.01,0.01,0.1,8749484679778627.0,0.02,0.06
11ef9fa9e84a1e56a5550acdfb026a8f,Cascade Premium Light Bt 375Ml,15.28,14.31,247.07,-8.51,-17.18,5.2,136.95,12.74,27.36
11ef9fa9e8c496d6adfa0acdfb026a8f,Grants Family Reserve Scotch Whisky 1L,0.97,1.58,2.3534728256611555e+17,-1.24,-2.57,0.45,9.051496648747664e+16,0.23,-0.01
11ef9fa9e875380283130acdfb026a8f,Pall Mall 20S Blue Rich 10Pk,0.02,0.05,219546734516446.22,-0.0,-0.0,0.05,4448444238031276.0,0.01,0.02
11efb1acabb2956c98cb02d8a60509dd,Little Sammy Merlot 750Ml,0.01,0.04,720815402813789.0,0.0,0.01,0.04,3007592820380117.0,0.01,0.03
11ef9fa9e8618384842a0acdfb026a8f,Black Douglas & Cola 30Pk Cn,0.0,0.1,642981134480130.8,0.0,0.0,0.1,293884605089243.7,0.0,0.01
11ef9fa9e8934b9e9c7f0acdfb026a8f,Rothmans 25S Cool Crush Gold 8Pk,0.07,0.19,9355989702771100.0,0.05,0.11,0.19,1.737733498966551e+16,0.18,0.27
11ef9fa9e84a1cf89b6d0acdfb026a8f,Carlton Midstrength Bitter Can 375Ml 30Pk,0.82,0.58,1.2807668982460532e+16,-0.21,-0.49,0.36,5.7389922233799016e+16,0.19,0.75
11ef9fa9e8a7927a8a240acdfb026a8f,Aperol Aperitivo 700Ml,0.04,0.6,2800362757681652.5,0.01,0.02,0.58,4532514383329261.0,-0.01,0.05
11ef9fa9e874f9e6acd90acdfb026a8f,Baileys Irish Cream 1L,1.0,2.06,85.05,0.7,1.43,1.21,50.17,1.72,3.45
11efb6da71b6d2bea88902fdb925ef7b,CMB Cherry Ripe Double Dip 40G,0.0,0.02,820319488096977.0,-0.0,-0.01,0.02,298390149617989.5,-0.01,-0.01
11ef9fa9e86b09e0b7130acdfb026a8f,The Drover Chardonnay 750Ml,0.02,0.06,3361098400318836.0,-0.02,-0.03,0.04,291554364835473.6,0.01,0.01
11ef9fa9e8a751d4a2040acdfb026a8f,Hardy R&R Merlot 1L,0.07,0.67,7418189862374905.0,0.04,0.08,0.67,1.9581103773905344e+16,0.0,0.1
11ef9fa9e87f1c14846d0acdfb026a8f,De Bortoli Prem Liqueur Muscat Cask 4L,0.03,0.19,4761073186399273.0,-0.02,-0.03,0.18,5105672923351339.0,-0.01,0.0
11ef9fa9e84a2a7cb4340acdfb026a8f,Coopers Mild Ale Can 375Ml 24Pk,0.17,0.72,1.081115287903313e+16,-0.05,-0.09,0.69,2.710937662335625e+16,0.03,0.17
11ef9ffc49ee4e14808e0288780c0f59,Bar Surcharge,25.59,25.15,431.57,-14.69,-29.66,9.15,390.94,14.49,24.51
11ef9fdb64299782849606c046b7d17f,Carlton Draught Pint,59.8,62.42,493.34,-41.36,-83.49,26.54,516.02,29.27,68.6
11ef9fa9e8eccad49aec0acdfb026a8f,Victoria Bitter Xtra Btl 750Ml,0.05,0.11,1.610057194199764e+16,-0.07,-0.14,0.07,2531290464334878.0,-0.02,-0.01
11ef9fa9e8e2dcccbf5e0acdfb026a8f,Billsons Alcoholic Ginger Beer Cans 355Ml,0.04,0.09,1650066953759104.0,-0.01,-0.02,0.08,6661082013754026.0,0.03,0.07
11ef9fa9e8bb6d9a85370acdfb026a8f,Little Creatures Rogers Beer Bt 330Ml 24Pk,0.31,0.58,9.883942780572838e+16,-0.48,-0.98,0.12,2309519267250646.0,-0.04,0.1
11ef9fa9e856ba76869c0acdfb026a8f,Powerade Wallaby Gold Rush Bt 600Ml,0.01,0.04,4305808459707967.0,0.02,0.04,0.04,6490549827025467.0,0.04,0.08
11ef9fa9e8ed38668e910acdfb026a8f,Overexposed Sauvignon Blanc 750mL,0.17,0.07,5177847924669781.0,-0.05,-0.12,0.1,2.7892601549940268e+16,0.1,0.15
11ef9fa9e84a25b8bd220acdfb026a8f,Cinzano Rosso Vermouth 1L,0.01,0.08,1420746991857480.8,0.01,0.01,0.09,4376014729629255.5,0.03,0.04
11ef9fa9e8615b5cbb5e0acdfb026a8f,Tanqueray Gin 700Ml,0.04,0.25,740950360963213.6,0.01,0.01,0.26,1.391805820829169e+16,-0.01,0.05
11ef9fa9e84a129e9d5c0acdfb026a8f,Campari Aperitif 700Ml,0.02,0.09,728185348956076.0,-0.0,-0.0,0.09,4549782938032825.0,0.01,0.02
11ef9fa9e84a281a9cae0acdfb026a8f,Cointreau Liqueur 700Ml,0.06,0.75,9455581766109194.0,0.07,0.15,0.76,1.952083132085723e+16,-0.06,0.07
11ef9fa9e8e2d204b8c20acdfb026a8f,Smirnoff Ice Double Black Premium 8% Can 250mL,4.79,4.22,50.6,8.63,17.46,5.45,67.7,9.1,17.01
11ef9fb931b6993e806b06c046b7d17f,Hump Club Deal,0.56,2.79,6.31257188409384e+16,-0.26,-0.53,2.33,1.7166015333688188e+16,-0.09,0.2
11ef9fa9e86b7f4cad570acdfb026a8f,De Bortoli King Val Prosecco 200ml,0.05,0.69,6391966325765012.0,0.06,0.12,0.69,1.630501439281264e+16,-0.07,0.05
11ef9fdbd2e455aeae230288780c0f59,Carlton Draught Tower,6.35,13.69,296.63,-6.07,-12.26,5.53,117.78,3.07,5.13
11ef9fa9e89da1ac95910acdfb026a8f,Banrock Station Shiraz 1L,0.03,0.08,118480990046831.42,-0.0,-0.0,0.08,6334839492143127.0,0.02,0.04
11ef9fa9e8e3132c87230acdfb026a8f,Fanta Orange 330Ml Glass,0.01,0.03,2368885481600384.0,-0.01,-0.02,0.02,1264746385684725.8,-0.0,-0.01
11ef9fa9e8e3521086700acdfb026a8f,Sprite Btl 330Ml Glass,0.01,0.05,1759999904887876.2,-0.01,-0.01,0.04,1299390668469715.5,-0.01,-0.01
11ef9fa9e8bb0b70a34a0acdfb026a8f,Mountain Goat Lager Beer 4.2% Can 375Ml 30Pk,0.04,0.19,6264268155466028.0,-0.03,-0.05,0.16,2418320350640263.0,-0.03,-0.03
11ef9fa9e8b0f07289fc0acdfb026a8f,Fireball Cinnamon Whisky Min 50Ml,1.22,1.36,114.43,0.48,0.98,1.39,369.29,1.21,2.8
11ef9fa9e888eece8abb0acdfb026a8f,Yellowtail Chardonnay 187Ml,0.0,0.02,828594189114215.1,-0.0,-0.01,0.02,296084190062449.0,0.0,0.0
11ef9fa9e8752b7893c10acdfb026a8f,Carlton Draught Keg 49.5L,0.08,0.5,86520725044003.1,0.01,0.02,0.53,1.6796783317096544e+16,0.13,0.21
11ef9feb6de4e74e85e006c046b7d17f,Asahi Super Dry Schooner,0.8,1.48,1.0645501974432501e+17,-0.52,-1.07,1.1,7.977898257535322e+16,-0.02,0.47
11ef9fa9e8b17e02a23d0acdfb026a8f,James Squire Ginger Beer Can 330Ml 30Pk,1.14,2.08,169.85,-0.67,-1.36,0.94,66.43,1.72,3.56
11ef9feba614e04c8a6f02d8a60509dd,Asahi Super Dry Pint,23.61,27.59,1677.61,-28.49,-57.54,11.74,833.99,6.29,7.75
11ef9fdb37b6524e9d9606c046b7d17f,Carlton Draught Schooner,20.49,41.23,329.29,-24.1,-48.68,5.62,23.04,11.48,20.66
11ef9fa9e87f90a496b90acdfb026a8f,Taylors Masterstroke Shiraz 750Ml,0.01,0.08,1497606840313651.2,0.01,0.02,0.09,5271907431108313.0,0.02,0.05
11ef9fa9e856fc2085a50acdfb026a8f,Veuve Clicquot Brut Yellow Label Champagne 750Ml Bottle,0.19,1.99,1.5623638694389276e+16,-0.0,0.0,1.95,4.540350906374371e+16,0.2,0.53
11ef9fa9e84a74288a410acdfb026a8f,Jack Daniels Gentleman 700Ml,0.07,0.08,3492298825059798.5,0.01,0.03,0.1,2.1205131086824572e+16,0.09,0.18
11ef9fa9e888d1e6887f0acdfb026a8f,Le Chat Noir Rose 750Ml,0.02,0.11,5201721001353642.0,-0.02,-0.04,0.09,367599022243711.56,-0.02,-0.02
11ef9fa9e8f7eec88d6d0acdfb026a8f,Hop Nation Vic Secret Hazy Ipa Can 440Ml,0.02,0.04,2093659452304630.8,-0.01,-0.03,0.03,2682183428924701.0,-0.01,0.0
11ef9fa9e8b173b29e880acdfb026a8f,Four Pillars Gin & Tonic Can 250Ml,0.01,0.08,1428493468760463.8,0.01,0.02,0.09,4596275523019612.0,0.02,0.04
11ef9fa9e8a76ef8a2610acdfb026a8f,Hill Pinot Noir 750Ml,0.02,0.08,196637326485581.94,-0.0,-0.0,0.08,5069828606855748.0,0.03,0.06
11ef9fa9e892d8dab78f0acdfb026a8f,Grant Burge 5Th Generation Chardonnay 750Ml,0.02,0.08,1134493898442969.5,0.01,0.01,0.09,5600462717318505.0,0.01,0.04
11ef9fa9e892f4b4a1d20acdfb026a8f,St Huberts Stag Pinot Grigio 750Ml,0.03,0.18,3183853360363466.5,-0.01,-0.02,0.16,2176870887895478.0,-0.02,0.0
11ef9fa9e888d0e280330acdfb026a8f,La Vieille Ferme Rose 750Ml,1.12,1.52,146.0,-0.07,-0.15,0.7,272.39,0.85,2.01
11ef9fdbab7a660ca8b302d8a60509dd,Carlton Draught Jug,10.54,10.78,620.62,-9.77,-19.72,0.58,47.59,5.25,11.13
11ef9fa9e88959908b030acdfb026a8f,Rabbit Ranch Pinot Noir 750Ml,0.01,0.04,218019752682849.62,-0.0,-0.0,0.04,1873235041861570.8,-0.0,0.01
11ef9fa9e8a717c8bbe60acdfb026a8f,De Bortoli Windy Peak Shiraz 750Ml,0.02,0.17,1974815803581559.5,0.01,0.03,0.18,8006483472309934.0,0.01,0.04
11ef9fa9e8e2b7ec96090acdfb026a8f,Ampersand Vodka Soda & Pine Lime 9% Can 250Ml,0.02,0.11,5747191833414446.0,-0.02,-0.05,0.09,2040703019722702.0,-0.02,-0.03
11ef9fa9e8f7d5c89b490acdfb026a8f,Sub Zero Hard Cola Can 375Ml,0.1,0.08,1.040233244447127e+16,0.04,0.09,0.08,3.033743254763222e+16,0.15,0.31
11ef9fa9e8b1105ca13b0acdfb026a8f,Coca Cola No Sugar Btl 330Ml,0.01,0.09,1489216910165176.2,-0.01,-0.01,0.09,1930307861200467.2,-0.01,0.0
11ef9fa9e86b7272bcc90acdfb026a8f,Malfy Gin Rosa 700Ml,0.01,0.08,160299453369985.3,0.0,0.0,0.08,1187814377758211.8,0.0,0.02
11ef9fa9e87530a087660acdfb026a8f,Brookvale Ginger Beer 6% Can 330M,0.01,0.17,95740002938837.0,0.0,0.01,0.17,2557261139414842.5,-0.01,0.02
11ef9fa9e86b599ab1670acdfb026a8f,Fever Tree Tonic Mediterranean Water 500Ml,0.01,0.07,2367528772533841.5,-0.01,-0.02,0.06,1404317683064391.8,0.0,0.01
11ef9fa9e86ba51296580acdfb026a8f,Fever Tree Indian Tonic 200Ml,0.02,0.17,342808780896181.5,0.0,0.0,0.17,4850808582035847.0,-0.01,0.02
11ef9fa9e874e99caa660acdfb026a8f,Bundaberg Rum Campfire Burnt Butterscotch And Macada 700Ml,0.03,0.08,3824811712984362.5,0.02,0.04,0.09,1.2768713137621292e+16,0.03,0.08
11ef9fa9e8f7aad0879b0acdfb026a8f,Stone & Wood Green Coast Crisp Can 24Pk,1.21,2.39,138.94,1.49,3.38,0.42,21.88,1.5,4.0
11ef9fa9e84a2ad680ff0acdfb026a8f,Coopers Original Pale Ale Bt 375Ml,12.86,10.35,200.47,-3.57,-7.19,4.0,296.36,10.84,18.21
11ef9fa9e8f771f0b1320acdfb026a8f,Victoria Bitter Rk 49.5L,0.03,0.54,8842581172098114.0,-0.03,-0.06,0.51,6201695591758830.0,-0.01,-0.01
11ef9fdd2823489ea72906c046b7d17f,Stone & Wood Pacific Ale Pint,15.76,26.24,190.0,-9.94,-20.07,8.4,39.2,16.76,29.68
11ef9fa9e8f7af08bc200acdfb026a8f,Pepperjack Dish Shiraz 750Ml,0.03,0.08,7561612578684442.0,0.03,0.07,0.05,1.0755815652871776e+16,0.06,0.11
11ef9fa9e8a70c068cbd0acdfb026a8f,Campo Viejo Rioja Reserva 750Ml,0.01,0.17,2433930015268340.0,0.02,0.03,0.17,5784693350455993.0,0.01,0.03
11ef9fee78ebba34a36102d8a60509dd,Hard Rated Lemon Pint,1.39,0.58,1.6627447419613654e+16,-0.31,-0.66,0.97,3.719186540741142e+17,0.73,1.96
11ef9fa9e8896458a8820acdfb026a8f,Elephant In The Room Chardonnay 750Ml,0.02,0.1,3219786761489729.5,-0.02,-0.03,0.08,2204984128764006.2,-0.02,0.0
11ef9febcfda97789a6402d8a60509dd,Asahi Super Dry Jug,0.24,0.61,2.4121253560968576e+16,-0.09,-0.19,0.55,2.138683690205711e+16,0.22,0.39
11ef9fa9e8f7ae5490520acdfb026a8f,White Claw Raspberry Can 330Ml,0.07,0.12,7490234877373638.0,-0.03,-0.07,0.09,6821129156096570.0,0.01,0.04
11ef9fa9e86b2c0493410acdfb026a8f,White Claw Mango Seltz Can 330Ml 24Pk,0.08,0.08,1.515426632171564e+16,0.05,0.1,0.08,2.652732164685729e+16,0.13,0.27
11ef9fa9e874f5f48ed40acdfb026a8f,Peter Lehm Bond Grenache 750Ml,0.01,0.08,287155480257549.25,0.0,0.0,0.08,1168930254426136.5,0.0,0.02
11ef9fa9e89d4fe0a7d20acdfb026a8f,Les Peyrautins Pinot Noir 750Ml,0.01,0.04,268474215027754.3,0.0,0.0,0.04,1206708576445183.5,0.01,0.01
11ef9feabffba83e86d30288780c0f59,balter xpa pint,12.4,18.35,617.46,-16.29,-32.91,4.29,193.94,6.02,9.26
11ef9fa9e8bb628cab3a0acdfb026a8f,Elephant In The Room Pinot Noir 750Ml,0.14,0.08,1.1050840545434328e+16,0.02,0.04,0.12,5.142454749725733e+16,0.19,0.39
11ef9fa9e8ed1598a1630acdfb026a8f,Little Giant Chardonnay 750Ml,0.01,0.08,209902663828851.66,0.0,0.0,0.09,1336981632512903.0,0.0,0.02
11ef9fa9e8ed75a6854f0acdfb026a8f,Greasy Fingers Shiraz 750Ml,0.02,0.08,2255105536362109.5,0.01,0.02,0.09,8927469056413850.0,0.04,0.07
11ef9fa9e86b561684ce0acdfb026a8f,Red Rock Deli Salt & Vinegar 90G,0.04,0.04,4137099063566318.0,0.02,0.03,0.04,1.2475097265705246e+16,0.05,0.1
11ef9feafa4e44a6b4bc02d8a60509dd,balter xpa Tower,0.24,2.0,8722310057478806.0,0.08,0.17,2.07,6.835432248976578e+16,0.22,0.52
11ef9fa9e8c512c899ff0acdfb026a8f,Innocent Bystander Rose,0.04,0.17,150553460736257.88,-0.0,-0.01,0.17,5671884726378366.0,0.03,0.08
11ef9feebe3b0090bfdb06c046b7d17f,Hard Rated Lemon Tower,0.11,0.69,4.10940038715954e+16,-0.16,-0.34,0.54,3.4577495248091492e+16,-0.14,-0.21
11ef9fee4b73b688ab0606c046b7d17f,Hard Rated Lemon Schooner,0.56,0.11,5.171946697319907e+16,-0.21,-0.45,0.5,2.246661538611245e+17,0.32,0.62
11ef9fe6c0bd6bda9a2d0288780c0f59,Balter Xpa Schooner,0.67,1.72,4.744367377426518e+16,-0.41,-0.85,1.56,9.431013755656022e+16,0.07,0.44
11ef9fa9e86141c686580acdfb026a8f,Coopers Original Pale Ale Can 375mL,11.15,4.62,52.22,2.9,5.88,1.7,19.34,10.09,21.57
11ef9fa9e89d9bd08d0e0acdfb026a8f,Angove Family Crest Mclaren Vale Shiraz 750Ml,0.03,0.08,1481980004219799.5,0.01,0.01,0.07,6998603590836523.0,0.03,0.06
11ef9fa9e8e2c692b1470acdfb026a8f,Carlton Dry Can 375Ml 10Pk,0.69,2.63,1.0182907642395597e+17,-0.47,-0.96,2.23,6.509518713637154e+16,-0.2,0.27
11ef9fa9e889450485f80acdfb026a8f,De Bortoli Blue Gris 750Ml,0.04,0.1,4319109720613913.5,-0.02,-0.04,0.08,2934184157810277.5,0.01,0.02
11ef9fa9e8cf051c847b0acdfb026a8f,Suntory Strong Zero 9% Double Plum 350ml Can 24pk,0.12,0.21,5.522471809833798e+16,0.23,0.47,0.34,9.804393092668582e+16,0.35,0.72
11ef9fa9e8c4cc32a4360acdfb026a8f,Heaps Normal Half Day Hazy,0.03,0.1,3873743874795054.5,-0.02,-0.03,0.09,3644830900503425.0,0.01,0.01
11ef9fa9e84a02a481020acdfb026a8f,Brown Brothers NV Prosecco 750Ml Bottle,3.91,2.25,24.61,5.81,11.75,2.45,28.14,6.87,12.95
11ef9fa9e861a22e8dbd0acdfb026a8f,Arktika Premium Vodka 150mL,0.18,0.29,7.284629401803112e+16,0.29,0.59,0.46,1.227741978577256e+17,0.45,1.05
11ef9fa9e84a7324809f0acdfb026a8f,Jack Daniels Gentleman & Cola Can 375Ml 24Pk,0.96,0.51,78.9,0.57,1.16,0.71,188.4,1.33,2.58
11ef9fa9e893430686940acdfb026a8f,Penfolds Koonunga Hill Chardonnay 750Ml,0.07,0.11,5056417396449112.0,-0.03,-0.05,0.08,1.2653494132243584e+16,0.04,0.06
11ef9fa9e8c52b5ab8470acdfb026a8f,Brown Brothers Moscato Strawberry & Cream 750Ml 6Pk,0.05,0.11,5103240853381341.0,-0.02,-0.04,0.07,4843685228376875.0,0.02,0.03
11ef9fa9e84a17da88910acdfb026a8f,Captain Morgan Spiced Gold & Cola 6% Can 375Ml  24Pk,0.02,0.06,8700737063041267.0,-0.04,-0.08,0.03,5611933677987637.0,-0.02,-0.03
11ef9fa9e8750d1e9d810acdfb026a8f,Malibu Pina Colada Cn,0.03,0.15,5449049318423641.0,-0.02,-0.04,0.13,2680946321284811.0,-0.02,-0.02
11ef9fa9e86b8dde909d0acdfb026a8f,Kirin Ichiban 5% Bottle 330mL,18.16,23.76,274.39,37.99,76.81,20.81,232.64,28.25,72.31
11ef9fa9e888f0e0b6930acdfb026a8f,Yalumba Y Series Pinot Grigio 750Ml,1.9,4.7,346.63,0.23,0.47,4.43,2029.61,1.23,3.89
11ef9fa9e8f7f0d0b3290acdfb026a8f,Paddington Lane Dry Rose 750Ml,0.01,0.09,1291235397532009.5,-0.0,-0.01,0.08,372630952034458.4,-0.0,0.0
11ef9fa9e84a3c109f9f0acdfb026a8f,Doritos Cheese Supreme 170G,0.07,0.12,7811593404254408.0,-0.04,-0.08,0.09,7198846430689064.0,0.02,0.07
11ef9fa9e8b196eeb7620acdfb026a8f,Smirnoff Seltzer Lime Can 250Ml,2.05,2.64,139.6,-0.7,-1.42,0.24,14.04,2.16,3.52
11ef9fa9e856cc2887aa0acdfb026a8f,Skyy Vodka 700Ml,0.1,0.08,8892374975197253.0,0.03,0.05,0.1,4.038254080030083e+16,0.12,0.25
11ef9fa9e8cebd328e9e0acdfb026a8f,Billsons Vdk Grape Bubble Gum 355Ml,0.74,1.47,292.54,-0.88,-1.78,0.36,55.96,0.35,0.64
11ef9fa9e8a7734498570acdfb026a8f,Innocent Bystand Pinot Noir 750Ml,0.07,1.08,9100523637920332.0,0.06,0.13,1.07,2.0646049097811084e+16,-0.09,0.06
11ef9fa9e8cecc5abaed0acdfb026a8f,Eristoff Premium Vodka 1L,0.0,0.08,119206556336940.02,0.0,0.0,0.08,1290629290188541.8,0.0,0.01
11ef9fa9e87527e0b3900acdfb026a8f,Benson & Hedges Smooth Blue 20S 10Pk,0.04,0.06,2441530665006213.5,-0.01,-0.03,0.05,8187285788993369.0,0.02,0.04
11ef9fa9e8c4bcb0a2170acdfb026a8f,Balter Hazy Ipa,1.19,0.79,106.35,0.49,0.99,1.84,535.85,2.61,4.16
11ef9fa9e84a784c8f510acdfb026a8f,Jacobs Creek Le Petit Rose 750Ml Bottle,0.04,0.85,2636910664218934.0,0.0,0.01,0.84,6970387196401912.0,-0.14,-0.08
11ef9fa9e89d22aeb1110acdfb026a8f,Penfolds Bin 8 Cabernet Shiraz 750Ml,0.03,0.09,2348210644940537.5,-0.01,-0.03,0.09,4980580118703698.0,0.0,0.03
11ef9fa9e8f7acf6a36d0acdfb026a8f,Hop Nation Festival West Coast Ipa 6.5% 440Ml 16Pk,0.01,0.07,1063933661967622.5,0.0,0.0,0.06,326884842935541.94,0.03,0.05
11ef9fa9e8937ace87180acdfb026a8f,Bombay Sapphire Gin 1L,0.02,0.08,2099732910910986.0,0.01,0.02,0.09,8594380854851822.0,0.03,0.05
11ef9fa9e8ff631abdd40acdfb026a8f,Squealing Pig Squealini Fuzzy Peach 750Ml,0.08,0.13,1.0918028224034672e+16,-0.06,-0.12,0.08,7770256542696831.0,0.03,0.08
11ef9fa9e8f7b59889780acdfb026a8f,De Bortoli Limoncllo Spr 750Ml,0.12,0.82,1.5480825266507516e+16,-0.06,-0.11,0.74,1.0165227191751854e+16,-0.12,-0.04
11ef9fa9e87f7d1c829d0acdfb026a8f,Tread Softly Pinot Grigio 750Ml,1.62,1.76,65.09,2.1,4.22,1.41,202.45,1.89,4.34
11ef9fa9e8bb7aecbbea0acdfb026a8f,Johnnie Walker Blue 1L,0.06,0.1,2569758501624724.0,-0.01,-0.03,0.07,6676541501155256.0,0.08,0.11
11ef9fa9e85711b0ba840acdfb026a8f,XXXX Gold Lager Bt 750Ml 12Pk,0.12,0.16,2.6549492366605724e+16,-0.13,-0.27,0.04,68703244840839.8,0.0,-0.01
11ef9fa9e8750986971a0acdfb026a8f,Balter Ipa Can 375Ml,1.38,0.47,52.91,-0.01,-0.02,2.93,802.47,1.58,3.23
11ef9fa9e87f24de8c030acdfb026a8f,Yellow Tail Pinot Noir 750Ml,0.02,0.06,3183910640191950.5,-0.01,-0.03,0.05,2521836103125460.0,0.0,-0.0
11ef9fa9e87f4d9c86650acdfb026a8f,Vok C/Tl Blue Lagoon Csk 2L,0.0,0.08,119617172575653.66,0.0,0.01,0.08,517443787914426.4,-0.0,0.01
11ef9fa9e8f7911c96990acdfb026a8f,Mt Moriac Pinot Noir 750Ml,0.03,0.17,201307921621032.2,-0.0,-0.0,0.17,6132630094699464.0,0.01,0.05
11ef9fa9e87f60de9b610acdfb026a8f,Wirra Wirra Church Block Red 750Ml,0.04,0.11,4802715439949803.0,-0.02,-0.05,0.08,3974938857075268.0,0.02,0.02
11ef9fa9e849e3e6a30c0acdfb026a8f,Arktika Premium Vodka 700mL,1.18,1.36,1134.35,1.8,3.63,1.85,1551.4,2.41,4.49
11ef9fa9e8d92f9ca7ca0acdfb026a8f,Killer Sprocket Omg Sour,0.01,0.03,1913501727072316.0,-0.01,-0.02,0.03,1144528608046286.5,-0.0,-0.0
11efa23d556bc2a6978e02d8a60509dd,Bright Brewery Alpine Lager 355ml Can 24PK,0.02,0.05,6365464642598238.0,-0.03,-0.07,0.03,13572406507299.61,-0.02,-0.02
11ef9fa9e874ffae9b2b0acdfb026a8f,Nobbys Bacon Bites 40Gm,0.03,0.05,1027812416768456.9,-0.01,-0.01,0.05,8147482845365977.0,0.02,0.05
11efa84f6d3922769f0402d8a60509dd,Better Beer Zero Carb Lager Can 355Ml 10PK,1.92,6.98,55.06,3.78,7.65,6.21,43.57,4.32,11.11
11ef9fdcf2d66eb4b67102d8a60509dd,Stone & Wood Pacific Ale Schooner,0.51,1.25,5.508988783632696e+16,-0.26,-0.54,1.05,6.625556704703958e+16,0.09,0.31
11ef9fa9e86b2a9cb34f0acdfb026a8f,Moon Dog Tropical Lager Beer Can 330Ml,0.0,0.02,818758450515859.4,-0.0,-0.01,0.02,240647185510544.72,0.0,0.0
11ef9fa9e8ff6f0e9f4a0acdfb026a8f,Four Loko Citrus 330Ml,0.04,0.35,1.6345528991716084e+16,0.08,0.17,0.36,2.7049121735025036e+16,0.06,0.17
11ef9fa9e86b7ac4b7030acdfb026a8f,Ta Ku Sauv Blanc,0.06,0.09,1533165537153674.0,-0.01,-0.02,0.09,1.5921434846335844e+16,0.04,0.08
11ef9fa9e856eb5eb9040acdfb026a8f,Taylors Estate Merlot 750Ml,0.29,0.49,5.064433191370473e+16,-0.26,-0.55,0.37,6.7810648856622984e+16,0.05,-0.07
11ef9fa9e8ecf11cad620acdfb026a8f,Tread Softly Chardonnay 750Ml,0.05,0.08,3736843673247180.5,0.01,0.03,0.09,1.4546898675899324e+16,0.07,0.13
11ef9fa9e89d4cca945f0acdfb026a8f,Little Giant Grenache 750Ml,0.04,0.42,778881300713103.4,0.0,0.01,0.41,4946871371888071.0,-0.0,0.03
11ef9fa9e8f7b4e4adfc0acdfb026a8f,Jack Daniels Zero Sugar Coca Cola Can 350Ml,0.12,0.09,1.5154928225697746e+16,-0.09,-0.18,0.04,1.5795153080993544e+16,-0.01,0.04
11ef9fa9e8b11f48a9830acdfb026a8f,Heaps Normal Quiet Xpa Can 375Ml 24Pk,0.08,0.22,1.1960738636132838e+16,-0.05,-0.11,0.19,1.2177682021459858e+16,-0.02,0.03
11ef9fa9e856fa0ebe990acdfb026a8f,Upside Down Rescue Rose 750Ml Bottle,0.1,0.19,6151020829420798.0,-0.03,-0.07,0.19,2.142493727095619e+16,0.03,0.12
11ef9fa9e8c4cbd89e420acdfb026a8f,Jps Gold Firm Filter 25'S,0.03,0.15,6025507928279918.0,-0.03,-0.06,0.12,1265730719173321.2,-0.01,0.01
11ef9fa9e86b529ca8050acdfb026a8f,Jetty Road Pale Ale Cn,0.11,0.22,2.063326641545622e+16,-0.1,-0.21,0.11,383010480745699.25,-0.02,-0.01
11ef9fa9e8752312aa3f0acdfb026a8f,Ned Whisky & Cola 12% 200Ml Cn,0.05,0.04,8242560014287328.0,0.03,0.06,0.05,2.244987926912206e+16,0.1,0.2
11ef9fa9e8933122a65d0acdfb026a8f,Basil Hayden Bourbon 40% 700Ml,0.01,0.09,970258512128699.0,-0.0,-0.01,0.08,609035069250407.5,0.01,0.01
11ef9fa9e84a48f4a4220acdfb026a8f,Furphy Refreshing Ale Bt 375Ml,3.59,1.3,145.21,0.13,0.27,4.48,1205.05,0.02,1.03
11ef9fa9e8c4df2489ef0acdfb026a8f,Doritos Nacho Cheese,0.02,0.04,367570746683200.56,0.0,0.0,0.04,5327730932541745.0,0.02,0.04
11ef9fa9e8e2a90a943a0acdfb026a8f,Doritos Mexicana 170G,0.02,0.05,1565269082499605.8,-0.01,-0.02,0.04,4139210778009386.5,0.01,0.03
11ef9fa9e8569b54bbb30acdfb026a8f,Melbourne Bitter Can 375Ml,47.53,44.17,107.97,-2.86,-5.7,19.31,78.41,54.44,105.97
11ef9fa9e8b124e8bb640acdfb026a8f,Kirks Dry Ginger Ale Bt 1.25L,0.06,0.25,2040417465955152.2,0.01,0.02,0.27,1.8371803663133468e+16,0.01,0.09
11ef9fa9e87f5562aea90acdfb026a8f,Winesmiths Traditional Classic Dry White Cask 2L,0.21,0.65,1.4012580748425484e+16,-0.08,-0.16,0.58,3.742573056160864e+16,0.07,0.29
11ef9fa9e888f46e9c470acdfb026a8f,Wynns Coonawarra Chardonnay 750Ml,0.03,0.17,2109755669541976.5,0.01,0.02,0.17,1.0795636202944214e+16,0.02,0.06
11ef9fa9e8f7917683f70acdfb026a8f,Mt Moriac Shiraz 750Ml,0.04,0.06,2875098929581502.5,-0.02,-0.04,0.04,5855226498537140.0,0.02,0.06
11ef9fa9e8bb7524a70f0acdfb026a8f,Bystander Innocent Pinot Gris 750Ml,0.04,0.34,598828832805939.2,0.0,0.01,0.34,9275029010668048.0,-0.01,0.04
11ef9fa9e8a71930a29b0acdfb026a8f,De Bortoli Yarra Valley Estate Cabernet Sauvignon 750Ml,0.0,0.04,502962803900004.8,0.01,0.01,0.04,1291469958984766.2,0.0,0.01
11ef9fa9e8751f66a3540acdfb026a8f,Carlton Draught 375Ml Can 3*10Pk,3.5,5.28,438.23,-2.01,-4.07,2.8,367.28,1.37,3.41
11ef9fa9e87efde2ae250acdfb026a8f,Tread Softly Prosecco 250Ml,0.02,0.09,735873480946297.1,-0.0,-0.01,0.09,5273982682475480.0,0.01,0.02
11ef9fa9e8894a40acd20acdfb026a8f,Villa Maria Eg Pinot Noir Organic 750Ml,0.0,0.09,672786846587494.0,-0.0,-0.0,0.08,266500665269046.28,0.0,0.01
11ef9fa9e8bb50269f650acdfb026a8f,Taylors Promised Land Unw Chardonnay,0.0,0.09,1762546074555251.5,-0.01,-0.01,0.09,472848510530968.9,-0.01,-0.01
11ef9fa9e8c4a72096300acdfb026a8f,Yebisu Premium Can 350Ml,0.05,0.31,8713280772167019.0,-0.04,-0.07,0.28,5490252209589346.0,-0.05,-0.01
11ef9fa9e856cbce9dbe0acdfb026a8f,Six Foot Six Shiraz,0.02,0.08,1449510843469190.5,0.01,0.01,0.08,4679618731308273.0,0.02,0.04
11ef9fa9e87ef298ab570acdfb026a8f,Squealing Pig Rose 750Ml,0.1,0.62,7541771359178842.0,-0.03,-0.06,0.59,1.2192924658987444e+16,-0.03,0.07
11ef9fa9e87f071086920acdfb026a8f,Yellow Tail Bubbles White 750Ml,1.34,0.46,55.1,-0.09,-0.17,1.06,465.61,0.52,1.34
11ef9fa9e86b9040b39f0acdfb026a8f,Great Northern 3.5% 10Pk,0.62,2.65,1.0561218380444374e+17,-0.47,-0.96,2.08,2.686543330632807e+16,-0.15,0.07
11ef9fa9e8567ffca40e0acdfb026a8f,Kahlua Mexican Liqueur 1L,0.04,0.33,1902784287612433.5,0.01,0.03,0.33,9944847526549904.0,0.0,0.07
11ef9fa9e856b6d4ba200acdfb026a8f,Pimms No 1 Cup 700Ml,0.02,0.1,3528090192411869.5,-0.01,-0.02,0.08,2377756951617284.0,0.05,0.07
11ef9fa9e8b11bce92ee0acdfb026a8f,Goulbourn Valley Apple Juice 1.25L,0.03,0.08,160245019532548.2,0.0,0.0,0.08,5789561124360480.0,0.03,0.06
11ef9fa9e8615116b8a10acdfb026a8f,Squealing Pig Pinot Gris 750Ml,0.09,0.67,9975670829042574.0,0.06,0.11,0.66,2.4445187214657576e+16,0.05,0.2
11ef9fa9e861b0b6ade30acdfb026a8f,Gordons Pink & Soda Cn,0.03,0.19,4578885908492756.0,-0.02,-0.04,0.17,2146994856216733.5,-0.02,0.01
11ef9fa9e8571868af390acdfb026a8f,Yellowglen Pink Soft Rose 750Ml,2.24,4.9,165.17,-1.52,-3.06,1.19,37.95,3.24,6.53
11ef9fa9e874ff549cb20acdfb026a8f,Nobbys Pork Crackle Orig 25G,0.02,0.03,1525681383486739.8,-0.01,-0.01,0.03,3097642221954197.5,0.02,0.03
11ef9fa9e8b1648a9c960acdfb026a8f,Canadian Club Soda & Lime Can 3x10Pk,7.37,18.29,119.77,-0.59,-1.18,13.52,88.54,10.06,17.74
11ef9fa9e8568894b2ab0acdfb026a8f,Little Creatures Pale Ale Bottle 330Ml,1.6,1.63,1448.06,-1.26,-2.55,1.32,2452.63,1.29,2.22
11ef9fa9e8cefea0adec0acdfb026a8f,Winesmiths Premium Selection Sauvignon Blanc 2L,0.09,1.46,9627942130260636.0,-0.02,-0.03,1.41,5520329414431566.0,-0.07,0.11
11ef9fa9e8d939388dad0acdfb026a8f,Coopers Original Pale Ale 750Ml 12Pk,0.68,1.65,93.97,0.39,0.79,0.49,28.43,1.83,3.78
11ef9fa9e84a37ec8af30acdfb026a8f,De Bortoli Sacred Hill Cabernet Merlot 750Ml,0.03,0.04,6989795281666260.0,0.02,0.05,0.05,1.5916120523878644e+16,0.08,0.14
11ef9fa9e892e032816e0acdfb026a8f,Taylors Hotelier Pinot Gris 750Ml,0.02,0.1,4524462877231570.0,-0.02,-0.04,0.08,683689391409966.8,-0.02,-0.01
11ef9fa9e86b94be80160acdfb026a8f,Tar And Roses Pinot Grigio Bt,0.06,0.18,3367245392752327.5,-0.02,-0.04,0.19,1.3889352425481608e+16,0.01,0.08
11ef9fa9e8e2f84ca4f30acdfb026a8f,Breheny Brothers Royal Lager Can 24Pk,0.01,0.09,506866935075400.0,0.0,0.0,0.08,2542057957827007.5,-0.0,0.01
11ef9fa9e856e66883640acdfb026a8f,Stoneleigh Marlborough Sauvignon Blanc 750mL,7.65,7.25,679.65,13.02,26.32,8.13,769.18,15.86,29.91
11ef9fa9e856e136a0e70acdfb026a8f,Squealing Pig Pinot Noir 750Ml,0.1,0.25,1878337676980611.8,0.0,0.0,0.26,2.584915714541968e+16,0.07,0.18
11ef9fa9e856de70a76e0acdfb026a8f,Somersby Pear Cider Bt 330Ml,2.82,4.72,191.61,-2.11,-4.26,1.07,37.83,1.29,3.58
11ef9fa9e8f7dc269b5e0acdfb026a8f,Killer Sprocket Rye Ipa 6.2% Can 375Ml 24Pk,0.01,0.09,1672876981561797.2,-0.0,-0.01,0.09,3932128052922801.5,0.01,0.02
11ef9fa9e8bb02d898cc0acdfb026a8f,Killer Sprocket Pale Ale Can 375Ml,0.01,0.1,2584869663911920.0,-0.01,-0.02,0.08,38692852472305.21,-0.02,-0.02
11ef9fa9e89d94e69a710acdfb026a8f,Cass Beer Bottle 355Ml 24Pk,0.0,0.13,638188164136730.9,-0.0,-0.0,0.13,176368493363069.12,0.01,0.02
11ef9fa9e888fac2b43a0acdfb026a8f,Wild Flower Pinot Grigio 750Ml,0.02,0.1,3859558871445730.5,-0.01,-0.03,0.08,250836273363242.34,-0.02,-0.0
11ef9fa9e8b1740caa340acdfb026a8f,Four Pillars Yuzu Gin & Soda Can 250Ml,0.12,0.22,2.5111453290499164e+16,-0.14,-0.28,0.13,2.0011406082337492e+16,-0.03,-0.03
11ef9fa9e8c4c868b2e80acdfb026a8f,Matsos Nightlife Ginger Beer Can 330Ml 24Pk,0.05,0.08,1.3686739235535532e+16,0.06,0.12,0.09,2.6280653576618416e+16,0.12,0.24
11ef9fa9e8936a66b06f0acdfb026a8f,Matua Valley Marlborough Sauvignon Blanc 187Ml,0.01,0.04,2986193095618842.5,-0.02,-0.03,0.02,1494948207454398.2,0.0,0.0
11ef9fa9e84a55ec88570acdfb026a8f,Gordons London Dry Gin 700Ml,0.92,1.1,2.320221452178296e+17,-1.14,-2.34,0.55,1.950580806792499e+17,-0.43,-0.93
11ef9fa9e8a704228ebe0acdfb026a8f,Blue Pyrenees Shiraz 750Ml,0.0,0.08,586642807040.52,0.0,0.0,0.08,1105135074025312.1,0.0,0.01
11ef9fa9e8571660924f0acdfb026a8f,Yellow Tail Chardonnay,0.07,0.04,4176485662948410.0,0.01,0.03,0.05,1.9271839892250004e+16,0.09,0.18
11ef9fa9e8617d629c060acdfb026a8f,Wolf Blass Red Label Chardonnay 750mL,0.05,0.42,8074885674737038.0,0.04,0.08,0.41,1.589542659685124e+16,0.01,0.12
11ef9fa9e88941ee90a60acdfb026a8f,Yellowtail Sauvignon Blanc 187Ml,0.01,0.05,1218727302438289.8,-0.01,-0.01,0.04,2556635358943469.0,0.0,0.01
11ef9fa9e8f7a6b6a2b40acdfb026a8f,Bright Brewery Vienna Ipa 440Ml,0.01,0.04,1076567124067594.4,-0.0,-0.0,0.04,1570587113462298.8,0.0,0.0
11ef9fa9e8f7cc5eb83d0acdfb026a8f,Matsos Vodka Lemon Lime Crush 330Ml,0.02,0.07,5644911201857723.0,-0.02,-0.05,0.05,166635275692170.38,-0.02,-0.02
11ef9fa9e861a97cbee80acdfb026a8f,Matso Alcoholic Ginger Beer Can 330Ml,0.06,0.14,3.01440193984592e+16,0.13,0.28,0.15,2.8518093120690868e+16,0.52,0.66
11ef9fa9e8e310b6909f0acdfb026a8f,Smirnoff Hard Soda Yuzu Citrus Burst 6% 330Ml,0.03,0.31,2973110666385235.0,-0.0,-0.0,0.3,6517470982529752.0,-0.04,0.0
11ef9fa9e8e32916a6730acdfb026a8f,Sierra Tequila Blanco 38% 50Ml,0.04,0.06,3900410082042256.0,-0.02,-0.05,0.04,4495230495785604.5,-0.0,0.0
11ef9fa9e8f7db18828d0acdfb026a8f,Teremana Tequila Anejo 40% 700Ml,0.0,0.09,744547877459037.4,-0.0,-0.0,0.09,1418119290416290.5,-0.0,0.0
11efa96578ad2302aecb02d8a60509dd,Bright Brewery No Country Hazy Beer 6.5% Can 24pk,0.01,0.06,2945400645863738.0,-0.01,-0.03,0.05,2319474438728049.0,0.01,0.01
11ef9fa9e87503fa96930acdfb026a8f,Jim Beam Double Serve White Zero Cn 24Pk,0.99,1.04,61.91,0.69,1.39,0.36,23.3,1.17,2.34
11ef9fa9e89324fcaaa80acdfb026a8f,Port Royal Rum & Wine 25G Pouch 5Pk,0.07,0.34,8369673031350319.0,-0.03,-0.06,0.32,1.3445379154138818e+16,-0.05,0.01
11ef9fa9e8b17358b1f80acdfb026a8f,Four Pillars Bloody Shiraz Gin & Tonic 250Ml,0.03,0.12,7779899766706384.0,-0.04,-0.07,0.08,451061293995221.56,-0.01,-0.02
11ef9fa9e8bb747a907f0acdfb026a8f,Brown Brothers Cienna 750Ml,3.96,5.69,105.58,0.21,0.43,3.1,109.39,3.46,6.69
11ef9fa9e89d2362a0db0acdfb026a8f,Penfolds Bin 389 Cabernet Shiraz 750ml,0.12,0.28,5991838835024109.0,-0.03,-0.07,0.26,2.5626742045070484e+16,0.04,0.14
11ef9fa9e888dd9e862f0acdfb026a8f,St Hallett Faith Shiraz 750Ml,0.06,0.16,3.989417180976473e+16,0.17,0.36,0.17,5.012467142810547e+16,0.32,0.58
11ef9fa9e874cb06a8bb0acdfb026a8f,Bond St Gold Fresh Burst 20S,0.03,0.11,1946679373376361.0,-0.01,-0.02,0.11,6799617247247914.0,0.0,0.04
11ef9fa9e87f52f6a56a0acdfb026a8f,Berri Estates Fruity Gordo New 5L,0.03,0.53,7666445080830730.0,-0.02,-0.04,0.5,2591952529021610.5,-0.06,-0.06
11ef9fa9e84a188e9edb0acdfb026a8f,Captain Morgan Spiced Rum Gold 700Ml,0.85,0.36,51.29,0.22,0.45,0.17,25.59,0.24,0.34
11ef9fa9e857120aa3590acdfb026a8f,XXXX Gold Lager Can 375Ml 24pk,0.3,0.12,5.315515796810624e+16,0.21,0.44,0.2,6.011670459329404e+16,0.35,0.58
11ef9fa9e8ed3f649a2a0acdfb026a8f,Cruiser Vanilla Cola 4.6% Bottle  275Ml 24Pk,0.08,1.13,1.1157221868718436e+16,-0.03,-0.05,1.07,3238473246775487.0,-0.13,-0.08
11ef9fa9e888c3409bcf0acdfb026a8f,De Bortoli Rose Rose Pale & Dry 750mL,0.1,1.3,1.1256796434867934e+16,-0.03,-0.06,1.28,2.1172763647037372e+16,-0.17,-0.09
11ef9fa9e86b1930a2da0acdfb026a8f,Parker & Simpson Gold 20S,0.01,0.05,359477981986876.4,-0.0,-0.0,0.05,4175463211073404.5,0.02,0.03
11ef9fa9e86b2dbcaecb0acdfb026a8f,Oyster Bay Pinot Gris,0.05,0.13,9566155928138152.0,-0.04,-0.09,0.09,1430016990636161.5,-0.02,-0.01
11ef9fa9e857058abbea0acdfb026a8f,Wild Turkey American Honey Liqueur 700Ml,3.13,11.93,2708.24,10.57,21.37,2.99,632.9,9.8,23.06
11ef9fa9e857125ab4010acdfb026a8f,XXXX Gold Lager Can 375Ml Block 30Pk,17.42,8.16,1655.84,9.37,18.97,28.77,4649.25,0.8,0.2
11ef9fa9e875641cb9130acdfb026a8f,Grant Burge Prosecco Non Vintage 750Ml,0.06,0.25,1923820951529949.2,0.01,0.02,0.26,2.0428211278331164e+16,0.02,0.07
11ef9fa9e8b1457c9d0b0acdfb026a8f,Colonial Bertie Cider Can 375Ml 24Pk,0.03,0.14,3794842977251172.5,-0.02,-0.04,0.12,4272642734767236.0,-0.01,-0.0
11ef9fa9e89349e692a30acdfb026a8f,Jps+ 20S Crushball Blue 10Pk,0.02,0.15,179353887298642.34,0.0,0.0,0.16,5645945880543866.0,0.01,0.04
11ef9fa9e888cd68a5090acdfb026a8f,Sticks Yarra Valley Pinot Noir 750Ml,0.03,0.5,1.2025652214850942e+16,0.07,0.14,0.51,2.11609085074701e+16,-0.01,0.11
11efa23a6b79fb1a818302d8a60509dd,Bright Brewery King Konge Hazy IPA 440ml 16PK,0.01,0.07,1654017187624268.0,-0.01,-0.01,0.06,29166307708863.65,-0.0,-0.0
11ef9fa9e8ed2d94a3e50acdfb026a8f,Hope Salted Caramel Hazy Iiipa 11% Can 375Ml 24Pk,0.01,0.08,57683818285718.84,0.01,0.02,0.09,948232824752900.2,-0.01,0.0
11ef9fa9e8a711b0a06e0acdfb026a8f,Dalrymple Pinot Noir 750Ml,0.02,0.58,7222884508516997.0,0.06,0.13,0.59,1.0397068131836908e+16,-0.06,0.05
11ef9fa9e856e9a6933f0acdfb026a8f,Strongbow Lower Carb Bt 355Ml 24Pk,0.23,0.15,5014442981478298.0,-0.05,-0.1,0.12,5.039120958669108e+16,0.25,0.46
11ef9fa9e8f7e8d8b1700acdfb026a8f,Squealing Pig Squealini Zesty Lemon Spritz 750Ml,0.06,0.32,1.4980804897083e+16,-0.07,-0.13,0.25,2902892425354741.5,-0.08,-0.09
11ef9fa9e8f76e1cbe260acdfb026a8f,3099 Chili Jerky 50G,3.46,3.66,3.6556291288632774e+17,-1.71,-3.5,2.65,6.042050562752012e+17,1.27,2.83
11ef9fa9e8ed289e88bd0acdfb026a8f,Hachii Super Freeze Grape Vodka Soda 9% 350Ml,0.19,0.28,5.612553907818582e+16,-0.27,-0.55,0.07,4041041346980828.0,-0.1,-0.24
11ef9fa9e8ed28f8abdc0acdfb026a8f,Hachii Super Freeze Lemon Vodka Soda 9% 350Ml,0.07,0.09,1.5137901877699362e+16,-0.08,-0.17,0.02,788155478496405.1,-0.01,-0.01
11ef9fa9e892db509bdc0acdfb026a8f,Grant Burge Gb15 Pinot Grigio 750Ml,0.04,0.08,7518375330555980.0,0.03,0.07,0.09,2.0268023883123316e+16,0.07,0.15
11ef9fa9e8baf5cc902a0acdfb026a8f,Jagermeister 200Ml 12Pk,0.01,0.04,708232100599435.0,0.0,0.01,0.04,2585158988998222.0,0.01,0.02
11ef9fa9e8a75b3ea9d90acdfb026a8f,Suntory Hibiki Harmony Whisky 700Ml,0.15,0.19,5128986950275151.0,-0.03,-0.07,0.24,4.558989832147665e+16,0.09,0.19
11ef9fa9e8b0ecd0b3740acdfb026a8f,Canadian Club Original 37% 50Ml,0.03,0.2,6034260415871377.0,0.03,0.06,0.21,1.300339047750116e+16,0.05,0.11
11ef9fa9e8f788d499cf0acdfb026a8f,Espolon Teq Spk Paloma 330Ml,0.03,0.08,425117554226431.44,0.0,0.0,0.09,8074040153321577.0,0.01,0.05
11ef9ff90fc9a3f8821f02d8a60509dd,RRR Vodka,0.25,0.45,168.75,-0.04,-0.09,0.33,95.0,0.17,0.08
11ef9fa9e856ac989ea30acdfb026a8f,Oyster Bay Sparkling Cuvee Brut 750Ml,0.09,0.15,1.4376521420226678e+16,-0.07,-0.15,0.11,1.403838048409587e+16,-0.04,-0.04
11ef9fa9e8890620bce30acdfb026a8f,Skyy Vodka 1L,0.07,0.08,9221231686993488.0,0.04,0.08,0.08,2.7220189979998024e+16,0.11,0.21
11ef9fa9e8a79f7c8f780acdfb026a8f,Suntory Toki Japanese Whisky 700mL,0.11,0.12,8723355397251575.0,-0.06,-0.12,0.08,1.814357704211383e+16,0.13,0.19
11ef9fa9e86b671497ba0acdfb026a8f,Smirnoff Seltzer Mixed 12Pk,0.07,1.57,1.4928026836806482e+16,-0.02,-0.05,1.52,4073422768574805.5,-0.13,-0.06
11ef9fa9e892d6aa99760acdfb026a8f,Giesen Riesling 750Ml,0.01,0.17,906688143662476.4,0.0,0.0,0.17,2505846587521042.5,-0.01,0.01
11ef9fa9e8ed4860ad050acdfb026a8f,Stone & Wood Pacific Ale Can 375Ml 2X10pk,0.21,0.59,1.9551334525047876e+16,-0.1,-0.2,0.49,3.124489038483703e+16,-0.01,0.08
11ef9fa9e856e19085720acdfb026a8f,Squealing Pig Sauvignon Blanc 750Ml,3.65,5.99,775.24,-4.23,-8.54,2.24,553.36,1.11,2.92
11ef9fa9e8ed1f7a894e0acdfb026a8f,Nikka Black Special Japanese Whisky 720Ml,0.06,0.08,1202955156157921.8,0.0,0.0,0.1,2.10101533753369e+16,0.04,0.11
11ef9fa9e888f086b6cd0acdfb026a8f,Yalumba Y Series Sauvignon Blanc 750Ml,0.09,0.54,1888582263136409.0,0.02,0.03,0.56,2.3741834564247444e+16,0.03,0.13
11ef9fa9e86190548ca60acdfb026a8f,Wirra Wirra Scrub S/Blanc 750M,0.02,0.08,888222894023767.6,0.0,0.01,0.09,8623837134017791.0,0.01,0.03
11ef9fa9e8ed3b22b9dc0acdfb026a8f,Fat Bastard Chenin Blanc 750Ml,0.01,0.08,14723871642410.33,0.0,0.0,0.08,1011035158058057.6,0.01,0.01
11ef9fa9e888c7c88f540acdfb026a8f,Swan Bay Pinot Noir 2023 750Ml,0.04,0.26,1305211057203596.0,-0.01,-0.01,0.26,9957867565126148.0,-0.02,0.04
11ef9fa9e84a1780a6c80acdfb026a8f,Captain Morgan Rum Original Spiced Gold 1L Bottle,0.06,0.08,3106230675615727.0,0.01,0.02,0.1,2.3276036860578624e+16,0.06,0.15
11ef9fa9e8570b0ca2130acdfb026a8f,Winfield 25S Flow Filter Grey,0.04,0.13,1604836048376731.2,-0.01,-0.02,0.13,6918095990960484.0,0.01,0.06
11ef9fa9e874fc5cb5920acdfb026a8f,Brookvale Union Vodka Lemon Squash Can 330Ml,0.17,0.14,1.2371515545993354e+16,-0.1,-0.21,0.1,3.2565996807462336e+16,0.1,0.18
11ef9fa9e8f76fca851c0acdfb026a8f,3099 Original Jerky 50G,19.5,25.36,197.04,-10.76,-21.71,9.22,67.82,15.93,27.23
11ef9fa9e8f76ec6a00b0acdfb026a8f,3099 Smoky Bbq Jerky 50G,16.47,23.77,394.68,-18.02,-36.41,5.41,129.21,3.85,8.25
11ef9fa9e87539c4af960acdfb026a8f,Winfield 30S Blue Original 6Pk,0.06,0.11,5910561328520510.0,-0.03,-0.06,0.05,2419757962383323.5,0.04,0.07
11ef9fa9e87f059e96950acdfb026a8f,Yarra Burn Prosecco 750Ml,0.06,0.51,3094256930713819.5,-0.01,-0.02,0.49,9163047289797346.0,-0.05,-0.02
11ef9fdd5338a2d69c1f06c046b7d17f,Stone & Wood Pacific Ale Jug,0.71,1.76,5.678096329401689e+16,-0.27,-0.56,1.61,8.546176466810416e+16,0.67,1.2
11ef9fa9e86b5030b4990acdfb026a8f,Fris Vodka 700Ml,0.01,0.04,818875949931105.8,0.0,0.01,0.04,2357434685611514.5,0.01,0.02
11ef9fa9e8e3450e8be20acdfb026a8f,Fatv Beef Jerky Bbq 30Gr,0.26,0.63,2.764120347109399e+16,-0.13,-0.28,0.46,2.398662767353056e+16,0.02,0.24
11ef9fa9e8892ea2a06d0acdfb026a8f,Jps 25S Blue 8Pk,0.03,0.32,1422939527847311.5,0.0,0.01,0.32,8148240685145361.0,0.04,0.1
11ef9fa9e857180e93ea0acdfb026a8f,Yellow Tail Shiraz 750Ml,0.07,0.58,302667226997256.25,0.01,0.02,0.59,1.6042570795849472e+16,-0.02,0.09
11ef9fa9e87f7bbe89fb0acdfb026a8f,Tread Softly Shiraz 750Ml,0.09,0.25,1351770990897318.2,0.0,0.01,0.25,2.5266333078451892e+16,0.08,0.2
11ef9fa9e8755a62b4370acdfb026a8f,Dal Zotto Pucino Prosecco 750Ml,0.05,1.01,2391340790537403.5,0.01,0.03,0.99,8424843396094116.0,-0.06,-0.02
11ef9fa9e8bb5ab281420acdfb026a8f,Casamigos Blanco Tequila 40% 700Ml,0.09,0.58,1.8097658326145292e+16,0.09,0.19,0.62,5.142955655834296e+16,0.07,0.24
11ef9fee9e63f3a8846402d8a60509dd,Hard Rated Lemon Jug,0.11,0.16,7.398702009857709e+16,-0.18,-0.37,0.01,6175740726420128.0,-0.12,-0.18
11ef9fa9e888fb1ca1840acdfb026a8f,Wicks Estate Sauvignon Blanc 750Ml,0.01,0.08,1405477062154911.0,0.01,0.02,0.09,3569500562259876.5,0.02,0.03
11ef9fa9e8b0f9d2be5d0acdfb026a8f,Little Fat Lamb Butterscotch Shot 30Ml,0.02,0.14,4319137573449122.5,-0.02,-0.03,0.12,555093454464206.6,-0.02,-0.02
11ef9fa9e861a4feb49e0acdfb026a8f,Cruiser Sugar Free Mango & Raspberry Bottle 275Ml 24Pk,0.01,0.03,1447112441978170.2,-0.01,-0.01,0.02,301377684814915.56,0.0,0.01
11ef9fa9e8611be28c970acdfb026a8f,Taylors Estate Pinot Gris 750Ml,0.04,0.1,4499840404579333.0,-0.02,-0.04,0.09,6695515343638120.0,0.01,0.03
11ef9fa9e8751be2a8d40acdfb026a8f,Pepperjack Chardonnay Pinot Noir 750Ml,0.01,0.09,1177342249386901.8,-0.0,-0.01,0.09,1692943062993658.0,0.0,0.02
11ef9fa9e856c052a1220acdfb026a8f,Red Rock Deli Sea Salt 90G 12Pk,0.05,0.34,677643684612569.0,-0.0,-0.0,0.34,8031536801725314.0,-0.03,0.03
11ef9fa9e8ff6cacad230acdfb026a8f,Smirnoff Crush Mixed Can 440ml 30Pk,0.18,0.61,2.430782009340048e+16,-0.11,-0.22,0.49,8331579700691056.0,-0.03,0.04
11ef9fa9e89da35a996a0acdfb026a8f,Barossa Valley Estate Shiraz 750ml,0.1,0.17,7889184846570370.0,0.04,0.08,0.18,2.493654730768406e+16,0.1,0.22
11ef9fa9e8c51d40b5790acdfb026a8f,Hahn Super Dry Gluten Free Btl 330Ml,0.15,0.67,3182009780393318.0,0.02,0.04,0.63,2.33375705582247e+16,0.09,0.25
11ef9fa9e8f79aea99ba0acdfb026a8f,Smirnoff Soda Strawberry Kiwi 330Ml,0.02,0.1,3094199591773527.5,-0.01,-0.03,0.08,2393898707131169.0,-0.01,0.0
11ef9fa9e8f7e932b51e0acdfb026a8f,Better Beer Zero Carb Lager Can 355Ml,6.64,6.68,256.53,7.96,16.1,170.28,8227.83,15.2,51.3
11ef9fa9e8e2cd40bdde0acdfb026a8f,Pepperjack Pinot Noir 750Ml,0.06,0.33,5595511708329166.0,0.02,0.05,0.34,1.8847802122556268e+16,0.03,0.15
11efa6e42912c55a80f0060b7545a69d,Nera Paiko Still Water 1L,0.04,0.21,8619236782653222.0,-0.04,-0.07,0.17,2370802090138299.0,-0.02,-0.04
11ef9fa9e8e3121e95b10acdfb026a8f,Coopers Aust Lager Can 375Ml,0.13,0.51,2611473318055322.5,-0.01,-0.02,0.51,3.219864081723912e+16,0.02,0.14
11ef9fa9e861977a92290acdfb026a8f,Peter Lehm Bond Shiraz 750Ml 6Pk,0.06,0.58,1.7837976668621224e+16,0.11,0.23,0.59,2.2554586311930324e+16,0.14,0.29
11ef9fa9e8e2bb2a8d8a0acdfb026a8f,Taylors Promised Land Sauvignon Blanc 750Ml,0.03,0.17,1265514232499979.8,-0.0,-0.01,0.18,6726932946375107.0,0.01,0.05
11ef9fa9e861a76a93130acdfb026a8f,Vok Pina Colada 2L,0.01,0.08,157914871029169.25,0.0,0.0,0.09,3098513608486820.5,0.02,0.04
11ef9fa9e8baede8b4940acdfb026a8f,Sapporo Premium Beer Black Can,1.03,0.81,46.12,1.04,2.1,0.2,11.44,1.55,2.88
11ef9fa9e89d6c7884310acdfb026a8f,Johnnie Walker Black 1L,0.08,0.08,3704630746504147.5,0.0,0.01,0.1,3.0472731393970892e+16,0.09,0.17
11ef9fa9e86b010c887b0acdfb026a8f,Vodka 0 700Ml,0.05,0.17,546321416851803.5,-0.0,-0.0,0.17,1.0311590866527332e+16,-0.0,0.06
11ef9fa9e86b1160bfd30acdfb026a8f,Master Of Mixer Margarita 1L,0.02,0.09,1115486270918436.0,-0.0,-0.01,0.09,4266707186799107.0,0.01,0.03
11ef9fa9e86b6246b6fa0acdfb026a8f,19 Crimes Snoop Cali Red 750Ml,0.15,0.15,5.036235687355283e+16,0.19,0.4,0.25,6.980160107620042e+16,0.42,0.72
11ef9fa9e88967329aa30acdfb026a8f,Tgallant Cape Schanck Pinot Grigio 750Ml,0.11,0.08,2825113759734543.0,0.01,0.01,0.07,2.568430522695542e+16,0.12,0.24
11ef9fa9e861b48092190acdfb026a8f,Coopers Xpa 375Ml Cn,1.11,0.75,156.66,-0.39,-0.8,0.72,149.47,1.0,2.42
11ef9fa9e8c4a1d0a0da0acdfb026a8f,1800 Coconut Tequila Liqueur 700Ml,0.78,0.18,32.96,0.62,1.25,0.55,93.73,1.07,2.15
11ef9fa9e892d934b8ee0acdfb026a8f,Grant Burge 5Th Generation Pinot Gris 750Ml,0.02,0.08,2999537716523077.0,0.01,0.03,0.08,7088743895171138.0,0.03,0.06
11ef9fa9e89d274aac290acdfb026a8f,Penfolds Kalimna Bin 28 Shiraz 750ml,0.04,0.26,2574644564706119.0,-0.01,-0.03,0.26,5671999859599162.0,0.01,0.04
11ef9fa9e8c4962c9a0b0acdfb026a8f,Georg Jensen Hallmark Cuv茅e 750Ml,0.02,0.17,421782649736693.44,0.01,0.01,0.16,2309193054211039.0,-0.0,0.03
11ef9fa9e856eed8b1bd0acdfb026a8f,Tooheys Extra Dry Bt 345Ml,0.74,0.17,6.2683032853432136e+16,0.11,0.2,1.07,2.6849068974229085e+17,1.05,1.93
11ef9fdd841153f8a42402d8a60509dd,Stone & Wood Pacific Ale Tower,5.27,11.49,77.09,5.32,10.77,6.14,35.48,10.94,21.44
11ef9fa9e8d9439cab8f0acdfb026a8f,Billsons Musk Vodka Can 355Ml,0.05,0.21,1.3452568443479352e+16,-0.06,-0.11,0.16,1288551419187451.2,-0.04,-0.04
11ef9fa9e8f7e158be710acdfb026a8f,Gordons Pink Gin & Soda 6% 375Ml 24Pk,0.83,1.32,111.07,-0.05,-0.1,0.47,37.4,0.93,1.91
11ef9fa9e85714089c360acdfb026a8f,Yarra Burn Vintag Pinot Chardonnay Pinot Meunie Btl,0.03,0.17,1810931411898755.8,-0.01,-0.02,0.17,8103010141750609.0,0.01,0.02
11ef9fa9e875472a8b330acdfb026a8f,Asahi Soukai Crisp & Refreshing 3.5% Bt 330Ml 24Pk,0.21,0.14,2.5803444470969536e+16,0.09,0.17,0.21,8.622453960346592e+16,0.36,0.7
11ef9fa9e8b0fa2c958a0acdfb026a8f,Little Fat Lamb Jam Donut Shots 30Ml X 4,0.02,0.14,4370294371361715.0,-0.02,-0.04,0.12,150738357379514.78,-0.02,-0.02
11ef9fa9e874de34993b0acdfb026a8f,Stone & Wood Green Coast Crisp 3.5% Bt 330Ml,0.01,0.16,2350460537667452.0,-0.01,-0.01,0.15,1749087460648375.2,-0.02,-0.0
11ef9fa9e856acf29ece0acdfb026a8f,Oyster Bay Sparkling Cuvee Rose 750Ml,0.05,0.11,5676071186755816.0,-0.03,-0.06,0.06,635441363427928.4,0.03,0.05
11ef9fa9e8755cc4af520acdfb026a8f,Devils Corner Nv Sparkling 750Ml,0.01,0.17,3060412190047877.0,0.02,0.04,0.17,5541262522854270.0,-0.0,0.04
11ef9fa9e889493c8cf70acdfb026a8f,Scotchmans Premium Pinot Noir 750Ml,0.02,0.04,5219906257907666.0,0.02,0.05,0.04,8903949921592642.0,0.05,0.1
11ef9fa9e8ecdf24879c0acdfb026a8f,Brown Brothers Moscato Rosa Sparkling 200Ml,0.01,0.09,1649329722077662.0,-0.0,-0.01,0.09,1444836948526550.5,-0.01,-0.01
11ef9fa9e8cee61895c00acdfb026a8f,Wild Flower Sauvignon Blanc 750Ml,0.01,0.17,1608879849882337.5,-0.0,-0.01,0.17,973481815438955.6,-0.01,0.0
11ef9fa9e8b14aae881a0acdfb026a8f,Lychee Gold Low Alc Bt 330Ml,0.09,0.17,9799865953123458.0,-0.05,-0.1,0.14,1.4610028182584994e+16,0.03,0.09
11ef9fa9e874d5c4a5820acdfb026a8f,Suntory -196 6% Lemon Cn 24Pk,0.85,1.07,1.2240353841052413e+17,-0.69,-1.44,0.5,2.1663129052883972e+16,0.19,0.72
11ef9fa9e8a73a6e9f5c0acdfb026a8f,Kook Soon Dang Rice Wine Grape 750Ml 12Pk,0.01,0.17,1194327822660119.5,0.01,0.02,0.17,3119866621162228.0,-0.0,0.01
11ef9fa9e87f4a189c290acdfb026a8f,Wolf Blass Yellow Label Cabernet Sauvignon 750Ml,0.02,0.08,1.255030885823304e+16,0.05,0.11,0.09,1.9196266024055364e+16,0.1,0.17
11ef9fa9e86146b2a76c0acdfb026a8f,Devils Corner Pinot Noir,0.05,0.18,1928719779572970.2,-0.0,-0.01,0.16,7074789051995391.0,0.01,0.06
11ef9fa9e8d91c1e9fe80acdfb026a8f,Bombay Sapphire Citron Presse 700Ml,0.01,0.09,945215474330650.2,-0.0,-0.0,0.08,442249284766100.4,-0.0,0.0
11efb36e343b14b49450026bcf34787f,Hop Nation Simcoe IPA 6.5% Can 440ml 16pk,0.01,0.03,415165283994597.94,0.0,0.01,0.03,1148134060667563.8,0.0,0.03
11ef9fa9e856abe4b0250acdfb026a8f,Oyster Bay Pinot Noir 750ml,0.09,0.08,2.726926569011757e+16,0.12,0.24,0.12,4.022752483529664e+16,0.25,0.47
11ef9fa9e8755c4c9c140acdfb026a8f,De Bortoli Woodfired Sparkling Shiraz 750Ml,0.01,0.18,2905686787685665.5,-0.01,-0.02,0.17,217364501304741.84,-0.02,-0.02
11ef9fa9e8f7d8fc8e300acdfb026a8f,Carlton Dry Keg,0.06,0.52,4129730973945829.0,-0.01,-0.02,0.49,9072889279876596.0,-0.02,0.02
11ef9fa9e8d92d26adfd0acdfb026a8f,Totino Classic Range Shiraz 750Ml,0.01,0.04,223391934401792.53,0.0,0.0,0.04,1349961711028428.8,0.01,0.02
11ef9fa9e874caa2b1fd0acdfb026a8f,Bond St Blue Fresh Burst 20S,0.03,0.3,643943273049829.2,0.0,0.0,0.3,8838827937319609.0,-0.04,-0.01
11ef9fa9e8610ee0b6440acdfb026a8f,Bundaberg OP Cola Can 6% 375mL Can 3x10pk,3.53,2.28,124.27,3.65,7.38,7.28,414.79,4.05,10.69
11ef9fa9e8ceb38cafcc0acdfb026a8f,Innocent Bystander Yarra Valley Syrah 750Ml,0.01,0.08,422431309744461.1,0.0,0.01,0.08,2763177590791702.5,0.01,0.02
11ef9fa9e8a73c948e2e0acdfb026a8f,Lotte Chum Churum Soonhari Peach Soju Bt 360 20Pk,0.03,0.03,747393507078989.5,-0.0,-0.01,0.04,1.0162893388343298e+16,0.01,0.05
11ef9fa9e84a77f2b0350acdfb026a8f,Jacobs Creek Chardonnay Pinot Noir 750Ml Bottle,0.16,0.08,3.645175241630673e+16,0.13,0.27,0.18,6.742851024552714e+16,0.31,0.62
11ef9fa9e889312cb1aa0acdfb026a8f,Marlboro 20S Ice Blast 10Pk,0.01,0.1,414648575142367.9,0.0,0.01,0.1,3070737602553638.5,0.01,0.04
11ef9fa9e87f96c6822d0acdfb026a8f,Taylors Estate Pinot Noir Rose 750Ml,0.03,0.17,4829454372599239.0,0.02,0.04,0.19,1.949515964332952e+16,0.02,0.08
11ef9fa9e8755ad09fb20acdfb026a8f,De Bortoli Kv Prosecco Rose 750Ml,0.14,0.1,2779189221756741.5,-0.02,-0.04,0.09,3.0938322139117376e+16,0.13,0.23
11ef9fa9e87f62509a990acdfb026a8f,Banrock Station Moscato Pink 1L,0.04,0.19,4298922329360917.0,-0.02,-0.04,0.17,8071155890285514.0,-0.01,0.02
11ef9fa9e87f832aad630acdfb026a8f,The Coldstream Guard Pinot Noir 750Ml,0.0,0.08,427045997835412.6,0.0,0.01,0.08,415512275308734.56,0.02,0.03
11ef9fa9e893711ea26f0acdfb026a8f,Les Peyrautins Chardonnay 750Ml,0.01,0.09,1242264056362029.8,-0.0,-0.01,0.09,1681433170751415.5,0.0,0.01
11ef9fa9e86b2baab90a0acdfb026a8f,White Claw Refresh Lime Seltz Cn,0.09,0.42,1303432592975769.2,0.0,0.0,0.43,1.7307938259480484e+16,-0.0,0.09
11ef9fa9e86b8b729bf40acdfb026a8f,Malibu And Passionfruit Cn,0.01,0.02,9304831548700234.0,-0.02,-0.05,0.01,3376419817343054.5,0.0,-0.0
11ef9fa9e8f7cdbc8a640acdfb026a8f,Jameson Cola 4.8% Can 330Ml,0.76,0.68,445.72,0.69,1.4,0.73,710.81,1.35,2.2
11ef9fa9e8617556a4920acdfb026a8f,Wild Turkey & Cola 101 Zero 6.5% Can 375Ml 3x10pk,12.68,8.36,283.0,8.55,17.3,10.57,485.3,19.76,34.31
11ef9fa9e8bb526a85e50acdfb026a8f,Rameau D'or Provence Rose,0.01,0.05,1721279920025714.0,-0.01,-0.01,0.04,125070168493626.2,-0.0,-0.01
11ef9fa9e8ed76be89e20acdfb026a8f,Aromantiques Chardonnay 750Ml 6Pk,0.01,0.09,1717234239592591.8,-0.01,-0.01,0.08,1280525702943496.0,-0.01,-0.0
11ef9fa9e8933cdaa97f0acdfb026a8f,Pizzini Pinot Grigio 750Ml,0.03,0.79,2677438817686871.5,0.03,0.07,0.79,8402836658700566.0,-0.14,-0.07
11ef9fa9e87f3e2e9e100acdfb026a8f,Wynns Coonawarra Shiraz 750Ml,0.07,0.25,7471592815115069.0,0.03,0.07,0.25,2.4063629200306724e+16,0.07,0.18
11ef9fa9e856ab30958b0acdfb026a8f,Oyster Bay Chardonnay 750ml,0.31,0.5,2567949459304561.5,-0.01,-0.01,0.53,7.317283132912805e+16,0.18,0.52
11ef9fa9e8568452ad260acdfb026a8f,Licor 43 700Ml,0.01,0.08,23027115713476.99,0.0,0.0,0.08,921852436610309.0,0.0,0.01
11ef9fa9e8934a36a55d0acdfb026a8f,Jps+ 20S Crushball Gold 10Pk,0.01,0.3,2464038524718128.0,0.02,0.05,0.3,4790864991419410.0,-0.02,0.04
11ef9fa9e8614cb6bca00acdfb026a8f,Bond Seven Whisky 700Ml,0.05,0.25,1.5134505168322828e+16,0.07,0.14,0.25,2.6163895350696864e+16,0.08,0.2
11ef9fa9e8c4cdea93140acdfb026a8f,Red Rock Deli Honey Soy Chicken 90G,0.05,0.12,1294559476353561.2,0.0,0.01,0.13,1.2054465801986392e+16,0.02,0.09
11ef9fa9e87f346aad840acdfb026a8f,Yalumba Galway Shiraz 750Ml,0.01,0.25,3589470984798094.5,0.02,0.05,0.25,3909230183337486.0,0.01,0.06
11ef9fa9e87f7c18ae040acdfb026a8f,Tread Softly Sauvignon Blanc 750Ml,0.06,0.17,913044790911685.0,-0.0,-0.01,0.16,1.105296331966712e+16,0.05,0.11
11ef9fa9e8755b8eacf30acdfb026a8f,De Bortoli Scared Hill Brut 750Ml,0.04,0.25,3030816975223665.5,0.02,0.04,0.24,8676197230450145.0,0.05,0.1
11efb36e07ab7a5686c00205d53ad2d7,Hop Nation Fiend IPA 5.4% Can 16pk,0.02,0.17,7887531841524666.0,-0.03,-0.06,0.13,1024851909603733.2,0.04,0.13
11ef9fa9e856eb049f5d0acdfb026a8f,Taylors Estate Chardonnay 750Ml,0.38,1.68,3.5980536518369876e+16,-0.1,-0.23,1.46,1.088437729045244e+16,0.56,0.78
11ef9fa9e8a75cd8a1960acdfb026a8f,Suntory Strong Zero Apple 9% 350Ml 24Pk,0.0,0.04,398531332119655.8,0.0,0.01,0.04,882173529705655.6,0.0,0.01
11ef9fa9e8e2d5e29fe40acdfb026a8f,Hop Nation The Chop Ipa Can 355Ml 16Pk,0.04,0.26,2310843639701217.0,-0.01,-0.02,0.25,6580651942430566.0,0.02,0.04
11ef9fa9e8f76106a6af0acdfb026a8f,Breheny Brothers Superior Stout,0.02,0.04,453547824610492.7,-0.0,-0.01,0.05,1412238118191303.8,-0.01,0.01
11ef9fa9e8a7323a876d0acdfb026a8f,Grant Burge Miamba Shiraz 750Ml,0.03,0.09,2331247533231587.0,-0.01,-0.03,0.09,4887687810706708.0,0.01,0.03
11ef9fa9e87f4e50b0d50acdfb026a8f,Vok C/Tl Cosmo Rts 2L,0.01,0.13,983016911384606.9,-0.0,-0.0,0.13,101278934497430.28,0.01,0.02
11ef9fa9e8a72d628e6b0acdfb026a8f,Grant Burge 5Th Generation Merlot 750Ml,0.01,0.09,742683757370021.0,-0.0,-0.0,0.08,281912807039531.25,-0.0,0.01
11ef9fa9e8a741e4a84c0acdfb026a8f,Muhak Good Day Green Grape Soju Bt 360Ml 20Pk,0.13,0.2,3.85549022621313e+16,-0.18,-0.38,0.09,1.0744733334517446e+16,-0.11,-0.18
11ef9fa9e8a745c2af560acdfb026a8f,Muhak Good Day Tropical Soju Bt 360Ml 20Pk,0.02,0.05,4963973973802845.0,-0.03,-0.07,0.02,863092233261222.1,-0.0,-0.01
11ef9fa9e8b19644be960acdfb026a8f,Smirnoff Lime & Soda Can 330Ml 24Pk,0.02,0.09,1602809634482801.2,-0.0,-0.01,0.09,476174901597122.9,0.0,0.05
11ef9fa9e86b8c2692830acdfb026a8f,Four Pillars Shiraz Gin,0.01,0.17,29858051511486.74,0.0,0.01,0.17,2873024303747004.5,0.0,0.01
11ef9fa9e8f7bbce89300acdfb026a8f,Suntory Strong Zero Pineapple Lemon 6% 350Ml 24Pk,0.01,0.02,675961110927177.6,-0.0,-0.01,0.02,675091350930796.0,0.0,0.0
11ef9fa9e8ed19c6b5ba0acdfb026a8f,Ampersand Pink Gin & Soda Can 4% 330Ml,0.02,0.14,2799673283276998.5,-0.01,-0.02,0.14,5505336050619600.0,-0.01,0.01
11ef9fa9e8f78050ba470acdfb026a8f,Hendricks Lunar Gin 43.4%700Ml,0.01,0.09,1941106000133859.0,-0.01,-0.01,0.08,851512127267964.5,-0.01,-0.0
11ef9fa9e86af7e8aaeb0acdfb026a8f,Carlton Zero Bt,0.15,1.23,2.3172442244567996e+16,-0.08,-0.17,1.11,2077528347070487.0,-0.26,-0.17
11ef9fa9e8e2fc8494050acdfb026a8f,Brookvale Union Vodka Tropical Punch Can 330Ml,0.05,0.12,8310200041265398.0,-0.04,-0.07,0.08,4142318583445754.0,0.0,0.01
11efb38c9e7407329866026bcf34787f,Meditrina Claire Valley  Fiano 750ml Bottle,0.01,0.09,2531994505286062.5,-0.01,-0.02,0.08,51635311505407.49,-0.01,-0.01
11ef9fa9e8e2d312990a0acdfb026a8f,Bundaberg Lemon Squash Can 375Ml 24Pk,0.02,0.03,1141025911652020.0,-0.01,-0.02,0.02,931345072135303.8,0.04,0.04
11ef9fa9e8f7c7369f7c0acdfb026a8f,Suntory -196 Mixed 30Pk 330mL,2.9,5.47,338.49,-3.79,-7.66,0.53,39.07,1.26,2.14
11ef9fa9e85680b0814c0acdfb026a8f,Kahlua Mexican Liqueur 700Ml,0.06,0.5,7670234193820697.0,0.05,0.11,0.5,1.6480866740838188e+16,0.03,0.14
11ef9fa9e87f3dd48c000acdfb026a8f,Wynns Coonawarra Siding Cabernet Sauvignon 750Ml,0.03,0.17,6744106393416267.0,0.03,0.07,0.16,1.2576041455894408e+16,0.05,0.1
11ef9fa9e8619eaa9b740acdfb026a8f,Bearded Lady 10% Cn,1.45,0.55,1206.71,0.68,1.38,0.8,1624.64,1.13,2.6
11ef9fa9e8f78b36ae290acdfb026a8f,Bright Brewery S'mores Imperial Milk Stout 10% 440M,0.0,0.04,796846413282660.8,-0.0,-0.0,0.03,396656937777850.0,0.0,0.0
11ef9fa9e8f7841097d60acdfb026a8f,Menabrea Birra Bottle 330mL 24Pk,0.04,0.29,532847156901198.25,0.01,0.03,0.33,2.080887252879559e+16,0.01,0.06
11ef9fa9e8f7dabebcd30acdfb026a8f,Teremana Tequila Blanco 40% 700Ml,0.0,0.08,584600409109430.0,0.01,0.02,0.08,1362434291137010.5,0.02,0.05
11ef9fa9e85694b0ae490acdfb026a8f,Malibu 700Ml,0.08,0.08,9879208794328052.0,0.03,0.07,0.1,2.4566470555191576e+16,0.1,0.21
11ef9fa9e8e2cb7e8ecc0acdfb026a8f,Taylors Promised Land Rose 750Ml,0.03,0.19,4404164202039493.0,-0.02,-0.03,0.16,888738723810546.5,-0.03,-0.01
11ef9fa9e86b78e49a090acdfb026a8f,Little Creatures Pale Ale Cn 375Ml 16Pk,1.99,1.89,153.31,-0.8,-1.62,0.21,15.64,0.76,1.95
11efb386ba950cb48b950205d53ad2d7,Bright Brewery Rasberry Disco Midwest Sour Can 355ml 24pk,0.03,0.12,4392485388056400.0,0.03,0.07,0.13,8900782328143761.0,0.08,0.12
11ef9fa9e8d93a46a3520acdfb026a8f,Hardys Vr Sauvignon Blanc 3L,0.09,0.52,3569346755956819.5,-0.01,-0.02,0.51,1.6147585269423044e+16,-0.05,0.05
11ef9fa9e892f3a6945f0acdfb026a8f,Houghton Stripe White Classic 750Ml,0.05,0.33,4084554561826478.0,0.02,0.05,0.34,1.5038711358340216e+16,0.05,0.12
11ef9fa9e8a73be0b52f0acdfb026a8f,Lotte Chum Churum Blueberry Soju 360Ml 20Pk,0.03,0.1,1822040292420802.8,0.01,0.02,0.11,1.0156105564318618e+16,0.02,0.06
11ef9fa9e8935f9498fd0acdfb026a8f,Mud House Marlborough Pinot Gris 750Ml,0.04,0.08,1520018780382691.5,0.01,0.01,0.08,8240192316979308.0,0.05,0.08
11ef9fa9e856b846a2750acdfb026a8f,Powerade Berry Ice Bt 600Ml,0.06,0.05,1678998385187381.2,-0.02,-0.03,0.06,1.3556181597784064e+16,0.05,0.12
11ef9fa9e89342ac9a260acdfb026a8f,Penfolds Maxs Chardonnay 750Ml,0.03,0.08,2431499195789320.5,0.01,0.02,0.08,5745344475849490.0,0.03,0.08
11ef9fa9e8b1414e82bd0acdfb026a8f,Wolf Blass Zero Alcohol Sparkling Cuvee 750Ml,0.0,0.09,959682887599080.2,-0.0,-0.0,0.08,507600820743638.9,0.0,0.0
11ef9fa9e89d0f808deb0acdfb026a8f,Peter Lehmann S/Well Shz 750Ml,0.0,0.09,1484587727734748.0,-0.0,-0.01,0.09,858250250660977.8,-0.0,-0.0
11ef9fa9e8751f0cb0430acdfb026a8f,Victoria Bitter 375Ml Can 10Pk,3.49,7.96,194.54,-2.65,-5.35,3.16,51.82,1.84,4.02
11ef9fa9e89d8db6aa3a0acdfb026a8f,Famous Grouse Scotch Whisky 700Ml,0.07,0.17,3916405217960772.5,0.02,0.04,0.19,2.6443127349726024e+16,0.05,0.14
11ef9fa9e8bb67c8895b0acdfb026a8f,Hope Lemon Lime Sour 3.7% Can 375Ml,0.05,0.51,1215.56,-0.02,-0.04,0.04,100.0,0.07,0.18
11ef9fa9e89d5fb2b9d80acdfb026a8f,Patron Anejo 700Ml 6Pk,0.02,0.17,2406750300207481.0,0.01,0.03,0.17,7157917630142630.0,0.01,0.05
11ef9fa9e8b12f06b31b0acdfb026a8f,Plus & Minus 0% Pinot Grigio 750Ml,0.01,0.09,756480967290667.2,-0.0,-0.01,0.08,539584281901499.25,0.0,0.01
11ef9fa9e86b0aeea2d70acdfb026a8f,Pepperjack Malbec 750Ml 6Pk,0.02,0.17,2430338518589484.5,0.01,0.03,0.17,5875771843930106.0,0.02,0.06
11ef9fa9e8e2b8fa98770acdfb026a8f,Tatachilla White Admiral Sauvignon Blanc 750Ml,0.01,0.17,2163286907940795.2,0.01,0.03,0.17,4561826530633316.0,0.0,0.04
11ef9fa9e8cf27cc911a0acdfb026a8f,De Bortoli Re Write Chardonnay 750Ml,0.01,0.09,1397385984520136.8,-0.0,-0.0,0.08,74613397442192.66,0.02,0.04
11ef9fa9e87f61f6a0870acdfb026a8f,Banrock Station Moscato 1L,0.06,0.42,162154690146131.2,0.01,0.02,0.41,9686706864369678.0,0.01,0.08
11ef9fa9e8e3321cae8b0acdfb026a8f,Olmeca Altos Lime Margarita Can 330Ml,0.02,0.1,2738720551843202.5,-0.01,-0.02,0.08,1253611452675565.5,-0.01,-0.01
11ef9fa9e856a60887670acdfb026a8f,Mumm Cordon Rouge Nv,0.03,0.08,1431159590126308.0,0.01,0.01,0.09,1.1351681048290596e+16,0.04,0.07
11ef9fa9e8a72b9682350acdfb026a8f,Giesen Estate Merlot 750Ml,0.0,0.08,77346238812870.12,0.0,0.0,0.08,326684603943593.2,0.0,0.01
11ef9fa9e86161d8b8300acdfb026a8f,Gordons Pink & Soda Btl 330Ml,0.12,0.25,995944228998193.1,-0.0,-0.0,0.26,3.145542652462317e+16,0.04,0.16
11ef9fa9e888e1b8b9dc0acdfb026a8f,Taylor Made Pinot Noir Rose 750Ml,0.04,0.18,1929711995675296.5,-0.01,-0.01,0.16,4636271782834187.0,-0.0,0.03
11ef9fa9e8c50a0885c50acdfb026a8f,Taylors Jaraman Sauvignon Blanc 750Ml,0.02,0.08,710233667984590.4,0.0,0.01,0.09,5415885907391894.0,0.01,0.04
11ef9fa9e8bb51fc8d240acdfb026a8f,De Bortoli La Boheme Act 2 Rose,0.02,0.42,366018581326910.06,0.01,0.03,0.42,4373292652787735.0,-0.03,-0.0
11ef9fa9e856b0bc93800acdfb026a8f,Penfolds Club Port,0.04,0.33,6849570421711665.0,0.04,0.08,0.34,1.5504541204318066e+16,0.02,0.09
11ef9fa9e888ea00bda50acdfb026a8f,Wirra Wirra Mrs Wigley Rose 750Ml,0.02,0.1,3201115693644543.5,-0.01,-0.03,0.09,2228263573699599.5,-0.0,0.02
11ef9fa9e875509e92930acdfb026a8f,Billecart Salmon Brut Reserve 750Ml,0.0,0.09,930057718142892.0,-0.0,-0.0,0.09,566713130365788.8,-0.0,0.0
11ef9fa9e8f7522ebabe0acdfb026a8f,Brick Lane Nitro Cola Can 330Ml 16Pk,0.01,0.14,2696185265158476.5,-0.01,-0.02,0.13,418982076914647.2,0.0,0.0
11ef9fa9e856eaaa949d0acdfb026a8f,Taylors Estate Cabernet Sauvignon 750Ml,0.48,1.17,2.207295111319566e+16,0.07,0.12,0.98,5.1752215514915464e+16,0.62,0.97
11ef9fa9e8f7bc1e9a600acdfb026a8f,Suntory Strong Zero Green Apple 9% Can 500Ml 24Pk,0.01,0.02,592817913292736.9,-0.0,-0.01,0.02,1085450879083688.6,-0.0,0.0
11ef9fa9e87f09f49e4a0acdfb026a8f,Yves Premium Cuvee 750Ml,0.03,0.08,2848701810990852.5,0.01,0.03,0.1,1.5258356474459224e+16,0.03,0.07
11ef9fa9e892df7eb8560acdfb026a8f,Taylors Jaraman Chardonnay 375Ml,0.0,0.04,629848073638672.0,-0.0,-0.0,0.04,153849424063309.88,0.0,0.01
11ef9fa9e87efe969f390acdfb026a8f,Banrock Station Chardonnay 1L,0.03,0.25,1999426839420011.8,0.01,0.03,0.25,9419135484877440.0,-0.01,0.04
11ef9fa9e84a18de97960acdfb026a8f,Carlsberg Green Bt 330Ml,1.6,1.9,80.97,0.57,1.15,0.52,20.26,1.62,3.94
11ef9fa9e8e2b396965c0acdfb026a8f,Nericon Shiraz 750Ml,0.04,0.09,1.1687594109842626e+16,-0.06,-0.12,0.05,2254658290303677.0,-0.02,-0.03
11ef9fa9e8a79bdaae420acdfb026a8f,Suntory Strong Zero 9% Double Grapefruit Cocktail,0.01,0.03,1790761284747313.0,-0.01,-0.01,0.02,15719195673320.01,-0.01,-0.0
11ef9fa9e8567ebcba9b0acdfb026a8f,Jps 20S Red 10pk,0.02,0.25,917957620338721.5,0.0,0.0,0.25,1550983173255707.8,0.01,0.04
11ef9fa9e8b11eee89780acdfb026a8f,Heaps Normal Another Lager Can 375Ml,0.02,0.09,648321071439856.4,-0.0,-0.01,0.09,7523959982868438.0,0.01,0.02
11ef9fa9e8baff1881b60acdfb026a8f,Hop Nation Melbourne Fog Hazy Pale 4.8% Can 355Ml,0.02,0.38,821391387172719.0,0.0,0.01,0.38,4310928877921644.0,-0.02,0.01
11ef9fa9e8e325f6a5870acdfb026a8f,James Squire 150 Lash Pale Ale Bt 24PK 330M,0.08,0.12,2846417221508038.0,0.01,0.03,0.1,2.3212548493433876e+16,0.07,0.11
11ef9fa9e8756228a12d0acdfb026a8f,Grant Burge Pinot Chard Nv 200Ml,0.07,0.31,450.16,0.04,0.1,0.04,33.33,0.18,0.32
11ef9fa9e8a73a148bec0acdfb026a8f,Kook Soon Dang Rice Wine Banana 750Ml 12Pk,0.02,0.17,1136878739366230.0,-0.0,-0.0,0.17,1640991709206506.0,-0.01,0.0
11ef9fa9e8a718d681010acdfb026a8f,De Bortoli Woodfired Cabernet Sauvignon 750Ml,0.04,0.08,1948667320248979.0,0.01,0.02,0.09,9572289077665336.0,0.06,0.09
11ef9fa9e86b0986868d0acdfb026a8f,The Drover Shiraz 750Ml,0.02,0.25,2793352272399906.0,0.02,0.04,0.25,3427609339398893.5,-0.0,0.03
11ef9fa9e8bafebeb0d80acdfb026a8f,Hop Nation J.Juice Hazy Ipa 7.1% Can 355Ml,0.11,0.25,1711155271740214.8,0.0,0.0,0.25,2.1579396685442052e+16,0.07,0.23
11ef9fa9e86b6a52babd0acdfb026a8f,Great Northern Zero Bt,0.21,1.5,4819599113804106.0,0.0,0.01,1.47,3.9335771747653096e+16,-0.13,0.1
11ef9fa9e87f27a4bc8d0acdfb026a8f,Yalumba Y Series Cabernet Sauvignon 750Ml,0.06,0.75,6659080942721790.0,0.04,0.09,0.75,1.6100618531612856e+16,-0.01,0.11
11efb1fc57a0aaae90d502134caa4f9f,Balter Hazy IPA Pint,24.49,25.09,109.55,-2.58,-5.17,4.19,15.2,22.96,44.31
11efb38657300bf6b2c10205d53ad2d7,Bright Brewery Big Jolly Boi West Coast Pils 2024 Can 16pk 440ml,0.01,0.25,377094736759435.4,0.01,0.03,0.25,3141738074317149.0,-0.05,-0.02
11ef9fa9e87ef52cad590acdfb026a8f,T'gallant Sparkling Prosecco 750Ml,0.02,0.1,3646223751506647.0,-0.02,-0.04,0.08,810386301996366.2,-0.01,-0.0
11ef9fa9e8f7ec5c9c350acdfb026a8f,Pure Blonde Cider B330ml,0.13,1.04,9484636465590230.0,-0.03,-0.06,1.0,1.9002088777904588e+16,-0.05,0.08
11ef9fa9e8e30670809c0acdfb026a8f,Killer Sprocket Amber Ale Can 375Ml,0.02,0.1,3455437721545254.5,-0.01,-0.03,0.08,1403952802706593.8,-0.01,-0.01
11ef9fa9e8a70760975c0acdfb026a8f,Brown Brothers Origins Shiraz 750ml,0.01,0.08,1238030265205296.8,0.01,0.02,0.09,4034699106941615.5,0.01,0.02
11ef9fa9e8570d96bd560acdfb026a8f,Woodford Reserve Bourbon 700Ml,0.05,0.33,3494976387034181.5,0.02,0.04,0.33,1.0437916725397764e+16,0.01,0.08
11ef9fa9e889608497930acdfb026a8f,Twin Islands Sauvignon Blanc 750Ml,0.01,0.08,60697309389791.52,0.0,0.01,0.08,971497321630740.0,0.01,0.03
11ef9fa9e86b66babd830acdfb026a8f,Wet Pussy 700Ml Btl,0.07,0.42,2365855185931040.0,0.02,0.04,0.39,1.5564958693788484e+16,-0.01,0.08
11ef9fa9e84a0e7a918b0acdfb026a8f,Bundaberg Rum Up 1L,0.64,0.48,237.82,0.74,1.49,2.23,1120.41,1.01,2.31
11ef9fa9e87f053ab2e90acdfb026a8f,Yarra Burn Premium Cuvee 750Ml,0.06,0.17,7655938494196892.0,0.03,0.07,0.16,1.67543550362277e+16,0.05,0.09
11ef9fa9e84a5a2ea5fc0acdfb026a8f,Gossips Sauvignon Blanc 750Ml,61.63,97.88,177.68,-6.79,-13.63,67.44,105.25,90.44,152.21
11ef9fa9e87f11429c940acdfb026a8f,Berri Estates Fresh Dry White Cask 5L,15.83,11.97,141.24,-4.66,-9.39,8.37,162.75,18.9,32.13
11ef9fa9e84a5862812c0acdfb026a8f,Gossips Chardonnay 750Ml,81.37,37.68,377.25,-46.02,-92.89,37.17,441.47,73.21,164.89
11ef9fa9e84a5920813d0acdfb026a8f,Gossips Merlot 750Ml,3.58,20.77,4.167365202905915e+16,0.0,0.0,23.1,1.6328359331146432e+18,0.33,2.13
11ef9fa9e84a59d4a8d90acdfb026a8f,Gossips Rose 750Ml,23.89,33.43,5644.82,-35.95,-72.63,19.71,5167.69,28.69,26.8
11ef9fa9e8f7b43aa95b0acdfb026a8f,Gossips NV Brut Cuvee 750Ml,0.05,0.3,1.1577117127196718e+16,-0.05,-0.1,0.26,204774966567373.75,-0.03,0.02
11ef9fa9e8ed284495fe0acdfb026a8f,Hachii Super Freeze Vodka Soda Mandarin 9% 350Ml,0.06,0.24,1.5591306097758556e+16,-0.07,-0.14,0.17,579310262385936.0,-0.04,0.02
11ef9fa9e84a6eec9dfc0acdfb026a8f,Jack Daniels & Cola Can 375Ml 24Pk,14.79,9.98,216.1,-6.19,-12.49,10.31,379.39,6.84,22.65
11ef9fa9e857037885250acdfb026a8f,Wild Turkey Cola 101 6.5% Can 2X12pk,1.13,3.75,2.9381202013002e+16,0.13,0.26,3.08,2.439387763142646e+17,1.31,2.46
11ef9fa9e856f90085fd0acdfb026a8f,Upside Down Marlborough Sauvignon Blanc 750Ml,3.33,9.46,183.93,-3.43,-6.93,0.4,8.25,5.81,12.66
11ef9fa9e84a597a84e20acdfb026a8f,Gossips Pinot Grigio 750Ml,1.37,1.53,1.54120968662758e+17,-0.68,-1.38,1.14,1.1868447637454466e+17,1.56,2.3
11ef9fa9e84a5c9aa0360acdfb026a8f,Gossips Sweet Lips Pink Moscato 750Ml,38.13,84.09,579.17,-59.19,-119.59,29.95,150.52,17.66,20.01
11ef9fa9e8613f008b2f0acdfb026a8f,Moet & Chandon Imperial Brut,0.59,2.0,1.6578194750375222e+17,-0.77,-1.57,1.08,1.2324905930537142e+17,-0.62,-1.2
11ef9fa9e85688ee92b50acdfb026a8f,Little Creatures White Rabbit White Ale Bottle 330Ml,1.47,2.63,4.417683514560287e+17,-2.15,-4.4,1.23,1.9692245186369222e+17,-0.45,-1.15
11efb136ad77d964800c06c6f745c1e3,Peroni Nastro Azzurro Btl Loose 12pk,2.04,2.38,4.692858856144169e+17,-2.27,-4.65,0.16,9516786880762840.0,0.18,0.27
11ef9fa9e8f7871cadae0acdfb026a8f,Balter Cerveza Can 375Ml 24Pk (Passed Date),17.25,1.99,64.57,-26.08,-58.38,15.0,46.88,24.0,17.0
11ef9fa9e8ed397ea6a10acdfb026a8f,Howler Head & Cola 6% 330Ml,0.01,0.17,1087334562741356.2,-0.0,-0.0,0.16,260707413322714.3,0.0,0.0
11ef9fa9e856f522ace40acdfb026a8f,UDL Ouzo & Cola Can 375Ml 24Pk,1.39,2.65,438.6,-1.85,-3.74,0.76,127.29,0.46,2.05
11ef9fa9e856f5e0aee00acdfb026a8f,UDL Vodka & Orange Can 375Ml 24Pk,0.06,0.18,1.2102858254190132e+16,-0.05,-0.11,0.13,4446080913311064.0,-0.02,-0.01
11ef9fa9e856b22491160acdfb026a8f,Pepperjack Barossa Cabernet Sauvignon 750Ml,5.84,1.78,44.45,1.53,3.1,3.74,93.47,4.24,8.87
11ef9fa9e8f7e414bce40acdfb026a8f,Chamisul Green Grape Soju 360ml,0.23,0.6,3.706153634374336e+16,0.17,0.34,0.7,1.1832315791830667e+17,0.27,0.67
11ef9fa9e8c4eafa80150acdfb026a8f,Plastic Ring Box,0.0,0.0,0.0,0.0,0.0,0.0,0.0,0.0,0.0
11ef9fa9e8f76e76be310acdfb026a8f,3099 Salt & Vinegar Jerky 50G,1.92,0.58,1.7751174764039404e+16,-0.27,-0.57,1.47,5.161632399555231e+17,1.58,3.06
11ef9fa9e8ff776ab3530acdfb026a8f,Hahn Ultra Low Carb Bottle (Short Date),1.31,2.12,2.331182714940833e+17,-1.35,-2.9,2.23,2.69542666932752e+17,-1.11,-0.21
11ef9fa9e89345ea97730acdfb026a8f,Bond Street 20S Blue Classic 10Pk,0.03,0.02,6921062460144530.0,-0.02,-0.04,0.0,824757773736308.9,0.02,0.03
11ef9fa9e8570bc0bb4f0acdfb026a8f,Winfield 25S Flow Filter Sky Blue,0.04,0.12,3860703492464191.5,0.02,0.04,0.13,9788485614878648.0,0.05,0.12
11ef9fa9e86b1598a1950acdfb026a8f,Bundaberg Up & Zero 4.6% 10Pk 375Ml,0.11,0.2,1.3854478371445526e+16,0.05,0.11,0.23,4.050552899855729e+16,0.11,0.28
11ef9fa9e8a77bc8859f0acdfb026a8f,Strongbow Low Carb Can 375Ml 30Pk,3.72,3.02,66.45,1.39,2.82,2.85,210.66,3.42,8.39
11ef9fa9e8bb5d14bfca0acdfb026a8f,Haig Extra & Cola 6.5% Can 375mL 24pk,0.25,0.74,6.9771664408020664e+16,0.33,0.67,0.79,1.536165907516577e+17,0.38,0.92
11ef9fa9e86b4298bef00acdfb026a8f,Makers Mark 46 Bourbon 700Ml,0.02,0.09,2115844254723431.2,-0.01,-0.01,0.08,394877719609507.3,-0.0,0.01
11ef9fa9e86b24169f790acdfb026a8f,Good Tides Hard Seltzer Sparkling Water & Raspberry,0.04,0.17,3093865108844130.5,0.02,0.03,0.17,1.0913933998020808e+16,0.03,0.09
11ef9fa9e89d2b46bf810acdfb026a8f,Penfolds B128 Shiraz 2018 750Ml,0.0,0.08,105611897936700.81,0.0,0.01,0.08,332577675479050.6,0.01,0.03
11ef9fa9e856ddbca21b0acdfb026a8f,Somersby Blackberry Cider Bt 330Ml 24Pk,0.04,0.69,4391169734945036.5,0.0,0.01,0.67,2391032394218096.5,-0.05,0.03
11ef9fa9e849e8dc98b40acdfb026a8f,Bacardi Carta Gold 700Ml,0.0,0.09,570040509138163.0,-0.0,-0.0,0.08,49600336653486.95,-0.0,0.0
11ef9fa9e84a103cbae40acdfb026a8f,Bundaberg Up & Cola Bt 345Ml 24Pk,0.17,0.42,8853178023337766.0,-0.04,-0.09,0.37,2.5091603492046064e+16,0.07,0.25
11ef9fa9e861443ca1730acdfb026a8f,Jack Daniels Double Jack & Dry Can 375Ml 24Pk,0.03,0.11,1348702796626654.5,-0.0,-0.01,0.11,6105934899691324.0,0.01,0.04
11ef9fa9e8b116c49b3c0acdfb026a8f,Fever Tree Grape Fruit Soda 200Ml,0.01,0.03,1090238574006221.9,-0.01,-0.01,0.02,1132292052302300.5,-0.0,0.01
11ef9fa9e8f769eeb0100acdfb026a8f,Hahn Superdry Can Low Carb  375Ml 24Pk (Short Date),0.05,0.22,2690065832807601.5,-0.01,-0.03,0.17,2963964098573913.5,0.08,0.1
11ef9fa9e8f7b53e84380acdfb026a8f,Jack Daniels Coca Cola Can 350Ml,0.01,0.08,4265943503410819.0,0.02,0.04,0.08,6474624588318212.0,0.03,0.06
11ef9fa9e8ceb90ea0ef0acdfb026a8f,Canadian Club & Dry 3.5% Can 24Pk,0.45,14.88,4.135079875563491e+17,2.9,6.06,15.18,6.724146795766652e+17,0.2,4.61
11ef9fa9e84a8c42bb4a0acdfb026a8f,Jim Beam White & Cola Bt 500Ml 12Pk,0.07,0.33,4084662066809854.5,0.01,0.03,0.33,2.17581211279556e+16,0.03,0.16
11ef9fa9e8ed328abf4b0acdfb026a8f,Powerade Zero Strawberry Lemon 600Ml,0.01,0.04,1458190266510770.0,0.01,0.02,0.04,2679910259267067.0,0.02,0.03
11ef9fa9e8571d7c9ffe0acdfb026a8f,Jack Daniels Gentleman & Cola Bt 330Ml,1.27,2.71,86.21,0.68,1.37,2.8,390.51,1.99,3.88
11ef9fa9e89d6a5294c30acdfb026a8f,Glenmorangie The Original 10Yo 700Ml 6Pk,0.02,0.25,303008635130982.94,0.0,0.01,0.26,5130843761252738.0,-0.02,0.01
11ef9fa9e84a79509e060acdfb026a8f,Jacobs Creek Pinot Noir 750Ml,0.12,0.16,3.816987171128171e+16,0.16,0.32,0.19,6.442794211785855e+16,0.27,0.59
11ef9fa9e89d684099400acdfb026a8f,Glenfiddich Solera Reserve Single Malt 15Yo 700Ml,0.02,0.5,190718208759627.4,0.01,0.02,0.49,2902995109521220.0,-0.02,0.0
11ef9fa9e87ef6a8998c0acdfb026a8f,Babbling Brook Sauvignon Blanc 750Ml,0.06,0.08,3966827054223873.5,0.01,0.03,0.09,1.3619209476260664e+16,0.08,0.15
11ef9fa9e84a336eadd50acdfb026a8f,Cruiser Mudshake Classic Chocolate Bt 270Ml 24Pk,0.92,2.06,84.95,0.68,1.37,1.16,40.66,1.31,2.64
11ef9fa9e84a92b4a9160acdfb026a8f,Johnnie Walker Gold 700Ml,2.85,5.2,79.0,1.86,3.76,4.28,60.44,3.75,6.88
11ef9fa9e875157a92070acdfb026a8f,Hahn Super Dry 3.5 Can 3x10Pk,0.13,0.62,2.648732412341158e+16,-0.12,-0.24,0.51,1.3675983605899166e+16,-0.0,0.04
11ef9fa9e8d944509c3f0acdfb026a8f,Wild Turkey 81 Proof 40.5% 700ml,0.5,0.55,85.56,0.11,0.22,0.14,23.29,0.47,0.84
11ef9fa9e856df7e94480acdfb026a8f,Sovereign Point Classic Dry Red Cask 4.4L,0.03,0.75,1327941339424622.5,0.03,0.07,0.76,7286242998251622.0,-0.06,0.0
11ef9fa9e84a12f8ab4e0acdfb026a8f,Canadian Club & Cola 4.8% Bt 330Ml 24Pk,0.06,0.52,5009347458225084.0,-0.01,-0.03,0.49,3825465007443667.0,-0.03,0.01
11ef9fa9e8ed5364bafc0acdfb026a8f,Stone&Wood H/L H/Ale C375ml,0.02,0.87,1.2790770466912868e+16,0.11,0.24,0.88,9762066617349060.0,0.29,0.52
11ef9fa9e8e303008a3d0acdfb026a8f,Brookvale Vodka Red Pub Soda Can 330Ml 24Pk,1.86,5.21,128.58,0.57,1.15,4.47,164.7,2.78,5.67
11ef9fa9e856fee6b2da0acdfb026a8f,Victoria Bitter Gold 3.5% Can 375mL 30Pk Block,2.37,2.65,6.937465838922954e+17,2.86,5.86,4.8,1.3062354755006305e+18,6.43,11.52
11ef9fa9e8890d5aadae0acdfb026a8f,Jim Beam Black Extra Aged Bourbon 700Ml 12Pk,0.02,0.04,2233651602379564.0,0.01,0.01,0.04,6682227857875305.0,0.03,0.05
11ef9fa9e85681c8aaea0acdfb026a8f,Kraken Black Spiced Rum 700Ml,0.09,0.75,8579076288938167.0,0.06,0.11,0.74,2.0432750482394364e+16,-0.01,0.14
11ef9fa9e86b0e68bbd70acdfb026a8f,Jim Beam & Cola Zero 4.8% Can 375Ml Cube,0.84,2.49,5.668414288131567e+16,0.21,0.42,2.53,2.4393214405751546e+17,0.61,1.55
11ef9fa9e8c4b166b65e0acdfb026a8f,Johnnie Walker Red & Cola 4.8% Can 375Ml 30Pk,2.3,2.44,285.07,-1.24,-2.5,0.62,185.75,2.34,4.28
11ef9fa9e8a77844a0250acdfb026a8f,Rekorderlig Strawbery Lime 4% Btl 330Ml,0.04,0.16,1.2200697914325446e+16,0.05,0.11,0.17,1.9389701938339692e+16,0.08,0.19
11ef9fa9e8d945ae83500acdfb026a8f,Bundaberg & Cola 8% Can 250Ml,0.03,0.25,4099869785903702.5,0.02,0.05,0.25,1.3520411758064682e+16,0.0,0.05
11ef9fa9e8f78a32b8190acdfb026a8f,Brookvale Union Vodka Lemonade 4% Can 330Ml,2.09,3.28,170.29,-0.93,-1.88,1.75,62.27,1.58,2.9
11ef9fa9e8751408b58b0acdfb026a8f,Kraken Black Mojito Can 330ml 24PK,0.01,0.25,847545779634792.2,0.0,0.01,0.25,2294582380635439.5,-0.03,-0.02
11ef9fa9e85704d681b50acdfb026a8f,Wild Turkey 101 Proof Bourbon 700Ml,0.06,0.08,283761955175805.9,-0.0,-0.01,0.1,1.861824003716375e+16,0.05,0.11
11ef9fa9e856e032896e0acdfb026a8f,Sovereign Point Fruity Lexia Cask 4.4L,0.06,0.42,9817255593133366.0,-0.04,-0.07,0.37,1234001600034969.0,-0.04,-0.01
11ef9fa9e8ecf7c0badc0acdfb026a8f,Royal Salute 21 Year Old Lunar New Year 2024 700Ml,0.01,0.08,42505235971572.58,0.01,0.02,0.08,2164676698869090.5,0.05,0.07
11ef9fa9e8f7ccae94970acdfb026a8f,Fever Tree Dist Cola Btl 200Ml,0.01,0.25,329552315753415.75,0.01,0.02,0.25,4458707902030326.5,0.01,0.05
11ef9fa9e86b6cc883cb0acdfb026a8f,Makers Mark 1Ltr,0.02,0.09,1598486002401340.5,-0.01,-0.02,0.08,2820978161376949.0,0.01,0.02
11ef9fa9e86b07b0b9f00acdfb026a8f,Platinum Butterscotch 700Ml,0.02,0.18,2158477714579297.0,-0.01,-0.01,0.16,1921405636995153.0,-0.01,0.02
11ef9fa9e8a7ab8e99ef0acdfb026a8f,Divas Vkat Blueberry 700Ml 12Pk,0.01,0.08,2142729883682893.8,0.01,0.02,0.09,5493410777269248.0,0.01,0.03
11ef9fa9e856f414828a0acdfb026a8f,Twisties Cheese 90G,0.02,0.07,25353970457524.25,-0.0,-0.0,0.06,3841925285974365.0,0.01,0.04
11ef9fa9e84a7a04a41a0acdfb026a8f,Jacobs Creek Reserve Sauvignon Blanc 750Ml,0.03,0.08,5779927165335746.0,0.03,0.05,0.09,1.56700093619102e+16,0.03,0.09
11ef9fa9e874fc02bccc0acdfb026a8f,Good Tides Seltzer Mixed 30Pk,0.4,0.16,2.7975444989622704e+16,0.05,0.12,0.23,9.533765500011693e+16,0.47,0.86
11ef9fa9e8f78104a5270acdfb026a8f,Zonzo Nv Limoncello Sprtz750ml,0.79,1.94,107.02,0.3,0.61,1.79,213.0,1.46,2.9
11ef9fa9e86b93b082940acdfb026a8f,Jose Cuervo Spark Marg Cn,0.05,0.13,6369778641764880.0,-0.03,-0.07,0.11,5483017624992316.0,-0.01,0.02
11ef9fa9e8c4b4ccbe730acdfb026a8f,Kirks Lemonade Can 375Ml 20Pk,0.01,0.1,498820737832582.44,-0.0,-0.0,0.1,1766799674398014.5,-0.01,0.0
11ef9fa9e8ed58aa86e90acdfb026a8f,Hard Rated Lemon 4.5% Zero Sugar Can 375mL 24Pk,0.51,4.79,2.300235044031371e+17,1.4,2.91,5.05,5.05061075517145e+17,2.02,4.6
11ef9fa9e84a773e8e520acdfb026a8f,Jacobs Creek Cabernet Sauvignon 750Ml,0.11,2.12,2.1012405095465676e+16,0.15,0.31,2.11,4.241827481013196e+16,-0.15,0.1
11ef9fa9e8c50cc48d4a0acdfb026a8f,Queen Adelaide Brut 750Ml,0.05,0.16,1.7939954954416706e+16,-0.08,-0.16,0.1,8528423688469022.0,-0.04,-0.07
11ef9fa9e861793491a40acdfb026a8f,4 Pines Pacific Ale Bottle 330ml,0.02,0.25,1.6175012147202354e+16,0.09,0.19,0.25,1.5445877781370754e+16,0.06,0.25
11ef9fa9e8612966be6f0acdfb026a8f,Bundaberg Up & Cola 640Ml,0.05,0.35,2842519785904656.0,-0.0,-0.01,0.35,1.2481230200254228e+16,-0.03,0.03
11ef9fa9e856e8f2bdb30acdfb026a8f,Strongbow Original Bt 355Ml 24Pk,2.49,1.79,127.08,-0.63,-1.26,1.11,76.88,2.25,4.36
11ef9fa9e8b12542a7290acdfb026a8f,Kirks Lemon Squash 1.25L,0.03,0.04,1653114100669360.2,0.0,0.01,0.05,9773151538876814.0,0.03,0.06
11ef9fa9e8d926f0b07d0acdfb026a8f,Jacobs Creek Double Barrel Cabernet Sauvignon 750Ml,0.07,0.08,1.763763043953206e+16,0.07,0.15,0.09,3.573479094553197e+16,0.16,0.3
11ef9fa9e874cb56a4fb0acdfb026a8f,Grey Goose 50Ml,0.01,0.05,974335561958855.5,-0.0,-0.01,0.04,485354796853664.44,0.0,-0.0
11ef9fa9e8f7a65c9fa10acdfb026a8f,Victoria Bitter Can 375Ml 3x8pk (Passed Date),0.77,2.99,6.53199145708219e+16,0.22,0.45,3.25,7.807579205318854e+16,0.54,1.22
11ef9fa9e8619f0497b60acdfb026a8f,Bearded Lady 12% Cn,2.98,2.97,126.12,-0.76,-1.54,0.09,3.86,2.79,5.36
11ef9fa9e8f7dd2a8f230acdfb026a8f,Kilarni Adel Hill Pnrose 750Ml,0.01,0.39,3389714232334839.5,0.0,0.0,0.38,1138825146880717.8,-0.06,-0.04
11ef9fa9e8570cd8bb0c0acdfb026a8f,Wolf Blass Red Label Tawny Port 750Ml,0.05,0.25,5596198896690398.0,0.03,0.06,0.26,1.7699811298135684e+16,0.06,0.16
11ef9fa9e8619e509e790acdfb026a8f,Bearded Lady 8% Can 24pk,0.06,0.15,1.3783614360786048e+16,-0.07,-0.14,0.09,5794449874421755.0,-0.02,-0.02
11ef9fa9e87555d08a780acdfb026a8f,Brown Brothers Moscato Sparkling Rosa 750Ml,0.08,0.34,822271610303353.4,-0.0,-0.0,0.35,2.2714302540796868e+16,0.01,0.07
11ef9fa9e8b1259cb08b0acdfb026a8f,Kirks Lemonade 1.25L,0.05,0.29,1068996926304741.6,0.02,0.04,0.29,7263411147244175.0,-0.01,0.05
11ef9fa9e8a73064b26e0acdfb026a8f,Grant Burge Gb43 Merlot 750Ml,0.02,0.1,2637022984403047.5,-0.01,-0.03,0.08,2447846738913155.0,-0.01,0.02
11ef9fa9e8ed29ac9c7b0acdfb026a8f,Stone Wood Green Coast Cans 16Pk,0.02,0.15,5567722852357049.0,-0.02,-0.05,0.13,1733938792857480.8,0.01,-0.0
11ef9fa9e8937c8683ea0acdfb026a8f,Ciroc Snap Frest Vodka 700Ml,0.01,0.09,1714679889445993.8,-0.01,-0.01,0.09,77279500982521.73,0.0,0.01
11ef9fa9e89d894c8c730acdfb026a8f,Grey Goose Vodka 1L,0.14,0.92,896800065700444.0,0.02,0.02,0.89,1.7831764995746354e+16,0.07,0.26
11ef9fa9e8f7dd8492390acdfb026a8f,Belvedere Vodka 1L,0.03,0.25,202699625119614.97,0.01,0.01,0.25,5519430716740428.0,-0.01,0.02
11ef9fa9e892d592ba9f0acdfb026a8f,Giesen Pinot Gris 750Ml,0.02,0.17,754781529883825.2,0.0,0.01,0.16,3243479587672560.5,0.02,0.04
11ef9fa9e8896a1688480acdfb026a8f,Exs Ohs Sauvignon Blanc 750Ml,0.04,0.5,1848815771624845.0,0.02,0.05,0.5,9257051178120306.0,-0.04,0.03
11ef9fa9e8616890a0ce0acdfb026a8f,Stoneleigh Marlb Chardonnay 750Ml,0.02,0.1,3755364968918674.0,-0.01,-0.03,0.08,834636521796633.4,-0.01,0.0
11ef9fa9e8c50c7498830acdfb026a8f,Brown Brothers Prosecco Rose 750Ml,0.03,0.17,907802210598214.2,0.01,0.01,0.17,7120058492846195.0,0.01,0.05
11ef9fa9e86b8bcc837f0acdfb026a8f,James Squire Zero,0.07,0.25,641867797196181.5,0.0,0.0,0.25,1.4199400132393762e+16,0.02,0.09
11ef9fa9e87561c4a3b10acdfb026a8f,Grant Burge Petite Bubbles 750Ml,0.01,0.08,489706898194089.9,0.0,0.01,0.08,2594668598217240.5,0.0,0.02
11ef9fa9e89d4dcea8b80acdfb026a8f,Lindermans Gentlemans Collection Shiraz 750Ml,0.01,0.08,1534025519428228.2,0.01,0.02,0.08,3990157793213534.5,0.01,0.04
11ef9fa9e86b00b29c320acdfb026a8f,McGuigan Black Label Cab Merlot 750mL,0.09,0.17,30764030721912.63,-0.01,-0.03,0.14,2.199034829287847e+16,0.1,0.16
11ef9fa9e8b14b5893500acdfb026a8f,Magners Cdr Btl 330Ml 24Pk,0.02,0.09,2283058517886766.5,-0.01,-0.02,0.08,2254667111376625.5,-0.0,0.02
11ef9fa9e8ed11c4bcf30acdfb026a8f,Arrived Sauvignon Blanc 750Ml,0.04,0.33,3936715432513712.5,0.03,0.05,0.33,1.0611229439391194e+16,-0.01,0.07
11ef9fa9e8569d2ab0fe0acdfb026a8f,Mercury Draught Cider Bt 375Ml 24Pk,0.2,0.32,1.4567598304634268e+16,-0.07,-0.15,0.29,3.485188312728502e+16,0.1,0.29
11ef9fa9e892de029a290acdfb026a8f,Taylors Promised Land Pinot Grigio 750Ml,0.05,0.1,3099815793498706.0,-0.02,-0.04,0.07,5345636364412094.0,0.03,0.05
11ef9fa9e849fb2eaac10acdfb026a8f,Bond Street 20S Gold Classic 10Pk,0.01,0.05,2342796631929220.5,0.01,0.02,0.05,4323733550628647.0,0.02,0.03
11ef9fa9e856ebae884b0acdfb026a8f,Taylors Estate Sauvignon Blanc 750Ml,0.34,0.51,1.893349127624252e+16,-0.19,-0.42,0.33,2095664281225776.2,0.56,0.72
11ef9fa9e856b95e90d70acdfb026a8f,Powerade Lemon Lime Powerflo 600Ml,0.02,0.06,4357630771304067.0,-0.02,-0.04,0.04,940300785991596.2,-0.0,0.0
11ef9fa9e8ff78be85be0acdfb026a8f,Better Beer Zero Carb Lager Bottle 330Ml,0.48,0.9,2.2072335960892957e+17,0.85,1.78,1.14,3.2570996352173805e+17,1.23,3.0
11ef9fa9e8f77c36a8250acdfb026a8f,Great Northern Super Crisp Block Can 375Ml (Passed Date),0.48,1.92,1.9954925912039414e+17,-0.89,-1.83,1.1,7836086308417831.0,-0.26,-0.17
11ef9fa9e8ff6c52a3c00acdfb026a8f,Great Northern Original Block Can 30Pk (Passed Date),0.98,0.97,1.8539155784903088e+17,0.73,1.52,1.12,4.367290561538174e+17,1.52,3.22
11ef9fa9e8f78eb0a2dd0acdfb026a8f,Wild Boar Whisky & Cola 15% Can 375Ml,0.03,0.14,4649586868846465.0,0.02,0.04,0.15,1.399572846800757e+16,0.03,0.09
11ef9fa9e892f6d089840acdfb026a8f,Innocent Bystander Prosecco 750Ml,0.02,0.11,5886598399920668.0,-0.02,-0.05,0.09,2162683665001191.0,-0.03,-0.02
11efa8c9c789717a995d066fe076c619,Coca Cola Zero Sugar Destiny 250Ml Can,0.0,0.04,209743895148047.75,0.0,0.0,0.04,1174241128173518.0,-0.0,0.01
11ef9fa9e8f7cfc4bad20acdfb026a8f,Wild Turkey American Honey Bourbon 35.5% 50Ml,0.01,0.08,246884955507116.75,-0.0,-0.0,0.08,2687815843296683.0,0.01,0.02
11ef9fa9e8ece5dcb8e50acdfb026a8f,Divas Vkat Vanilla 700Ml,0.02,0.21,8418158763015720.0,-0.04,-0.07,0.18,948432214496350.4,-0.03,-0.04
11ef9fa9e856cda4813d0acdfb026a8f,Smirnoff Ice Red Bt 330Ml 24Pk,0.1,0.83,1.9059416864796336e+16,0.13,0.26,0.84,2.525078206749658e+16,0.18,0.39
11ef9fa9e86b919e9b320acdfb026a8f,Atmata Organic Rose Bt,0.01,0.17,1154976827539726.2,-0.0,-0.0,0.17,1090333807546299.6,-0.0,0.0
11ef9fa9e856e348bac80acdfb026a8f,Stanley Tawny Cask 2L,0.03,0.17,7977176035778647.0,0.04,0.08,0.17,1.2898630902115382e+16,0.06,0.14
11ef9fa9e8f75f3abd4d0acdfb026a8f,Kylie Minogue Signature Prosecco Rose 750Ml,0.01,0.09,2299391973083602.0,-0.01,-0.02,0.09,719528762619214.6,0.0,0.0
11ef9fa9e857240281dd0acdfb026a8f,Absolut Vodka Rasp 700Ml,0.03,0.08,3865752764624099.0,0.01,0.03,0.08,1.1671777807122924e+16,0.04,0.09
11efac790d1a341a822502d8a60509dd,Jameson Irish Wsk+2tum Gb700ml,0.75,0.17,16.67,0.34,0.78,0.17,16.67,1.44,2.89
11ef9fa9e8f7dbcc8d720acdfb026a8f,Gordons Pink Gin & Soda 6% 375Ml 10Pk,0.07,0.17,1414685758986561.5,0.0,0.0,0.18,2.1188544921435384e+16,0.07,0.15
11ef9fa9e8ed1e6cb0780acdfb026a8f,Fatv Beef Jerky Red Hot Chilli 30G,0.12,0.54,8873627032907103.0,-0.02,-0.04,0.55,1.6971906694313146e+16,0.14,0.26
11ef9fa9e8e3440097830acdfb026a8f,Fatv Beef Jerky Sazon 30Gr,0.2,0.61,2.3411851700265836e+16,-0.1,-0.21,0.53,3.3605169984632332e+16,0.02,0.11
11ef9fa9e889650c95860acdfb026a8f,Elephant In The Room Pinot Gris 750Ml,0.65,0.91,395.22,-0.71,-1.44,0.14,82.52,0.4,0.64
11ef9fa9e87f0b528c720acdfb026a8f,Beach Days Semillon Sauvignon Blanc 750Ml,0.06,0.08,2070303891332218.8,0.0,0.01,0.09,1.6082406085960666e+16,0.05,0.13
11ef9fa9e87f65209d800acdfb026a8f,Brown Brothers Moscato & Pinot Grigio 750Ml,0.04,0.43,2732847640688315.0,0.0,0.01,0.42,6310103820548891.0,-0.02,0.03
11ef9fa9e86176828d8d0acdfb026a8f,2 Monkeys Merlot 750Ml 12Pk,0.01,0.04,540484347699418.9,-0.0,-0.0,0.04,2286588525519341.0,0.01,0.02
11ef9fa9e849facaa66b0acdfb026a8f,Bombay Sapphire London Dry Gin 700Ml,0.35,0.52,1.0619596999008254e+17,-0.53,-1.07,0.29,5.50656009778531e+16,-0.01,-0.27
11ef9fa9e8e33b9ab4e00acdfb026a8f,Four Pillars Navy Strengh Gin & Ginger Can 250Ml,0.01,0.13,1863110001364916.8,0.0,0.01,0.13,375197800325310.06,0.04,0.1
11ef9fa9e89d9a18a3fb0acdfb026a8f,Amongst The Clouds Shiraz 750Ml,0.01,0.04,136637519570086.33,-0.0,-0.0,0.04,1928152733341948.8,0.01,0.03
11ef9fa9e89d1034a6b10acdfb026a8f,Peter Lehmann Eight Songs Shiraz 750Ml,0.01,0.08,649366672213805.4,0.0,0.01,0.09,3827277860497472.0,0.01,0.02
11ef9fa9e86177cc8fcc0acdfb026a8f,2 Monkeys Chardonnay 750Ml,0.01,0.25,102299956632831.28,0.01,0.01,0.25,3165612167608801.0,0.0,0.03
11ef9fa9e874dcccbfde0acdfb026a8f,Bearded Lady 5% 375Ml Cn,0.02,0.14,2476228035557372.5,-0.01,-0.02,0.12,153142362425305.75,0.01,0.02
11ef9fa9e8d93730858d0acdfb026a8f,Strongbow Sweet Apple Bt 330Ml,0.06,1.1,709778512369598.4,0.03,0.07,1.12,1.848678609583601e+16,-0.11,0.0
11ef9fa9e89d8b04b9ff0acdfb026a8f,St Remy Brandy Vsop 1L 6Pk,0.03,0.08,196342506347535.66,0.0,0.0,0.08,5497359180609046.0,0.02,0.06
11ef9fa9e849f6e2b7a70acdfb026a8f,Black Bottle Brandy 700Ml,0.03,0.04,4914238609990317.0,0.02,0.04,0.04,1.2475572467753734e+16,0.05,0.09
11ef9fa9e8936d40b66b0acdfb026a8f,Smiths Thins Salt & Vinegar 90G,0.26,0.73,515.13,-0.38,-0.81,0.08,62.5,-0.08,-0.08
11ef9fa9e856b9c2966f0acdfb026a8f,Powerade Mountain Blast Btl 600Ml,0.04,0.26,1465375949814431.8,-0.0,-0.01,0.26,9947543625878024.0,-0.01,0.04
11ef9fa9e8f76d689c470acdfb026a8f,Hahn Premium Light Can 375Ml Block (Short Date),0.04,0.53,6369386639985970.0,-0.02,-0.03,0.49,6190840221099120.0,0.03,0.14
11ef9fa9e8ed5e048ff90acdfb026a8f,Brookvale Whisky Dry 6% 330Ml,0.01,0.09,1301364525158421.8,-0.01,-0.02,0.08,461946586109459.0,0.01,0.02
11ef9fa9e84a0f2e9e600acdfb026a8f,Bundaberg Rum Up Min 50Ml,0.01,0.09,841542031516469.5,-0.0,-0.0,0.08,1735454547449895.8,-0.0,0.0
11ef9fa9e856816e9c4a0acdfb026a8f,Kraken Black Spiced Rum 50Ml,0.01,0.03,573057881669300.0,0.0,0.0,0.03,3972583576984878.0,0.02,0.03
11ef9fa9e8ecd1a088fb0acdfb026a8f,Gee Up Sugar Free Cotton Candy Bottle 275mL,0.16,0.34,3.708677093254346e+16,-0.18,-0.37,0.16,8579123564633948.0,-0.0,0.08
11ef9fa9e8ecc67eb6390acdfb026a8f,Casa Spirits Whiskey 700Ml,0.01,0.06,3050297520746135.5,-0.01,-0.03,0.04,160504667002394.78,0.0,0.01
11ef9fa9e8ed1110a1d00acdfb026a8f,Arrived Cabernet Sauvignon 750Ml,0.01,0.04,1281053402827105.8,0.01,0.01,0.03,1694886343162964.8,0.02,0.03
11ef9fa9e8614f4a94990acdfb026a8f,Strongbow Blossom Rose Sparkling Apple Cider Bottle 330mL,0.01,0.02,547868024988431.6,-0.0,-0.01,0.02,2027798743835903.5,0.0,0.02
11ef9fa9e89d768cb7a80acdfb026a8f,Starward Nova Single Malt Whisky 700Ml 6Pk,0.01,0.09,1296669805435537.2,-0.0,-0.01,0.09,1686034902190232.5,-0.0,0.0
11ef9fa9e84a833ca22e0acdfb026a8f,Jameson Raw & Cola Bt 330Ml 24Pk,0.02,0.06,7718009101622025.0,-0.04,-0.07,0.03,3308362752275511.0,-0.02,-0.03
11ef9fa9e874f8d8b00c0acdfb026a8f,Bundaberg Rum Red 1Ltr,0.01,0.09,1168335671340563.0,-0.0,-0.01,0.08,2876842268492617.0,-0.0,-0.0
11ef9fa9e8c4b3c888bf0acdfb026a8f,Kirks Creaming Soda Can 375Ml 20Pk,0.01,0.02,436740808195222.2,0.0,0.0,0.03,2769883242692449.5,0.01,0.02
11ef9fa9e875784ea1ae0acdfb026a8f,Pepperjack Rose 750Ml,0.03,0.42,6169436441419166.0,0.05,0.11,0.43,1.2229721983014242e+16,0.05,0.15
11ef9fa9e8ed5472a5d20acdfb026a8f,Bundaberg Campfire Rum & Cola 6% Can 375mL 3x10pk,3.1,1.03,26.84,4.76,9.62,1.6,41.16,4.7,10.01
11ef9fa9e8f7c8949f2c0acdfb026a8f,Vodka Cruiser Zero Sugar Mango Raspberry Can 275Ml,0.05,0.27,4101859455983272.0,-0.02,-0.04,0.26,9456956410010814.0,0.01,0.07
11ef9fa9e8f7b6f6a4330acdfb026a8f,Gambellara Monopolio P/G 750Ml,0.03,0.08,1.2400019363036834e+16,0.05,0.1,0.08,1.594288100457006e+16,0.1,0.18
11ef9fa9e8a7756a97c20acdfb026a8f,Jacobs Creek Classic Shiraz Cabernet 750Ml,0.06,0.21,1384802288219108.5,-0.01,-0.01,0.21,1.1524074357076446e+16,0.02,0.09
11ef9fa9e8a72dc6aa4e0acdfb026a8f,Grant Burge 5Th Generation Shiraz 750Ml,0.01,0.17,648924743656861.2,0.0,0.01,0.17,6008234515490084.0,0.0,0.02
11ef9fa9e87efafea0a40acdfb026a8f,Tesoro Bella Prosecco 750Ml,0.14,2.92,8188972455428978.0,0.23,0.47,2.94,4.199725274680131e+16,-0.5,-0.09
11ef9fa9e86ba2b097c70acdfb026a8f,Jack Daniels 700mL Bottle GP With Glass,0.15,0.22,2.891966106569485e+16,-0.15,-0.31,0.1,1.4275931942814512e+16,0.02,0.18
11ef9fa9e8cf28d082a80acdfb026a8f,De Bortoli Re Write Tempranillo 750Ml,0.0,0.09,397104952220048.94,0.0,0.0,0.09,2306876302643476.0,-0.0,0.0
11ef9fa9e86ba09e8be00acdfb026a8f,Sheep Dog Peanut Butter 200Ml,0.11,0.5,1.269164895324296e+16,0.05,0.11,0.5,3.827959394949204e+16,0.06,0.24
11ef9fa9e888c9e4bde50acdfb026a8f,Stonier Pinot Noir 750Ml,0.02,0.08,236517822304071.03,-0.0,-0.0,0.08,2479816827584521.0,0.02,0.05
11ef9fa9e8930fb2a0fb0acdfb026a8f,Red Rock Deli Honey Soy Chicken 165G 12Pk,0.07,0.05,1023520363120206.2,-0.01,-0.03,0.05,1.8915482615757704e+16,0.06,0.13
11ef9fa9e8a78e7486040acdfb026a8f,St Remy Vsop Brandy 375Ml,0.01,0.02,566985156505575.6,0.0,0.01,0.02,2567935464557185.0,0.01,0.02
11ef9fa9e874f982841e0acdfb026a8f,Gordons London Dry Gin 1Ltr,0.07,0.08,4570256645857844.0,0.02,0.03,0.09,2.0466716972352052e+16,0.07,0.15
11ef9fa9e8ed1db8a4620acdfb026a8f,Fatv Beef Jerky Gringo Killer 20G,0.1,0.59,1.9230749478454196e+16,-0.09,-0.19,0.49,3870190205552659.5,-0.07,-0.03
11ef9fa9e8ecd1fa81110acdfb026a8f,Gee Up Grape Bottle 275mL,0.28,0.27,8251024855678861.0,-0.05,-0.1,0.19,4.0666006083651416e+16,0.27,0.5
11ef9fa9e86142d482370acdfb026a8f,Roku Gin 700Ml,0.06,0.25,939873051677996.5,0.01,0.01,0.26,1.5935954925182796e+16,0.02,0.1
11ef9fa9e8b1973e97960acdfb026a8f,Smirnoff Seltzer Mixed Berries 5% 250Ml,0.04,0.36,5468136783576045.0,-0.02,-0.04,0.35,3915927053606770.5,0.01,0.01
11ef9fa9e8f7c7e0af860acdfb026a8f,Vodka Cruiser Zero Sugar Mixed Berry Can 275Ml,0.04,0.08,539530798745871.0,0.0,0.0,0.1,1.1109818881777846e+16,0.01,0.06
11ef9fa9e8cf0882b8580acdfb026a8f,De Bortoli Rose Pale & Dry 200Ml,0.01,0.1,2030103741905543.8,0.01,0.02,0.1,4054091885361663.5,0.01,0.03
11ef9fa9e8a71598bdf20acdfb026a8f,De Bortoli Sacred Hill Shiraz Cabernet 750Ml,0.04,1.17,1.1349076812267492e+16,0.07,0.15,1.16,1.5985035906532632e+16,0.01,0.27
11ef9fa9e87ef1309fe80acdfb026a8f,Six Foot Six Prosecco 750Ml,0.11,0.75,9819408138036810.0,0.05,0.11,0.78,4.05926240440644e+16,-0.01,0.16
11ef9fa9e8d91c78b8e90acdfb026a8f,White Claw Variety Pack 10Pk 330Ml Can No.2,0.04,0.26,3012311326934675.0,-0.01,-0.02,0.27,1.394351945657287e+16,0.0,0.01
11ef9fa9e8e3315e91850acdfb026a8f,White Claw Refrshr Variety 10Pk Can 330Ml,0.08,1.25,6284698654839552.0,0.07,0.15,1.25,2.179408580157732e+16,0.03,0.15
11ef9fa9e8c4bc56884d0acdfb026a8f,Coopers Dark Ale Btl 375Ml 24Pk,0.08,0.12,2.273630611430755e+16,0.09,0.19,0.13,3.815743978227498e+16,0.14,0.33
11ef9fa9e84a0bc88a0e0acdfb026a8f,Bundaberg Rum Red 700Ml,0.01,0.17,559678105153638.7,0.0,0.0,0.17,1480352174901042.8,-0.02,-0.0
11ef9fa9e89d38f2a2330acdfb026a8f,Mud House Central Otago Pinot Noir 750Ml,0.61,1.77,2.067885669848125e+16,0.17,0.32,1.77,1.90290969366916e+17,0.0,0.03
11ef9fa9e86b0cb0acba0acdfb026a8f,19 Crimes Sauv Block 750Ml,0.03,0.17,1646827047226353.5,-0.01,-0.01,0.18,7628715659016264.0,0.0,0.04
11efa162a8ce41d4a55806fb1ac4ad25,Wild Turkey 101 Proof Bourbon Gift Pack 700ml,0.02,0.18,2835328620265553.5,-0.01,-0.02,0.18,3913435941259472.5,-0.01,-0.0
11ef9fa9e87557b09ce20acdfb026a8f,Buller Wines The Nook Prosecco Nv 750Ml,0.03,0.08,269311020127708.2,-0.0,-0.0,0.09,7431777595298153.0,0.01,0.04
11ef9fa9e8bb103e9f040acdfb026a8f,Young Henrys Newtowner Can 375Ml,0.02,0.04,6269975804491172.0,0.03,0.06,0.04,7365022619949020.0,0.06,0.1
11ef9fa9e84a2c52862a0acdfb026a8f,Coors Lager 4.2% Bt 330Ml 24Pk,0.07,0.26,2373914280782817.0,-0.01,-0.02,0.28,2.1458972105055508e+16,0.04,0.08
11ef9fa9e8b11b10b1a60acdfb026a8f,Giesen 0% Marlborough Sauvignon Blanc 750Ml,0.01,0.08,1667086163646276.2,0.01,0.02,0.08,3292040068092627.0,0.03,0.05
11ef9fa9e8a780509cea0acdfb026a8f,Guinness Extra Stout Longneck,0.07,0.25,2637947815364283.0,0.01,0.02,0.25,1.6813199608864376e+16,0.04,0.11
11ef9fa9e888dc368c310acdfb026a8f,St Hubert The Stag Pinot Noir 750Ml,0.06,0.08,7298421432174077.0,0.03,0.06,0.09,2.247103127041544e+16,0.05,0.13
11ef9fa9e8ecda2ea9180acdfb026a8f,Billsons Double Vodka Strawberry Watermelon 250Ml,0.01,0.09,1287116047049793.2,-0.0,-0.01,0.09,2923078461696150.5,0.0,0.02
11ef9fa9e874d51abc490acdfb026a8f,Good Tides Passionfruit Cn,0.03,0.11,5582575326185344.0,-0.03,-0.05,0.08,840381336364210.9,-0.01,-0.01
11ef9fa9e8c4b99a916f0acdfb026a8f,Cbco Pale Ale Cans,0.02,0.12,964729201278841.2,0.01,0.02,0.12,6900939451758378.0,0.01,0.05
11ef9fa9e861203896500acdfb026a8f,Jacobs Creek Moscato 750Ml,0.02,0.06,3149499888765756.5,-0.01,-0.03,0.04,69717347950172.89,-0.01,-0.01
11ef9fa9e861268c8faa0acdfb026a8f,4 Pines Pale Ale Bt 330Ml,0.02,0.37,344651904786938.56,0.01,0.02,0.38,4687887197556018.0,0.02,0.06
11ef9fa9e8b126509df00acdfb026a8f,Kirks Tonic Water Bt 1.25L,0.5,0.13,50.74,0.04,0.08,0.28,112.21,0.57,1.23
11ef9fa9e86b0b9883db0acdfb026a8f,19 Crimes Hard Chard 750Ml,0.04,0.18,2231580572971207.8,-0.01,-0.01,0.16,6059125658524923.0,0.01,0.02
11ef9fa9e8611052a9ed0acdfb026a8f,Captain Morgan Spiced Gold & Cola 6% 30Pk,2.37,2.17,46.18,2.63,5.32,1.03,21.34,4.23,8.34
11ef9fa9e89d3618bbf10acdfb026a8f,Nanny Goat Pinot Noir 750Ml 6Pk,0.06,0.25,305894802357461.06,-0.0,-0.01,0.25,1.1038447703350968e+16,0.02,0.08
11ef9fa9e8bb6ad496c30acdfb026a8f,Venom Pale Ale Can 330Ml,0.0,0.12,3704784094401811.5,0.02,0.05,0.13,3156954612845198.5,0.07,0.11
11ef9fa9e87efb58a3410acdfb026a8f,Babich Marlborough Select Blocks Organic  Sauvignon Blanc 75,0.05,0.09,2205772177589086.0,-0.01,-0.02,0.06,4237175309443345.5,0.01,0.05
11ef9fa9e875550888230acdfb026a8f,Brown Brother Cienna Mini 200Ml,0.01,0.03,2550001044437590.5,-0.01,-0.03,0.02,225256133886833.94,0.01,0.01
11ef9fa9e8c4d736bd5d0acdfb026a8f,4 Pines Pale Ale Can 375Ml 18Pk,0.04,0.05,7800668470993114.0,0.03,0.06,0.05,1.3608068766776436e+16,0.06,0.14
11ef9fa9e856b440ba760acdfb026a8f,Peter Jackson 20S Gold Rich 10Pk,0.01,0.06,1449388324558643.8,-0.01,-0.01,0.05,596836777142322.2,-0.01,-0.0
11ef9fa9e8c4999ca8320acdfb026a8f,Hahn Super Dry Can 4.6% 375Ml 30Pk,0.21,1.28,6.1068976239119816e+16,-0.26,-0.52,1.09,2.1671033247826732e+16,-0.34,-0.25
11ef9fa9e87f97ca93410acdfb026a8f,Taylor Made Shiraz 750Ml,0.03,0.42,7791771141650009.0,0.04,0.08,0.42,1.582263980475769e+16,0.0,0.09
11ef9fa9e86b4ce885760acdfb026a8f,Mountain Goat Steam Ale Cn 375Ml,0.04,0.52,775768783542825.2,0.01,0.03,0.51,6968378554020130.0,-0.02,0.02
11ef9fa9e8612fa6b9740acdfb026a8f,Doritos Cheese Supreme 90G,0.02,0.05,1174786667874407.5,-0.01,-0.02,0.04,3615829081548283.0,0.02,0.04
11ef9fa9e856e0e6b1990acdfb026a8f,Sovereign Point Soft Fruity White Cask 4.4L,0.06,0.12,2203551611835647.8,0.01,0.01,0.14,1.390447816718072e+16,0.03,0.11
11ef9fa9e8cf004ebec10acdfb026a8f,Brookvale Vodka Passion Fruit Can 330Ml,0.13,0.71,4809561930625635.0,-0.01,-0.02,0.7,2.0386030618132156e+16,0.02,0.12
11ef9fa9e8c4c2dc80ec0acdfb026a8f,Fixation Obsession Ipa 375Ml 24Pk,0.03,0.03,1479011445495533.5,-0.01,-0.02,0.02,2243552396211695.8,0.02,0.06
11ef9fa9e8f7cc04a9e00acdfb026a8f,Stone & Wood The Backpacker West Coast IPA Can 375Ml,0.53,0.24,6.653969827037764e+16,0.18,0.39,0.22,5.06579843692827e+16,0.54,0.75
11ef9fa9e856c78c92dc0acdfb026a8f,Ruski Lemon 4% Bt 275Ml,0.08,0.08,2318345129881672.0,0.01,0.02,0.09,2.3553704887024076e+16,0.06,0.15
11ef9fa9e8c50a62b16d0acdfb026a8f,Six Foot Six Prosecco Rose 750Ml,0.01,0.09,1322869445483080.0,-0.0,-0.01,0.08,1623265618959275.0,0.0,0.01
11ef9fa9e8e35422bbe90acdfb026a8f,Jose Cuervo Marg Fmx10pk 330Ml,0.0,0.0,1408888582847622.2,-0.0,-0.01,0.0,268817696881067.8,0.02,0.0
11ef9fa9e8f7c790b6c00acdfb026a8f,Mt Moriac Pinot Gris 750Ml,0.02,0.04,287552409770132.0,-0.0,-0.0,0.04,3415831419969070.5,0.01,0.03
11ef9fa9e856bff887390acdfb026a8f,Red Rock Deli Sweet Chill And Sour Cream Chips 165G,0.06,0.17,9266676535607934.0,-0.04,-0.08,0.12,165106674985954.4,0.01,0.02
11ef9fa9e8756476ae5c0acdfb026a8f,Grant Burge Sparkling Petite Rose 750Ml,0.02,0.08,1484603498838296.2,0.01,0.01,0.09,7416460613603261.0,0.01,0.03
11ef9fa9e84a63488da60acdfb026a8f,Hahn Super Dry 3.5% Bt 330Ml 24Pk,0.05,0.41,8142230389180309.0,-0.03,-0.07,0.39,7092417718833211.0,-0.03,-0.01
11ef9fa9e84a8c9cae6c0acdfb026a8f,Jim Beam White & Cola Cube 375Ml Can,0.61,1.19,4.097954102729598e+16,-0.18,-0.37,1.08,1.7596904059038314e+17,0.72,1.39
11ef9fa9e888ec62945e0acdfb026a8f,Yering Station Little Yering Rose 750Ml,0.01,0.18,3215917633987468.0,0.0,0.01,0.17,296092810543393.75,0.01,0.16
11ef9fa9e8c4b526953a0acdfb026a8f,Kirks Pasito 1.25L 12Pk,0.03,0.17,539519148186884.75,-0.0,-0.0,0.17,6363552547099916.0,-0.01,0.03
11ef9fa9e87f981aae3f0acdfb026a8f,Taylor Made Pinot Noir 750Ml,0.05,0.08,5295758342089670.0,0.02,0.04,0.09,1.519868161132775e+16,0.06,0.14
11ef9fa9e8896908b4b90acdfb026a8f,Tempus Two Varietal Sauvignon Blanc 750mL,0.04,0.5,3051047146346411.5,0.02,0.04,0.49,1.0927734190298248e+16,0.02,0.09
11ef9fa9e86b0d5aa85c0acdfb026a8f,Canadian Club & Dry Zero Cube 375Ml 24Pk,0.23,1.55,9563133320210196.0,-0.0,-0.01,1.53,5.971257863107469e+16,0.05,0.26
11ef9fa9e874d574a1740acdfb026a8f,Brookvale Union Ls Ginger Beer Can,0.06,0.15,7717278876927831.0,0.03,0.06,0.14,1.8852801887020064e+16,0.09,0.18
11ef9fa9e856d4f2812a0acdfb026a8f,Smiths Chicken 90G,0.02,0.11,740357370678166.4,0.0,0.01,0.11,4576782291617555.0,0.0,0.03
11ef9fa9e8617db2a32e0acdfb026a8f,Wolf Blass Red Label Pink Moscato 750ml,0.01,0.09,1142893829316861.0,-0.0,-0.01,0.09,2544708333005022.0,0.06,0.18
11ef9fa9e856a0a4ba1c0acdfb026a8f,Midori Splice Bt 275Ml 24Pk,0.02,0.09,2188611868146441.0,-0.01,-0.02,0.1,6966791286802188.0,0.0,0.01
11ef9fa9e8d94298bd980acdfb026a8f,Killer Sprocket Stout,0.01,0.02,1031738760050109.4,0.01,0.01,0.02,3561414945619424.0,0.02,0.03
11ef9fa9e86b8320be3c0acdfb026a8f,Kosciuszko Pale Ale Can 375Ml 16Pk,0.03,0.13,1200100027613410.5,-0.0,-0.01,0.15,9059686563447254.0,0.02,0.05
11ef9fa9e856f6e4bf9a0acdfb026a8f,Udl Vodka & Raspberry Can 375Ml 24Pk,0.07,0.62,7823048217920536.0,0.05,0.09,0.63,2.4418537928592116e+16,0.01,0.13
11ef9fa9e8e2d47083a70acdfb026a8f,Monster Energy Green 500Ml Can 24Pk,0.01,0.02,3198083127710037.5,0.01,0.03,0.02,6275016306923865.0,0.02,0.05
11ef9fa9e8f746a8b3c30acdfb026a8f,Gee Up Sugar Free Bubble G Burst Btl 275Ml,0.18,0.5,1.3362994809394316e+16,0.04,0.08,0.48,5.301948438890686e+16,0.19,0.48
11ef9fa9e8ecd146a75c0acdfb026a8f,Gee Up Strawberry Raspberry Btl 275Ml,0.44,3.8,1.0448862926461662e+17,0.58,1.2,3.82,1.5110891478076243e+17,0.47,1.6
11ef9fa9e8e2e5be885e0acdfb026a8f,Wild Turkey Zero Cola 4.8% Can 30Pk,0.38,0.35,1.519738941520263e+17,0.63,1.3,0.67,2.3219882740397645e+17,1.03,2.1
11ef9fa9e8e2d9acbd380acdfb026a8f,Vodka O 37.5% 1L,0.04,0.08,4104656970967115.0,0.01,0.03,0.07,1.2330534624126124e+16,0.05,0.09
11ef9fa9e874e8deb3ac0acdfb026a8f,Brookvale Ginger Beer 30Pk,0.06,0.19,4413435994870297.0,-0.02,-0.05,0.17,4545349284781845.0,0.01,0.09
11ef9fa9e86b98ec8ef10acdfb026a8f,Bundaberg Alcoholic Ginger Beer Can 4% 375Ml 24Pk,0.04,0.19,1130978828529237.5,-0.0,-0.01,0.19,4539474854303491.0,0.0,0.06
11ef9fa9e86176dca86e0acdfb026a8f,2 Monkeys Moscato 750Ml 12Pk,0.0,0.04,372355306975050.6,-0.0,-0.0,0.04,142918012198772.72,0.01,0.01
11ef9fa9e8f753e6a2780acdfb026a8f,Rumours Moscato 750Ml,0.07,0.08,1.2353107664884786e+16,0.05,0.1,0.1,3.054459513974597e+16,0.19,0.26
11ef9fa9e88957d893c70acdfb026a8f,Devils Corner Pinot Grigio 750Ml,0.02,0.08,151187490210234.97,0.0,0.0,0.08,3786739358694334.5,0.0,0.03
11ef9fa9e893100c9c3a0acdfb026a8f,Red Rock Deli Lime & Pepper 165G 12Pk,0.01,0.05,1906946763525097.8,-0.01,-0.02,0.05,2906058468635162.5,-0.0,0.01
11ef9fa9e874d9a2b4b60acdfb026a8f,Yellow Tail Shiraz 187Ml,0.01,0.02,251486155596010.78,-0.0,-0.0,0.02,2018691652807834.0,0.0,0.01
11efae22a07a2ea48d7b06d48b37474b,Monster Mango Loco Can 500Ml,0.02,0.03,2225061682713552.8,-0.01,-0.02,0.03,4788315204910679.0,0.0,0.02
11ef9fa9e856f68a8dc40acdfb026a8f,Udl Vodka & Pineapple Crush Can 375Ml 24Pk,0.01,0.02,861012380953839.9,-0.0,-0.01,0.02,563482653942932.5,0.01,0.02
11ef9fa9e8ceed3e9c680acdfb026a8f,Gift Bag Single,0.02,0.53,7326038817576492.0,-0.01,-0.03,0.51,468182648150095.7,-0.02,-0.01
11ef9fa9e86ba7d89f020acdfb026a8f,Gordons Sicilian Lemon 700Ml,0.02,0.08,1267338425947934.8,0.01,0.02,0.08,5080758090525868.0,0.01,0.04
11ef9fa9e8c4c0208d2b0acdfb026a8f,Dee Vine Estate Sauvignon Blanc 750Ml 12Pk,0.03,0.06,3439190926355702.0,-0.02,-0.04,0.05,6246332968645077.0,0.02,0.04
11ef9fa9e8d9450e817b0acdfb026a8f,James Squire Ginger Beer Low Sugar Can 330Ml,0.03,0.04,3841405289244077.5,-0.02,-0.04,0.01,372123280029449.1,-0.0,0.01
11efb02353beea488ec00ae2611d356d,Fuze Peach & Black Tea 500Ml,0.01,0.05,1873068320244181.8,-0.01,-0.02,0.04,96559475274268.61,-0.01,-0.01
11ef9fa9e8a74d92960f0acdfb026a8f,Roku Gin 43% 200Ml 12Pk,0.01,0.06,4039652304746274.0,-0.02,-0.04,0.05,3013539752599227.0,-0.01,-0.01
11ef9fa9e84a040286c10acdfb026a8f,Brown Brothers Vintage Sparklin Moscato Bottle,0.02,0.08,2577185731152081.0,0.01,0.02,0.08,7961482837515956.0,0.04,0.07
11ef9fa9e8f7ce168f390acdfb026a8f,Jameson Dry&Lime 4.8% Can 330Ml,0.09,0.58,4376709943339246.0,0.03,0.05,0.57,2.6890536696113844e+16,-0.01,0.1
11ef9fa9e8a7238ab5b90acdfb026a8f,Farm Hand Organic Shiraz 750Ml,0.11,0.17,7779748308811339.0,0.03,0.05,0.19,3.835130273377493e+16,0.11,0.26
11ef9fa9e892fe9687610acdfb026a8f,Kim Crawford Marlborough Sauvignon Blanc 750Ml,0.04,0.08,7492567953946992.0,0.03,0.07,0.09,1.797984779588455e+16,0.09,0.17
11ef9fa9e86b4eb4aef20acdfb026a8f,Udl Vodka Mixed 4% 10Pk 375Ml,0.08,0.5,2715854270881299.0,0.03,0.07,0.49,1.580730292134955e+16,0.04,0.14
11ef9fa9e892f9a0833d0acdfb026a8f,Six Foot Six Pinot Grigio 750Ml,0.1,0.42,5.72779438578374e+16,-0.08,-0.15,0.17,39321636.85,2.27,6.47
11ef9fa9e8f7c83aabf90acdfb026a8f,Vodka Cruiser Zero Sugar Pineapple Can 275Ml,0.46,0.96,95.51,0.19,0.38,0.54,53.64,0.86,1.61
11ef9fa9e8ceeef6b5840acdfb026a8f,Yellowglen Yellow 65 Nv 750Ml,0.03,0.25,5727143502982245.0,0.03,0.06,0.26,1.4277861823076506e+16,0.01,0.09
11ef9fa9e88969bc83770acdfb026a8f,Exs Ohs Pinot Grigio 750Ml,0.01,0.13,222607706896318.16,0.0,0.0,0.12,3141626769520677.5,0.01,0.02
11ef9fa9e8ff7a12b6570acdfb026a8f,Gee Up Vodka Rtd Mix 10Pk Btl 275Ml,0.09,0.5,2618577563243899.0,0.03,0.06,0.49,1.6145486282073366e+16,-0.0,0.12
11ef9fa9e8ed0e4abfd10acdfb026a8f,Squealing Pig Pink Moscato 750Ml,0.01,0.1,3235552437563641.5,-0.01,-0.03,0.09,95214796727495.55,-0.0,-0.01
11ef9fa9e892d358b8fc0acdfb026a8f,Tempus Two Semillon Sauvignon Blanc 750mL,0.06,0.24,2.466988945603463e+16,0.12,0.26,0.27,3.178114753460175e+16,0.24,0.4
11ef9fa9e8b0fb8aba210acdfb026a8f,Patron Tequila Silver 50Ml,0.01,0.1,2855660040709564.0,-0.01,-0.02,0.08,310073270514763.5,-0.01,-0.0
11ef9fa9e856decabdad0acdfb026a8f,Southern Comfort & Cola Can 375Ml 24Pk,0.07,0.23,7169855596165509.0,0.03,0.07,0.23,2.105190261318439e+16,0.09,0.21
11ef9fa9e8f762be82330acdfb026a8f,Billsons Iced Tea Lychee Lime & Lemon 355Ml,0.02,0.06,3380402000630872.0,0.02,0.06,0.06,2704382628102812.0,0.06,0.08
11ef9fa9e892eb72abfd0acdfb026a8f,Swan Bay Pinot Grigio 2024 750Ml,0.03,0.09,2323148403338743.0,-0.01,-0.02,0.09,3108655780268160.5,0.0,0.02
11ef9fa9e8f78d3ebb910acdfb026a8f,Great Northern S/C Can 3X10pk (Passed Date),0.06,2.0,8371432305913520.0,0.2,0.43,2.0,5742173655410134.0,1.78,5.92
11ef9fa9e856b1cab5b50acdfb026a8f,Penfolds Maxs Shiraz 750Ml 6Pk,0.2,0.16,3.126499353004889e+16,0.13,0.26,0.21,8.36386553429245e+16,0.36,0.69
11ef9fa9e84a2b949ad60acdfb026a8f,Coopers Premium Light Bt 355Ml 24Pk,0.05,0.14,3262584914501258.0,-0.01,-0.03,0.16,2.0322065772547824e+16,0.04,0.08
11ef9fa9e86197d48cb90acdfb026a8f,Bond Street 25S Blue 8Pk,0.02,0.07,2030270803095775.8,-0.01,-0.02,0.06,2646972410363923.5,0.0,0.01
11ef9fa9e8e2de8485300acdfb026a8f,Pepperjack Mid Strength Shiraz 750Ml,0.04,0.08,819525112911602.0,0.0,0.0,0.1,1.4115611690098568e+16,0.02,0.08
11ef9fa9e875123297760acdfb026a8f,Brookvale Union Lemon Squash 30Pk,2.13,3.49,76.75,1.36,2.76,2.46,51.98,2.8,7.32
11ef9fa9e8b17f6aa5ef0acdfb026a8f,Jameson Smooth Dry & Lime Bt 333Ml 24Pk,0.01,0.09,1465941624135878.5,-0.01,-0.01,0.09,1556817168911676.5,0.0,0.0
11ef9fa9e8bb181890a70acdfb026a8f,Stone & Wood Cloudy Pale Ale Can 375Ml,0.03,0.13,46114986232705.43,-0.0,-0.0,0.12,4287887144491394.0,0.03,0.07
11ef9fa9e8ff79c2b2cf0acdfb026a8f,Gee Up Green Apple Bottle 275Ml,0.13,0.19,8812540925111945.0,0.04,0.08,0.23,4.44411315940631e+16,0.19,0.34
11ef9fa9e8f7ce668f9e0acdfb026a8f,Fuze Lemon & Black Tea 500Ml,0.0,0.04,528162092478746.0,-0.0,-0.0,0.04,414526551559277.5,-0.0,0.0
11efa8c538cfc24ea5a802d8a60509dd,Mother Original Zero Sugar 500Ml,0.0,0.02,218440345139560.88,-0.0,-0.0,0.02,72978440768508.08,-0.0,-0.0
11ef9fa9e8570742b7d10acdfb026a8f,Wild Turkey Honey & Cola Can 375Ml 24Pk,0.09,0.23,1.6816624224641612e+16,0.07,0.14,0.24,3.4196612942597664e+16,0.12,0.29
11ef9fa9e874db0aa67e0acdfb026a8f,Udl Margarita Cn,0.0,0.13,331379577598256.4,0.0,0.01,0.12,523658845895620.5,0.01,0.01
11ef9fa9e8930c92bff10acdfb026a8f,Wild Turkey American Honey Liqueur 1L 6Pk,0.0,0.05,809353789353323.2,-0.0,-0.01,0.04,109968743990116.11,-0.0,-0.0
11ef9fa9e84a7a5e8ac60acdfb026a8f,Jacobs Creek Reserve Shiraz,0.08,1.16,2.159145103473761e+16,0.12,0.24,1.15,3.600033382530891e+16,-0.01,0.23
11ef9fa9e89d07c4bd8d0acdfb026a8f,Rare Penny Pinot Noir 750ml,0.15,0.91,4.660718267074245e+16,0.22,0.45,0.97,9.425418042507048e+16,0.21,0.57
11ef9fa9e86b5508974f0acdfb026a8f,Captain Morgan Tropical 700Ml,0.01,0.09,517658931550716.1,-0.0,-0.0,0.08,974916912955468.5,0.0,0.02
11ef9fa9e8ceb8b481fb0acdfb026a8f,Taylors Hotelier Grenache Shiraz Mourv猫dre 750Ml,0.01,0.08,658755558609690.4,0.01,0.02,0.08,2508449254232292.5,0.02,0.05
11ef9fa9e89da3b4864b0acdfb026a8f,Barossa Valley Estate Grenache Shiraz Mourv猫dre 750ml,0.02,0.08,1449262776754648.0,0.01,0.02,0.08,6408506005533794.0,0.02,0.05
11ef9fa9e86199aa976c0acdfb026a8f,Wild Boar 15% Spiced 375Ml Cn,0.02,0.14,9539778904565998.0,0.05,0.1,0.15,1.5836304062528978e+16,0.05,0.13
11ef9fa9e856f3baa7cf0acdfb026a8f,Twisties Chicken 100G,0.01,0.06,1730893841324064.8,-0.0,-0.01,0.05,2095369280327155.5,-0.02,-0.02
11ef9fa9e86b7a0690cb0acdfb026a8f,Little Creatures Xpa Can 375Ml,0.34,2.06,1.0723168471593714e+16,0.0,-0.01,2.08,9.416177081140678e+16,0.24,0.89
11ef9fa9e8ed585091c40acdfb026a8f,Brookvale Bourbon &Cola 6% Can 330Ml 24Pk,0.02,0.05,5349269252292300.0,-0.02,-0.05,0.03,1374844189890768.5,-0.01,-0.02
11ef9fa9e856a91eaaf70acdfb026a8f,Old No15 Bourbon 150mL,0.05,0.04,4104416935467513.5,0.02,0.03,0.04,9805605185509450.0,0.05,0.17
11ef9fa9e84a7aaeb5510acdfb026a8f,Jacobs Creek Riesling,0.02,0.08,240818329586781.97,-0.0,-0.0,0.09,5293608094157535.0,0.0,0.02
11ef9fa9e8ce8ddaa0830acdfb026a8f,Victoria Bitter Can 24pk (Passed Date),0.37,0.48,8.762054137872965e+16,0.36,0.76,0.81,2.2609546778571834e+17,0.6,1.0
11ef9fa9e87f9162a06f0acdfb026a8f,Taylors Masterstroke Cabernet 750Ml,0.0,0.09,2124941358892342.5,-0.01,-0.01,0.09,1179755882383902.5,0.0,0.01
11ef9fa9e8e32acebf5a0acdfb026a8f,Kraken Spiced Caribbean Punch Can 330Ml,0.01,0.34,2532312694430354.0,-0.0,-0.0,0.33,244187323242025.2,-0.02,-0.01
11ef9fa9e89d7790b4bc0acdfb026a8f,Starward Two-fold Dbl Grain Whisky 700Ml 6Pk,0.04,0.08,6734053548484233.0,0.03,0.06,0.08,1.4615325749722806e+16,0.07,0.15
11efa8a7522af6008fa602d35e218ef3,Better Beer G/Beer 355Ml,0.04,0.12,2737423279006216.0,0.01,0.02,0.13,9900028418413426.0,0.04,0.1
11ef9fa9e856f0368d7d0acdfb026a8f,Tooheys Five Seeds Crisp Apple Cider Btl 24pk,0.08,0.12,1.8791788290004136e+16,0.08,0.16,0.13,3.798981173780473e+16,0.17,0.32
11ef9fa9e8f7c45c88150acdfb026a8f,Brown Brothers Passionfruit Vanilla & Lime Spritz 750Ml,0.02,0.68,3400103169804718.0,0.01,0.02,0.67,3272468834991415.0,-0.07,-0.04
11ef9fa9e8ecdb968d3e0acdfb026a8f,De Bortoli Pinot Noir750ml,0.02,0.1,2656741685793736.5,-0.01,-0.02,0.09,1834690969575437.5,0.01,0.02
11ef9fa9e893522eab3d0acdfb026a8f,Winfield 20S Gold Original 10Pk,0.04,0.5,1.45533335001778e+16,0.08,0.15,0.52,2.6382714165301692e+16,-0.0,0.13
11ef9fa9e892e1fe9f9f0acdfb026a8f,Tatachilla White Admiral Pinot Grigio 750Ml,0.02,0.25,2443203810867331.0,0.02,0.03,0.25,6043888077307871.0,0.01,0.03
11ef9fa9e89d85e6b6c70acdfb026a8f,Canadian Club 8Yo 40% 700Ml,0.0,0.08,435412578019033.75,0.0,0.01,0.08,813459940154722.6,0.01,0.02
11ef9fa9e8ff7210bacb0acdfb026a8f,Easy Rider Bourbon & Cola Cans 375Ml (Rp),0.12,0.31,471.39,0.12,0.26,0.2,345.83,0.17,0.58
11efac780ef668e0869e06d48b37474b,Absolut Vodka Warhol Limited Edition 700Ml,0.01,0.08,202739667645094.03,-0.0,-0.0,0.08,2526575170819094.0,0.0,0.01
11ef9fa9e8cf02568ada0acdfb026a8f,Mt Duneed Est Pinot Grigio 750Ml 12Pk,0.02,0.08,417190325540360.4,0.0,0.01,0.08,4153997566995551.0,0.01,0.04
11ef9fa9e8569a328b910acdfb026a8f,McWilliam Tawny Port,0.01,0.05,2364510467477348.0,-0.01,-0.02,0.05,2989859382227406.0,0.01,0.0
11ef9fa9e8611214a28c0acdfb026a8f,Winfield 20S Blue Original 10Pk,0.15,0.21,5.819401380315878e+16,0.24,0.5,0.36,1.0787418799670558e+17,0.44,0.86
11ef9fa9e8ff77baad180acdfb026a8f,Hbc Super Dry Low Carb 375Ml,0.01,0.1,1474420698535386.0,0.02,0.03,0.1,3721095116015681.0,0.03,0.06
11ef9fa9e89d975c897b0acdfb026a8f,Villa Maria Private Bin Sauvignon Blanc 750Ml,0.04,0.19,5014070780551800.0,-0.02,-0.05,0.18,6453983201600641.0,-0.0,0.01
11ef9fa9e8ff5f5a8aa20acdfb026a8f,Corte Giara Pinot Grigio 750Ml,0.0,0.09,653115764781959.1,-0.0,-0.0,0.08,388619069383421.44,0.0,0.0
11ef9fa9e8d92bbea6b80acdfb026a8f,Totino Classic Range Cabernet Sauvignon 750Ml,0.01,0.05,1580791251206173.8,-0.01,-0.01,0.04,655353698550871.8,0.01,0.0
11ef9fa9e87f231cab620acdfb026a8f,Yering Station Little Yering Pinot Noir 750Ml,0.14,0.33,4.07340336606565e+16,0.18,0.38,0.38,8.06952231235911e+16,0.26,0.63
11ef9fa9e861b63889670acdfb026a8f,Upside Down Pinot Grigio,0.04,0.33,185804500906270.38,0.01,0.01,0.33,9404114671313250.0,-0.02,0.03
11ef9fa9e8ed44c8b4d80acdfb026a8f,Mango Shotta Teq 50Ml,0.04,0.06,2675105251468754.5,-0.02,-0.04,0.05,6447235256271440.0,0.03,0.06
11ef9fa9e8cf204294e70acdfb026a8f,De Bortoli Windy Peak Sauvignon Blanc 750Ml,0.02,0.1,3497899178092331.0,-0.01,-0.02,0.08,2035057522893522.2,0.01,0.01
11ef9fa9e8b0f766afdf0acdfb026a8f,Johnnie Walker Black Min 50Ml,0.01,0.17,59223058496181.48,0.0,0.01,0.17,2166988835134354.2,-0.01,-0.0
11ef9fa9e8cefd9c93350acdfb026a8f,Johnnie Walker Double Black Min 50Ml,0.0,0.04,159125997319124.72,0.0,0.0,0.04,1322019658222780.2,0.01,0.02
11ef9fa9e8a71ff283480acdfb026a8f,Elephant In The Room Cabernet Sauvignon 750Ml,0.01,0.08,1717021039370998.8,0.01,0.02,0.09,4556040177669805.0,0.01,0.02
11ef9fa9e8ed6a2aaf1a0acdfb026a8f,Brookvale Rum&Cola 6% 330Ml,0.01,0.1,3417278998278431.0,-0.01,-0.03,0.09,2166760552317702.8,-0.01,-0.01
11ef9fa9e8750292b8dc0acdfb026a8f,Inclination Cab Merlot Bt,0.02,0.04,693438131023165.5,0.0,0.01,0.05,8444941868711320.0,0.03,0.04
11ef9fa9e8f78460ada40acdfb026a8f,Carlton Dry Lemon Flavoured Beer Cans 330Ml (Passed Date),0.05,0.84,1.7621849093354224e+16,-0.01,-0.03,0.75,1514009791232780.0,0.02,0.61
11ef9fa9e8e342e89f730acdfb026a8f,Mumm Tas Brut Prestige 750Ml,0.02,0.1,3399227224687183.5,-0.02,-0.03,0.08,1162569982470778.8,-0.01,-0.01
11ef9fa9e8936476a2030acdfb026a8f,McGuigan Single Batch Sauvignon Blanc 750mL,0.1,0.08,200034834774322.16,-0.01,-0.02,0.08,2.966700140878455e+16,0.06,0.1
11ef9fa9e8ecc412860a0acdfb026a8f,Baileys Tiramisu 17% 700Ml,0.01,0.08,203895857780843.22,0.0,0.0,0.09,2205466893094675.8,-0.0,0.0
11ef9fa9e8895dc8bc050acdfb026a8f,19 Crimes Sangiovese 750Ml,0.01,0.18,2518478502651682.5,-0.0,-0.01,0.17,983033709722568.0,-0.01,0.0
11ef9fa9e86183e8b50e0acdfb026a8f,Proper No 12 700Ml,0.04,0.18,2525302076941488.5,-0.01,-0.02,0.17,6403025595424476.0,-0.01,0.03
11ef9fa9e8c49eec8a5f0acdfb026a8f,Open Item,0.15,0.5,2.9656788841425908e+16,-0.13,-0.28,0.52,831688592221480.1,0.12,0.27
11ef9fa9e89d12a0b0930acdfb026a8f,Petaluma Coonawarra Cabernet Sauvignon 750Ml,0.03,0.08,4504657799206269.0,0.02,0.05,0.08,5361427927950390.0,0.11,0.15
11ef9fa9e8b15b529c110acdfb026a8f,Bulleit & Cola 6% Can 375Ml 24,0.01,0.17,258430134914280.66,0.0,0.01,0.17,1898567621128596.5,0.02,0.05
11ef9fa9e8f7aa12b4a10acdfb026a8f,White Rabbit Sour Red Ale 750Ml,0.03,0.09,1609426076840587.2,-0.01,-0.02,0.09,5848759263713605.0,0.01,0.04
11ef9fa9e87515d4afe70acdfb026a8f,Belena Pinot Grigio Bt,0.04,0.58,844006864631049.8,0.01,0.03,0.59,1.0611584312482452e+16,-0.04,0.01
11ef9fa9e8618e2e845e0acdfb026a8f,St Agnes Vs Brandy 150Ml,0.19,0.16,2.7779513062761556e+16,0.11,0.22,0.17,7.532693522767016e+16,0.27,0.56
11ef9fa9e8e301f2b1c20acdfb026a8f,Kirin Hyoketsu Lemon Can 330Ml,0.04,0.13,9884101600039290.0,-0.05,-0.09,0.09,748244674233455.1,0.03,0.02
11ef9fa9e86150589bdd0acdfb026a8f,Hennessy VS Cognac 700mL,0.15,0.33,3.1803701806356764e+16,0.15,0.31,0.36,7.1337160360529336e+16,0.23,0.58
11ef9fa9e8931beca3fa0acdfb026a8f,Chivas Regal Royal Salute  21 Yr,0.01,0.17,944742403715612.2,0.01,0.02,0.17,3257577332590863.0,0.01,0.04
11ef9fa9e8d94658a9f80acdfb026a8f,The Drover Cabernet Sauvignon 750Ml,0.01,0.04,100917606152248.72,0.0,0.0,0.04,1514038235872490.0,0.0,0.02
11ef9fa9e856877c8b730acdfb026a8f,Lindemans Bin 95 Sauvignon Blanc 750Ml,0.04,0.25,4082202693601864.0,0.02,0.05,0.24,7640662310979034.0,0.05,0.12
11ef9fa9e8613bcc85380acdfb026a8f,Glendronach 12Yo,0.01,0.08,1114326342533729.8,0.01,0.01,0.09,3968738479083126.0,0.01,0.04
11ef9fa9e8617e70a36f0acdfb026a8f,Wolf Blass Red Label Cabernet Sauvignon 750mL,0.05,0.12,7606603354613027.0,-0.04,-0.07,0.08,2134781502952823.8,-0.0,0.01
11ef9fa9e8a781aeb4d30acdfb026a8f,Kirin Ichiban Premium 500mL Can,0.13,1.45,4.482607577171488e+16,-0.22,-0.45,1.31,1.3902640236893574e+16,-0.11,0.06
11ef9fa9e8f776be80060acdfb026a8f,James Boags Xxx Ale 375Ml Bottle (Short Date),0.03,0.13,756552112821764.8,-0.0,-0.01,0.11,2792749971588078.5,0.01,0.03
11ef9fa9e89d8f14b5560acdfb026a8f,Smiths Barbecue Chips 90G,0.01,0.03,288125539420129.6,0.0,0.0,0.03,2007783117920018.8,0.01,0.02
11ef9fa9e861427a9e660acdfb026a8f,Gordons Pink Gin 700Ml,0.03,0.25,672491528395162.2,0.01,0.02,0.25,7388954735489519.0,0.01,0.05
11ef9fa9e8ceeadca80f0acdfb026a8f,Smirnoff Vodka Raspberry Crush 700Ml 6Pk,0.01,0.67,633069423884309.6,0.04,0.09,0.67,3658797612152673.5,-0.15,-0.06
11ef9fa9e8e2ac9885fe0acdfb026a8f,Kirks Soda Water 250Ml 24Pk,0.01,0.25,16251667303630.07,0.0,0.01,0.24,1552600916067262.8,-0.0,0.01
11ef9fa9e8ecf6b282d60acdfb026a8f,24 Ice Mixed Pack 5X65ml,0.02,0.23,5998167961251707.0,-0.02,-0.05,0.21,4498058339176351.0,-0.03,-0.04
11ef9fa9e856a978b6010acdfb026a8f,Old No15 Bourbon 700mL,0.08,0.08,1.4115534564154444e+16,0.04,0.09,0.08,3.1235661923224108e+16,0.15,0.3
11ef9fa9e8617f7e8bc60acdfb026a8f,Wolf Blass Red Label Cab Merlot 750Ml 6Pk,0.06,0.25,5900920758512209.0,0.03,0.05,0.25,1.7119355581300334e+16,0.03,0.15
11ef9fa9e856c8409e690acdfb026a8f,Sailor Jerry Spiced Rum 700Ml,0.04,0.17,3010065073836698.0,0.01,0.03,0.16,9785347697695552.0,0.04,0.1
11efb38693b1ef86a64b0205d53ad2d7,Coca Cola No Sugar Can 500Ml,0.01,0.02,18793830237718.63,-0.0,-0.0,0.02,116404581272136.9,0.01,0.02
11ef9fa9e86b33acb7000acdfb026a8f,Gordons Sicilin Lemon Bt 330Ml,0.0,0.08,297651017004675.0,0.0,0.0,0.08,65613642791500.96,0.02,0.04
11ef9fa9e8ce838a9b7e0acdfb026a8f,Hard Fizz Pina Calada,0.0,0.13,432453051690945.5,0.0,0.0,0.13,371511840263939.94,0.01,0.02
11ef9fa9e856b170935b0acdfb026a8f,Penfolds Bin 2 Shiraz Mataro 750Ml,0.0,0.09,1057721467082297.2,-0.0,-0.0,0.09,845634741152224.8,-0.0,-0.0
11ef9fa9e892d5eca7e30acdfb026a8f,Giesen Pure Light Sauvignon Blanc 750Ml,0.0,0.25,60495305933420.42,0.02,0.04,0.25,661041938150300.4,0.02,0.09
11ef9fa9e8a713ccabb00acdfb026a8f,De Bortoli Deen Vat 2 Shiraz 750Ml,0.02,0.17,2361676791634550.0,0.01,0.03,0.17,4610057840050927.0,0.05,0.08
11ef9fa9e8bb1dfeabd30acdfb026a8f,Travla Low Carb Mid Strength Lager Can 375Ml,0.0,0.12,514876449457113.06,0.01,0.02,0.13,968675178771166.0,0.02,0.05
11ef9fa9e856fd2e99130acdfb026a8f,Vickers London Dry Gin 700Ml,0.01,0.04,1716922960030890.2,0.01,0.02,0.05,5559158446549377.0,0.01,0.03
11ef9fa9e86b793ea9dc0acdfb026a8f,Little Creatures Hazy Juicy Ipa Can 375Ml,0.04,0.16,3120070485394983.5,0.01,0.03,0.16,1.3837523171388644e+16,0.02,0.08
11ef9fa9e8f7dcd083ee0acdfb026a8f,Geelong Gin 700Ml,0.02,0.51,1343211541574027.0,0.01,0.03,0.5,963012718352856.0,-0.03,0.01
11ef9fa9e87f1b1092630acdfb026a8f,De Bortoli Prem Cabernet Merlot Cask 4L,0.12,0.32,5.132237228340917e+16,0.23,0.48,0.36,8.148613389975734e+16,0.31,0.64
11ef9fa9e888c5ac831c0acdfb026a8f,Swan Bay Shiraz 750Ml,0.02,0.05,830380505698072.6,-0.0,-0.01,0.05,5314927422761557.0,0.02,0.04
11ef9fa9e8ff6ba884a60acdfb026a8f,Suntory -196 Lemon Can 24Pk (Passed Date),0.59,0.73,4.0824252000138664e+16,-0.29,-0.62,0.69,1.5748562782816816e+17,0.24,0.46
11ef9fa9e8610f9e81e30acdfb026a8f,Jack Daniels & Cola 500Ml Can,0.35,0.42,100.71,0.02,0.03,0.24,56.39,0.47,0.77
11ef9fa9e8756304aa020acdfb026a8f,Grant Burge Pinot Noir Chardonnay Nv 750Ml,0.04,0.17,798349037893577.0,-0.0,-0.01,0.17,7069083491986503.0,0.01,0.06
11ef9fa9e8f76476b6ff0acdfb026a8f,Fatv Vension Jerky Buck A Licious 30Gr,0.09,0.64,2.6413142091624852e+16,-0.08,-0.18,0.55,2.1713014825234036e+16,0.05,0.16
11ef9fa9e888e83e9da10acdfb026a8f,Squealing Pig Pinot Noir 375Ml,0.01,0.06,3230800323103074.5,-0.01,-0.03,0.04,10358149290271.14,0.01,0.01
11ef9fa9e87517f094940acdfb026a8f,McGuigan Zero Sauv Blanc 750mL,0.02,0.09,1070780839583894.1,-0.0,-0.01,0.08,3150516160263169.0,0.02,0.03
11ef9fa9e8f7dc7685150acdfb026a8f,Greasy Fingers Chard 750Ml,0.01,0.09,783708699869255.1,-0.0,-0.0,0.08,771777402146615.4,-0.0,0.01
11ef9fa9e87f8b8684850acdfb026a8f,Taylors Promised Land Shiraz 750Ml,0.03,0.2,7268421982366558.0,-0.03,-0.07,0.17,285799399219977.5,-0.02,-0.01
11ef9fa9e84a40acb55a0acdfb026a8f,Eaglehawk Shiraz Merlot Cabernet 750Ml 6Pk,0.02,0.33,2335106880612547.0,0.02,0.04,0.34,6398371741476099.0,-0.01,0.02
11ef9fa9e888fe3c97c00acdfb026a8f,Walking Birds Sauvignon Blanc 750Ml,0.06,0.08,2.138982644467872e+16,0.08,0.16,0.09,3.3217518247993624e+16,0.14,0.29
11ef9fa9e875713c88bd0acdfb026a8f,Mionetto Prosecco Doc 750Ml,0.02,0.17,4772693624292486.0,0.02,0.05,0.16,8847431508361655.0,0.03,0.06
11ef9fa9e8e2b3f092020acdfb026a8f,Nericon Pinot Noir 750Ml,0.01,0.04,1033981111034265.9,0.01,0.01,0.04,674061376412624.2,0.0,0.02
11ef9fa9e89da4b8b2da0acdfb026a8f,Beach Days Cabernet Merlot 750Ml,0.02,0.08,22029869683645.23,0.0,0.0,0.08,3069176926486092.0,0.0,0.04
11ef9fa9e8c509ae9f4c0acdfb026a8f,The Drover Pinot Grigio 750Ml,0.01,0.38,1686943272264238.0,0.0,0.0,0.38,221566903168012.5,-0.0,0.02
11ef9fa9e89d32ee87a00acdfb026a8f,No Evil Organic Shiraz 750Ml 6Pk,0.01,0.01,3411763085752555.0,-0.01,-0.02,0.0,2144469566852795.2,-0.01,-0.01
11ef9fa9e874fa9ab0030acdfb026a8f,Olmeca Altos Plata 700Ml,0.02,0.1,3466155179627133.0,-0.01,-0.03,0.08,561866942045278.25,-0.0,0.01
11ef9fa9e8f7906882bd0acdfb026a8f,Bell鈥檚 Clare Valley Riesling 750Ml,0.0,0.05,1207146420796408.5,-0.0,-0.01,0.04,723390202931228.4,-0.0,-0.0
11ef9fa9e856cb7486820acdfb026a8f,Six Foot Six Pinot Noir Btl,0.05,0.17,868648728097985.4,0.0,0.01,0.18,1.320109708582949e+16,0.04,0.11
11ef9fa9e89d4e82a9c50acdfb026a8f,Lindermans Gentlemans Collection Cabernet Sauvignon 750Ml,0.01,0.17,145325668948483.3,0.01,0.01,0.17,2558463182158727.0,-0.01,0.0
11ef9fa9e8e331b8bbca0acdfb026a8f,Olmeca Altos Margarita Watermelon Can 330Ml,0.01,0.1,169346184142230.66,0.0,0.0,0.1,3093775441985784.0,0.01,0.02
11ef9fa9e8ff60b88fd10acdfb026a8f,Tahbilk Cabernet Sauvignon 750Ml,0.02,0.08,1446355348625676.5,0.01,0.02,0.09,5400058498592301.0,0.02,0.05
11ef9fa9e8933d3493100acdfb026a8f,Pikes Riesling 750Ml,0.04,0.08,4502782447485576.5,0.02,0.04,0.1,1.7232009432712468e+16,0.06,0.12
11ef9fa9e892dc0eab600acdfb026a8f,Grant Burge Gb19 Sauvignon Blanc 750Ml,0.01,0.09,435735513248707.6,0.0,0.0,0.08,1817210912679737.5,-0.0,0.0
11ef9fa9e8d942f280830acdfb026a8f,Grant Burge Prosecco Rose Nv 750Ml,0.02,0.33,2166295959070687.5,0.02,0.04,0.34,5993379486065141.0,-0.01,0.03
11ef9fa9e849f9b29d7d0acdfb026a8f,Boags Draught Bt,0.09,0.51,3.00129041121366e+16,0.18,0.37,0.57,4.555917081722327e+16,0.31,0.58
11ef9fa9e8a721648b5f0acdfb026a8f,Exs Ohs Shiraz 750Ml,0.01,0.04,951073817078585.8,0.0,0.01,0.04,2300399287220302.5,0.01,0.02
11ef9fa9e86b655c8cde0acdfb026a8f,Kilkenny Draught Ale Can 440Ml,0.11,0.11,3052605115555838.0,-0.02,-0.05,0.16,2.596559045042725e+16,0.02,0.14
11ef9fa9e8ff6eb48ec40acdfb026a8f,Mt Duneed Est Prosecco 750Ml,0.02,0.26,2768827746294165.0,-0.01,-0.02,0.26,3795191338338065.0,-0.03,-0.01
11ef9fa9e892fb1cb8370acdfb026a8f,Jacobs Creek Reserve Chardonnay 750Ml,0.08,0.16,3.103618040346543e+16,0.13,0.27,0.15,5.051653743480354e+16,0.18,0.38
11ef9fa9e849eed6a3270acdfb026a8f,Baron Samedi Spiced Rum 700Ml,0.01,0.08,296324989711375.06,0.0,0.0,0.08,117468835436847.19,-0.0,0.01
11ef9fa9e86182d08ba80acdfb026a8f,Yalumba Barossa Shiraz Bt,0.04,0.1,4231976917733054.0,-0.02,-0.04,0.1,8009883695085717.0,0.0,0.02
11ef9fa9e8613398909e0acdfb026a8f,Maison Rose 750ml,0.01,0.05,1174939625905506.8,-0.01,-0.01,0.04,106641031475110.4,-0.0,-0.0
11ef9fa9e88933de8eba0acdfb026a8f,Rothmans 20S Cool Crush Gold 10Pk,0.02,0.11,2656541758208077.5,-0.01,-0.02,0.09,30504543533777.96,-0.01,-0.01
11ef9fa9e8756fa283080acdfb026a8f,Mateus Rose 750Ml,0.03,0.17,349247297245634.1,0.0,0.01,0.17,1.142856365089507e+16,0.01,0.03
11ef9fa9e87f0a9e91540acdfb026a8f,Beach Days Chardonnay 750Ml,0.02,0.05,1222968165991374.5,-0.01,-0.01,0.05,5556134919274109.0,0.03,0.05
11ef9fa9e8e3116a89940acdfb026a8f,Hard Fizz Extra Raspberry 330Ml,0.03,0.28,6182040789956653.0,-0.02,-0.04,0.26,4494763772950938.5,-0.03,-0.03
11ef9fa9e89345869b8b0acdfb026a8f,Bond Street 25S Gold 8Pk,0.02,0.08,4426245649899480.5,-0.02,-0.04,0.06,789563957661124.5,-0.0,0.01
11ef9fa9e86b11bab7ba0acdfb026a8f,Master Of Mixers Pina Colad 1L,0.01,0.09,488691917801419.3,-0.0,-0.0,0.08,898971916479692.8,0.01,0.01
11ef9fa9e8567c32b5d70acdfb026a8f,Jose Cuervo Margarita Mix 1L,0.03,0.26,1226264182740527.2,0.0,0.0,0.26,9956498989473912.0,-0.01,0.02
11ef9fa9e8e2ff4093800acdfb026a8f,Amongst The Cloud Pinot Gris 750Ml,0.01,0.04,4105801530549913.5,0.02,0.04,0.04,7091290510315175.0,0.03,0.06
11ef9fa9e89d57f6acb40acdfb026a8f,Kilarni Estate Gsm 750Ml,0.02,0.12,5579307347858575.0,0.03,0.06,0.13,1.2090724676714824e+16,0.02,0.07
11ef9fa9e892f07c93af0acdfb026a8f,Sticks Chardonnay 750Ml,0.01,0.17,1080510433226895.8,-0.0,-0.0,0.17,1907166496392213.8,-0.01,-0.0
11ef9fa9e8f78ceeb0720acdfb026a8f,Smirnoff Ice Double Black 8% Cans 24Pk 250Ml (Short Date),0.06,0.23,3.0315396722795876e+16,-0.14,-0.31,0.12,8658434225904164.0,-0.01,-0.03
11ef9fa9e8f77bdcad040acdfb026a8f,Great Northern Super Crisp Block Can 375Ml (Short Date),0.02,0.07,3.0237986371023868e+16,-0.07,-0.15,0.0,530371492716688.9,-0.0,-0.0
11ef9fa9e8bb380cb14c0acdfb026a8f,Brick Lane One Love Pale Ale Can 355Ml,0.0,0.09,1145495566427815.5,-0.0,-0.01,0.08,344845634456959.6,-0.0,0.0
11ef9fa9e856c9b2b5860acdfb026a8f,Shaw And Smith Sauv Blanc 750Ml Btl,0.07,0.21,684578526212952.8,-0.0,-0.0,0.21,1.6428678591513704e+16,0.05,0.14
11ef9fa9e8bb0ac6a0370acdfb026a8f,Mountain Goat Billy The Mid 3.5% Can 375Ml,0.03,0.13,762953971013615.5,-0.01,-0.01,0.14,9030426789735030.0,0.05,0.07
11ef9fa9e86193249b920acdfb026a8f,Brown Brothers Prosecco Btl 200Ml,0.04,0.02,1572326876933022.5,0.0,0.01,0.03,1.3173261134229612e+16,0.07,0.13
11ef9fa9e861a92299f10acdfb026a8f,Gage Roads Single Fin Summer Ale Can 330Ml,0.03,0.26,2017661428867334.5,-0.0,-0.01,0.24,4197045182182986.0,-0.02,0.0
11ef9fa9e8bb41a8a2600acdfb026a8f,Cbco South West Sour 375Ml,0.02,0.13,1249765528316637.0,-0.0,-0.01,0.12,3854327206641258.5,0.0,0.02
11ef9fa9e87f5a9e94650acdfb026a8f,Buller Wine The Nook Chardonnay 750Ml,0.02,0.05,1299797506783764.8,-0.01,-0.01,0.04,2262035160600757.5,0.01,0.03
11ef9fa9e86b9626b6c40acdfb026a8f,Bird In Hand Sauv Blanc Bt,0.01,0.08,1254507748728439.8,0.01,0.01,0.08,1006506815861412.8,0.02,0.03
11ef9fa9e89d996497de0acdfb026a8f,Alkoomi Icon Blackbutt Red 750Ml,0.01,0.25,2746653141206534.5,0.02,0.04,0.25,5246141204359805.0,0.01,0.02
11ef9fa9e892fc2aa1b70acdfb026a8f,Jim Barry Watervale Riesling 750Ml,0.08,0.08,516299848725855.56,-0.0,-0.01,0.1,2.2748665596242424e+16,0.07,0.15
11ef9fa9e892f946a1210acdfb026a8f,Jacobs Creek Cool Harvest Sauvignon Blanc 750Ml,0.04,0.08,239840693493386.3,-0.0,-0.01,0.08,7028303383931437.0,0.01,0.05
11ef9fa9e8a7312287da0acdfb026a8f,Grant Burge Gb56 Shiraz 750Ml,0.04,0.08,3687277197620194.5,0.01,0.03,0.08,1.2655457633892068e+16,0.05,0.11
11ef9fa9e87f945aa4f60acdfb026a8f,Buller Wines The Nook Rose 750Ml,0.01,0.05,2731795278334749.5,-0.01,-0.02,0.05,547231196132039.9,-0.01,-0.0
11ef9fa9e84a35d09b170acdfb026a8f,Cruiser Sunny Orange Passionfruit Bt 275Ml,0.01,0.09,2285972432061640.5,-0.0,-0.01,0.09,2491151655729634.5,0.02,0.02
11ef9fa9e8ed53be89360acdfb026a8f,Mt Duneed Est Rose 750Ml,0.01,0.05,2123831428477036.2,-0.01,-0.02,0.04,40405492704747.09,-0.01,-0.0
11ef9fa9e86b247084ad0acdfb026a8f,Good Tides Hard Seltzer Sparkling Water & Lemon Lime,0.05,0.12,2877171672287339.0,-0.01,-0.03,0.11,8503594336146980.0,0.0,0.06
11ef9fa9e86151d499970acdfb026a8f,Tempus Two Cab Sauv 750Ml,0.01,0.08,615986519718831.9,0.01,0.01,0.09,2849526980122565.5,0.02,0.03
11ef9fa9e8893a32a2a30acdfb026a8f,St Remy Brandy 700Ml,0.06,0.17,8119883570228717.0,0.04,0.07,0.17,2.2380591466605036e+16,0.09,0.19
11ef9fa9e856a70c93eb0acdfb026a8f,Nobbys Cashews 50G,0.05,0.09,1073491583779923.5,-0.0,-0.01,0.1,1.3242135551184276e+16,0.03,0.07
11ef9fa9e8ff7ac686c90acdfb026a8f,Coopers Xpa Ltd Rel Can 440Ml,0.01,0.18,2865171577892592.0,-0.01,-0.02,0.17,942458320944595.1,-0.01,-0.0
11ef9fa9e84a5e5cb33b0acdfb026a8f,Great Northern Lager Original 4.2% Bt 700Ml,0.03,0.12,2390588748156643.0,0.01,0.02,0.12,6067041638018624.0,0.04,0.11
11ef9fa9e87f45a4af5f0acdfb026a8f,Wyndham Est Bin 555 Shiraz 750Ml,0.03,0.18,3016494777065294.0,-0.01,-0.02,0.18,6579286017057174.0,0.01,0.03
11ef9fa9e89341eeab720acdfb026a8f,Pepperjack Chardonnay 750Ml,0.11,0.61,4889931482829576.0,-0.02,-0.05,0.56,1.0471755641982598e+16,-0.0,0.11
11ef9fa9e8c4df7e87e20acdfb026a8f,Red Rock Deli Sweet Chilli & Sour Cream  90G,0.05,0.09,2100113074453223.0,-0.01,-0.02,0.09,9021857727016578.0,0.02,0.08
11ef9fa9e8f768e08a350acdfb026a8f,Stoneleigh Lighter In Alcohol Sauv Blanc 750Ml,0.03,0.25,1.2058250875261652e+16,0.06,0.11,0.26,2.130821833204845e+16,0.04,0.14
11ef9fa9e888c60698f20acdfb026a8f,Devils Corner Pinot Noir Rose 750Ml,0.01,0.09,2118066159071048.8,-0.01,-0.02,0.08,1155344578662297.8,-0.01,-0.0
11ef9fa9e87f486a85780acdfb026a8f,Wolf Blass Yellow Label Shiraz 750Ml,0.01,0.08,8686275775494294.0,0.04,0.09,0.09,1.0605200721998944e+16,0.08,0.12
11ef9fa9e8ff6842841b0acdfb026a8f,Echigo Sekkobai Junmai 720Ml,0.01,0.04,891580222303686.0,0.0,0.01,0.04,1873482359441043.2,0.01,0.02
11ef9fa9e8754130ba810acdfb026a8f,Charm Malgeun Soju Rasperry  Btl 360Ml,0.02,0.06,1988531656703899.2,-0.01,-0.02,0.06,3008095475266715.5,0.0,0.02
11ef9fa9e8ed6ae8bacf0acdfb026a8f,Muhak Good Day Peach Pink Soju Bt 360Ml 20Pk,0.05,0.04,4129077107811039.0,-0.03,-0.06,0.03,9974072186985436.0,-0.0,0.03
11ef9fa9e86b7772a2620acdfb026a8f,Brown Brothers Origins Sauv Bl,0.01,0.17,575363032946072.1,0.01,0.01,0.17,577929615019391.9,0.02,0.06
11ef9fa9e874fd108a570acdfb026a8f,Jacobs Creek Market Hall Pinot Grigio 750Ml 6Pk,0.01,0.09,2508704048673695.5,-0.01,-0.02,0.08,307438135152035.8,-0.02,-0.01
11ef9fa9e889338e80e10acdfb026a8f,Rothmans 20S Cool Crush Blue 10Pk,0.02,0.26,1210175912275751.8,0.0,0.01,0.25,1925219036132877.8,-0.02,-0.0
11efb1acabb1cbb4b7f002d8a60509dd,Little Sammy Pinot Gris 750Ml,0.02,0.14,4084142312455563.5,-0.02,-0.04,0.12,1558941265085794.8,-0.0,-0.01
11ef9fa9e8d91fa2b7a00acdfb026a8f,100 Pipers Deluxe Scotch Whisky,0.0,0.04,285469014308903.9,0.0,0.0,0.04,1091692068789065.4,-0.0,0.0
11ef9fa9e85724aca2b40acdfb026a8f,County Bourbon 700Ml,0.02,0.09,2306217194450836.5,-0.01,-0.02,0.08,2237132800634586.8,-0.0,0.01
11ef9fa9e8e2e3b69fc80acdfb026a8f,Suntory Strong Zero 9% Double Pear 350Ml,0.0,0.05,793692982427350.4,-0.0,-0.01,0.04,65493791441817.79,-0.0,-0.0
11efb6daace74904832b0608b1b9cdd7,Zombie Chews Grape 28G,0.01,0.01,1463670479589703.8,-0.01,-0.01,0.01,53688283086343.62,0.0,0.0
11ef9fa9e8894d0689ca0acdfb026a8f,Ruffled Feather Shiraz 750Ml 12Pk,0.0,0.04,284436839920116.75,-0.0,-0.0,0.04,121169577005315.62,0.0,0.0
11efb6d9699f3036a1570608b1b9cdd7,Hi Chew Stick Green Apple 57G,0.01,0.09,1286720332140886.2,-0.0,-0.01,0.08,1146243746539409.5,0.0,0.02
11ef9fa9e8cec6e2bbb70acdfb026a8f,Johnnie Walker Black Label Gp 700Ml 12pk,0.0,0.05,1063455435406957.0,-0.0,-0.01,0.04,210886765926366.0,-0.01,-0.01
11ef9fa9e8a73b86a3090acdfb026a8f,Lotte Chum Churum Apple Soju 360Ml 20Pk,0.01,0.05,513509317041953.8,0.0,0.0,0.05,2178491521324886.0,0.02,0.03
11ef9fa9e87f387090b70acdfb026a8f,Southern Creek Crisp Dry White 4L,0.07,0.13,226905862196456.53,-0.01,-0.01,0.13,1.7751699612507766e+16,0.07,0.14
11ef9fa9e8ce9258a0840acdfb026a8f,Penfolds Bin 389 Holiday Cabernet Shiraz Gift Box,0.13,0.73,3.682307140260879e+16,0.22,0.49,0.72,3.288931916987943e+16,0.4,0.68
11ef9fa9e856a4faaab90acdfb026a8f,Mountain Goat Summer Ale Can 375Ml 24Pk,0.04,1.15,4599995034251003.0,0.04,0.08,1.14,5351291588844368.0,0.05,0.24
11ef9fa9e8d9351486630acdfb026a8f,Coopers Pacific Ale 375Ml Can 24Pk,0.03,0.33,1641392560478221.2,0.01,0.03,0.34,7244623397539178.0,-0.02,0.04
11ef9fa9e84a4bba83e90acdfb026a8f,Galliano Black Sambuca Liqueur 700Ml,0.03,0.09,505856386070451.44,-0.0,-0.0,0.09,6694787607822753.0,0.03,0.05
11ef9fa9e84a6906b2f30acdfb026a8f,Hendricks Gin 700Ml 6Pk,0.03,0.68,3977372452324466.5,0.01,0.02,0.68,5128429653420908.0,-0.09,-0.07
11ef9fa9e8f78be0b7130acdfb026a8f,Royal Vodka 150Ml,0.01,0.04,748212580475790.9,0.0,0.01,0.04,2831737239868536.5,0.01,0.03
11ef9fa9e8d8969ab5dd0acdfb026a8f,Poet Country Lager 375Ml,0.0,0.02,832430456510687.0,-0.0,-0.01,0.02,572250288552676.0,-0.0,-0.0
11ef9fa9e8e2b44aa6750acdfb026a8f,2 Monkeys Cabernet Merlot 750Ml,0.03,0.04,497689589714103.0,-0.01,-0.01,0.04,6535715132853418.0,0.03,0.05
11ef9fa9e87f323a82c70acdfb026a8f,Renmano Premium Tawny Port Cask 2L,0.04,0.33,1.0080022067780956e+16,0.05,0.11,0.33,2.046806717700499e+16,0.02,0.12
11ef9fa9e856bd00ad0a0acdfb026a8f,Ratu 8Yo Signature Rum 700Ml,0.05,0.24,3.4729989492145656e+16,-0.05,-0.11,0.08,235929654.28,0.06,0.28
11efb1acab84f0f8b92906b1bc894a93,Lucky Lips Prosecco 750Ml,0.01,0.18,2203923013510767.2,-0.01,-0.01,0.17,3080757995643204.0,0.03,0.08
11ef9fa9e888f7f28c980acdfb026a8f,Wolf Blass Red Label Pinot Grigio 750Ml,0.01,0.04,33172407505426.06,0.0,0.0,0.04,1931132226640982.5,0.03,0.04
11ef9fa9e8bb5dc8a4000acdfb026a8f,Mj Crown Gin,0.02,0.13,2179518609364707.5,-0.01,-0.02,0.12,3051922819060120.0,0.01,0.02
11ef9fa9e84a2018ac8b0acdfb026a8f,Chambord Liqueur 500Ml,0.02,0.25,1239403616981161.2,0.01,0.02,0.25,7011439049022826.0,0.0,0.03
11ef9fa9e8618b4ab68c0acdfb026a8f,Kooba Soft Red 4L,0.01,0.13,1076651509042283.2,-0.0,-0.0,0.13,1280803562252189.8,0.01,0.03
11ef9fa9e8e3445ab8f60acdfb026a8f,Fatv Beef Jerky Hot N Spicy 30Gr,0.16,1.02,4964619547645245.0,0.01,0.03,1.04,4.3570376847117464e+16,0.24,0.39
11efb6da0b294fd6840a02fdb925ef7b,Hi Chew Stick Grape 57G,0.02,0.05,2265823736067352.5,-0.01,-0.02,0.04,2947729244017122.5,0.0,0.0
11efb6da2e956d9291a10608b1b9cdd7,Hi Chew Stick Cola 57G,0.01,0.05,1145717469605429.0,-0.0,-0.01,0.04,650527090965591.4,0.01,0.02
11efb779da34d4a4a8fa02fdb925ef7b,Benediktiner Weissbier 4Pk Can 500Ml,0.07,0.13,2.446009187391885e+16,-0.12,-0.25,0.04,8411411126709955.0,-0.05,-0.11
11ef9fa9e85689fcacc30acdfb026a8f,Little Fat Lamb 1.25L Ginger Fire,0.03,0.14,3871349913826654.0,-0.02,-0.04,0.12,2571932537130045.5,-0.01,0.01
11ef9fa9e856af68b5d10acdfb026a8f,Passion Pop Pink 750Ml,0.02,0.11,5893583837601066.0,-0.02,-0.05,0.1,2359791322870100.5,-0.01,-0.01
11efa162a8c98f688a1706fb1ac4ad25,Baileys Chocolate Irish Cream Liqueur 700ml 6pk,0.01,0.08,744907439312370.0,0.01,0.01,0.09,4346898355393858.5,0.0,0.02
11ef9fa9e8d89636a6040acdfb026a8f,Brick Lane Hi Fi Lager 355Ml,0.09,0.64,3363433839004429.0,-0.01,-0.02,0.66,2.1625037707547344e+16,-0.02,0.08
11ef9fa9e8890ba2b54e0acdfb026a8f,Glenfiddich Gran Reservea 21Yo 700Ml,0.01,0.08,2192993416684230.0,0.01,0.02,0.08,3819330965943321.0,0.03,0.05
11ef9fa9e87f64c690040acdfb026a8f,Catalina Sands Sauvignon Blanc 750ml,0.02,0.08,1246275156588707.0,0.0,0.01,0.09,7355418722462927.0,0.01,0.05
11ef9fa9e8a73f1485470acdfb026a8f,Lotte Liquor Chum Churum Citron Soju Bt 360Ml 20Pk,0.01,0.02,923037425794092.4,0.0,0.01,0.02,1991104691389313.8,0.01,0.03
11ef9fa9e87541e4a6a50acdfb026a8f,Charm Malgeun Soju Watermelon Btl 360Ml,0.03,0.07,5085552948660748.0,-0.02,-0.05,0.06,1926719806183998.8,-0.0,0.03
11ef9fa9e86b1a98b4560acdfb026a8f,Dee Vine Estate Range Pinot Grigio 750Ml,0.02,0.04,685618953116733.9,0.0,0.01,0.05,9165398285711994.0,0.01,0.04
11ef9fa9e849e18ebaa40acdfb026a8f,Agwa De Bolivia Coca Leaf Herbal Liquor 700Ml,0.01,0.08,657133270780079.6,0.0,0.01,0.08,3495652500874931.0,0.02,0.03
11ef9fa9e8890256802a0acdfb026a8f,D'aquino's Brandy 150Ml,0.01,0.13,1185406659123362.2,0.0,0.01,0.13,607869600979070.5,0.03,0.1
11efb1acabe94c7eb61302d8a60509dd,Little Sammy Shiraz 750Ml,0.02,0.04,516554833679299.3,-0.0,-0.01,0.04,2240553338122559.0,0.02,0.03
11ef9fa9e8ecd86280e90acdfb026a8f,Sour Puss Sour Cola 700Ml,0.07,0.33,1434132709073487.0,0.01,0.02,0.33,1.9982449885797764e+16,0.05,0.12
11ef9fa9e84a42149c120acdfb026a8f,Espolon Blanco Tequila 700Ml,0.04,0.17,479989209128863.75,0.0,0.01,0.17,9196820497111778.0,0.03,0.08
11ef9fa9e84a426eadfa0acdfb026a8f,Espolon Reposado Tequila 700Ml,0.02,0.08,49686119163826.48,0.0,0.0,0.09,3101153336186962.0,0.01,0.03
11ef9fa9e856e618bb220acdfb026a8f,Stoneleigh Marlborough Pinot Noir,0.01,0.08,64482898137436.42,0.0,0.0,0.08,2393816277196927.0,0.01,0.04
11ef9fa9e89d4bc688ad0acdfb026a8f,Little Giant Pinot Noir 750Ml,0.04,0.58,4613293466441196.0,0.03,0.06,0.57,1.172700496392906e+16,-0.02,0.08
11efb1acabb095788f8c02d8a60509dd,Little Sammy Pinot Noir 750Ml,0.03,0.04,4566990800863875.0,0.02,0.04,0.04,1.1196640647620318e+16,0.05,0.09
11ef9fa9e8ff5fb4b5850acdfb026a8f,Asahi Super Dry Zero Btl 330Ml,0.09,0.35,2073401284561239.8,-0.0,-0.01,0.33,2.710134892376405e+16,0.1,0.24
11ef9fa9e87f1ee4976a0acdfb026a8f,De Bortoli Prem Semillon Sauvignon Blanc Cask 4L,0.03,0.33,3384010930841227.0,0.02,0.04,0.35,1.4242750762404338e+16,0.02,0.07
11ef9fa9e8e2c99eb2ea0acdfb026a8f,Byron Bay Can,0.26,0.3,6.132542659051493e+16,-0.3,-0.62,0.09,1.2618125052457894e+16,0.02,0.09
11ef9fa9e86b3b22a9840acdfb026a8f,Haku Vodka 700Ml,0.03,0.17,1499662923495161.2,0.01,0.02,0.17,7183511436422498.0,0.01,0.05
11ef9fa9e8619df688e00acdfb026a8f,Real Mccoy 440Ml Cn 24Pk,0.02,0.04,476830247741382.94,-0.01,-0.01,0.05,4503376515364515.0,0.04,0.04
11ef9fa9e8933a7897160acdfb026a8f,Richmond Grove Bay Of Stones Chardonnay 750Ml,0.01,0.08,743930321042700.2,0.01,0.02,0.08,2458633154935233.0,0.02,0.05
11ef9fa9e86b972a8e7f0acdfb026a8f,Chivas Regal 15Yo 700Ml,0.01,0.08,63269699373052.04,-0.0,-0.0,0.09,2269342685880467.5,0.01,0.01
11ef9fa9e874d466803b0acdfb026a8f,Cruiser Sugar Free Strawberry Water Bt,0.02,0.19,4143480503450798.5,-0.02,-0.04,0.17,139125739821151.81,-0.02,-0.02
11efb6d9951d36048caf06be9cbdc845,Hi Chew Stick Mango 57G,0.01,0.13,213442930957228.72,0.0,0.01,0.12,2954926171273547.0,-0.0,0.02
11ef9fa9e8936df497e60acdfb026a8f,Wrigleys Eclipse Mints Peppermint,0.0,0.03,1231068619691484.0,-0.0,-0.01,0.02,1111627989620137.1,-0.0,-0.0
11ef9fa9e8ff647886600acdfb026a8f,Hananomai Sake 180Ml,0.0,0.02,168004656425273.8,-0.0,-0.0,0.02,617152411202011.4,-0.0,0.0
11efb1fabbe0f0988ca002134caa4f9f,Smiths Crink Sausage Sizzle 150G,0.02,0.02,1.0223886763131662e+16,-0.02,-0.05,0.01,2666548469245848.0,-0.01,-0.01
11ef9fa9e8c52894b4590acdfb026a8f,Winesmiths Prem Selection Chardonnay 2L,0.02,0.5,221231601048952.28,0.02,0.04,0.5,3926827006797883.5,-0.03,-0.01
11ef9fa9e892f50e90900acdfb026a8f,Innocent Bystander Chardonnay 750Ml,0.02,0.17,856894043566187.8,0.01,0.01,0.17,4758122486573938.0,0.0,0.03
11ef9fa9e8e2acfca7e50acdfb026a8f,Kirks Dry Ginger Ale 250Ml 24Pk,0.0,0.13,432653161970763.94,0.0,0.0,0.12,311239582262095.2,0.0,0.02
11efa632cd023810abb502d8a60509dd,Penfold B28 Shiraz Nigo GB 750ml 6pk,0.01,0.1,3294736170236115.0,-0.01,-0.02,0.09,256127750334169.7,-0.01,-0.01
11ef9fa9e85712b499360acdfb026a8f,XXXX Summer Bright Lime Bottle,0.03,0.16,7344965499656825.0,-0.03,-0.06,0.13,4114954941361132.0,-0.02,-0.01
11ef9fa9e8b18eba922f0acdfb026a8f,Ned Whisky & Cola 8% Can 375Ml,0.01,0.02,147741786037629.22,0.0,0.0,0.02,1153186481414794.2,0.01,0.01
11ef9fa9e8a78c9494060acdfb026a8f,Remy Martin Xo  Cognac 700Ml,0.01,0.04,431322716648698.4,0.0,0.0,0.04,1462831571511148.8,0.02,0.02
11ef9fa9e8a78762a8340acdfb026a8f,Martell Cognac 3 Star Vs 700Ml,0.01,0.17,1217515239103141.5,0.01,0.02,0.17,5297199118161601.0,0.01,0.04
11ef9fa9e84a04acbe500acdfb026a8f,Brown Brothers Zibibbo Rosa 750Ml,0.01,0.08,371857005552168.2,0.0,0.0,0.08,2431960995019503.0,0.01,0.02
11ef9fa9e8a78262ae5a0acdfb026a8f,Lion Lager Longneck Btl 625Ml,0.03,0.26,1522036879806689.8,0.0,0.01,0.26,8061838405031303.0,-0.01,0.01
11ef9fa9e856b67ab4320acdfb026a8f,Peter Jackson 25S Hybrid Blue 8pk,0.01,0.06,2168309714329669.2,0.01,0.02,0.09,6761276168492810.0,0.02,0.04
11ef9fa9e8892060abff0acdfb026a8f,Smiths Crinkle Cheese & Onion 90G 18Pk,0.0,0.03,111500019584519.89,-0.0,-0.0,0.03,837379418209394.0,0.0,0.01
11ef9fa9e87f2bf0bb250acdfb026a8f,Mcwill Cream Tawny Port 750Ml,0.01,0.09,608641029956577.0,-0.0,-0.0,0.09,1643407269819409.2,-0.0,0.01
11ef9fa9e86b2d088bf00acdfb026a8f,Taylors Estate Riesling 750Ml,0.05,0.58,3740642805820507.0,0.04,0.08,0.62,2.491082763173246e+16,0.01,0.08
11ef9fa9e86b5f2694430acdfb026a8f,Smirnoff Seltzer Mango Cn 250Ml,0.03,0.18,2661395204779016.0,-0.01,-0.02,0.16,1190192789727165.0,0.01,0.02
11ef9fa9e86b10ac86c10acdfb026a8f,Matsos Ginger Beer Btl,0.06,0.13,1693538621868820.0,-0.01,-0.02,0.12,5839629514871872.0,0.03,0.09
11ef9fa9e888e05aba480acdfb026a8f,St Hallett Black Clay Shiraz 750Ml,0.05,1.49,2.772562782250672e+16,0.22,0.45,1.51,5.044975755553061e+16,0.06,0.53
11ef9fa9e87f4b26a82a0acdfb026a8f,Wolf Blass Red Label Shiraz Gren 750Ml,0.0,0.09,1376316707355984.5,-0.0,-0.01,0.08,138275001658244.22,-0.0,0.01
11ef9fa9e875315e9c770acdfb026a8f,Brookvale Union Ginger Beer Cans 330Ml,4.87,3.26,1023.43,3.67,7.42,4.75,1815.05,6.37,7.92
11ef9fa9e8a6fdec87ef0acdfb026a8f,Beresford Mclaren Vale Shiraz 750Ml,0.05,0.33,8016254722400202.0,0.04,0.08,0.34,1.803277781966129e+16,0.04,0.12
11ef9fa9e8a79c48b70e0acdfb026a8f,Suntory Strong Zero 9% Double Lemon 350ml Can 24pk,2.32,3.43,1289.78,4.77,9.65,1.87,723.14,2.63,4.81
11ef9fa9e8890aeeb0b40acdfb026a8f,Glen Grant Arboralis 700Ml,0.01,0.09,926692489005144.8,-0.0,-0.01,0.07,828490359456720.0,0.01,0.01
11ef9fa9e8c4e87091cf0acdfb026a8f,Devils Corner Resolution Pinot Noir,0.02,0.25,3068206354038690.0,0.02,0.05,0.25,3040026202885294.0,0.04,0.09
11ef9fa9e87f9874924d0acdfb026a8f,Taylor Made Malbec 750Ml,0.01,0.08,778144477447617.6,0.0,0.01,0.09,4326698494798348.5,0.01,0.04
11ef9fa9e8615d32a6080acdfb026a8f,Angove Organic Merlot Bt,0.0,0.09,885078379783995.8,-0.0,-0.0,0.09,1156369320629796.8,-0.0,0.0
11ef9fa9e892eebaadfa0acdfb026a8f,Hero Of Zero Pf Sauvignon Blanc 750Ml,0.01,0.25,2567376870554702.0,0.03,0.07,0.25,8311161249720298.0,0.01,0.07
11ef9fa9e8c51ef894540acdfb026a8f,Yellow Tail Rose Bubbles 200Ml,0.0,0.02,313568480964686.8,0.0,0.0,0.02,1405315241084614.0,0.0,0.01
11efb1fba9493dfe807506b1bc894a93,Balter Hazy IPA Schooner,0.8,1.47,2.2468717764381856e+17,0.98,2.02,1.54,2.8275978088464374e+17,0.79,1.99
11efb1fc794710bcbf3106b1bc894a93,Balter Hazy IPA Jug,0.22,2.59,1.9260089208427456e+16,-0.03,-0.06,2.55,4.220395734649944e+16,-0.2,0.03
11ef9fa9e8cecbf69bc30acdfb026a8f,Debortoli Prosecco Rose 200Ml,0.01,0.09,1166097140950169.5,-0.0,-0.01,0.09,856073203517398.8,-0.01,-0.0
11ef9fa9e8f760ac96180acdfb026a8f,Breheny Bros Queensland Bitter Mid (3.5%),0.0,0.05,880752683653407.0,-0.0,-0.01,0.04,94967998030158.78,-0.01,-0.01
11ef9fa9e892dd9e96090acdfb026a8f,Grant Burge Gb32 Chardonnay 750Ml,0.01,0.08,251806664147331.2,0.0,0.01,0.09,4297150763800619.5,0.01,0.03
11ef9fa9e89d4d248edc0acdfb026a8f,Little Giant Cabernet Sauvignon 750Ml,0.03,0.08,3850527128544221.0,0.02,0.03,0.09,1.5970183860886216e+16,0.03,0.08
11ef9fa9e892e6ccbec00acdfb026a8f,Ta Ku Pinot Gris 750Ml,0.03,0.58,1998697409509318.2,0.03,0.06,0.58,8383157529806838.0,-0.01,0.05
11ef9fa9e84a352686110acdfb026a8f,Cruiser Sugar Free Mixed Berry Bottle 275Ml 24Pk,0.03,0.1,3275800113278960.0,-0.02,-0.03,0.09,4386608548687047.5,0.02,0.02
11ef9fa9e87f35288e080acdfb026a8f,Yalumba Barossa Shiraz Cabernet 750Ml,0.01,0.08,137303637084042.0,0.0,0.01,0.09,2175127458977571.5,0.01,0.02
11ef9fa9e84a3a9e8c3b0acdfb026a8f,Dimple Scotch 15YO 700Ml,0.02,0.25,2087516088856143.0,0.01,0.03,0.25,7158637488006183.0,-0.0,0.03
11ef9fa9e84a79aa84870acdfb026a8f,Jacobs Creek Reserve Pinot Noir,0.03,0.25,7388687095701291.0,0.04,0.08,0.25,1.3572092902783582e+16,0.01,0.09
11ef9fa9e874f81a8a770acdfb026a8f,Peter Lehm Port Shiraz 750Ml,0.03,0.08,6458764726109754.0,0.03,0.06,0.09,1.0099551116697346e+16,0.03,0.12
11ef9fa9e856ab8aadd70acdfb026a8f,Oyster Bay Merlot 750ml,0.07,0.25,1.2854617051768776e+16,0.06,0.13,0.25,2.6187070509584508e+16,0.13,0.27
11ef9fa9e87f89a6b4f00acdfb026a8f,Taylors Promised Land Shiraz Cabernet 750Ml,0.0,0.09,544467951116854.2,-0.0,-0.0,0.09,1697066648555192.2,-0.0,0.0
11ef9fa9e8e33492ab600acdfb026a8f,White Claw Refrshr Lemon Can 330Ml,0.03,0.05,6290745032258681.0,-0.03,-0.07,0.04,2771600611636974.5,0.04,0.02
11ef9fa9e8e345b8bee70acdfb026a8f,White Claw Refrshr Strawberry Can 330Ml,0.01,0.08,14877016878416.12,0.0,0.01,0.09,3974282631075041.5,0.01,0.02
11ef9fa9e8cf28769cf30acdfb026a8f,De Bortoli Re Write Pinot Noir 750Ml,0.01,0.08,118026784205310.19,0.0,0.0,0.09,2460737575855035.5,0.0,0.01
11efb90e90c12692be9f06a64d41a1bf,Dewars shots,0.08,1.0,8173877174248202.0,0.06,0.13,1.04,2.238432626206541e+16,0.06,0.28
11ef9fa9e8e344b4910e0acdfb026a8f,Fatv Beef Jerky Smoking 30Gr,0.03,0.51,2946117522123821.5,0.01,0.02,0.5,2565771778336737.0,0.08,0.14
11ef9fa9e8f76520976a0acdfb026a8f,Ampersand Vodka Soda Original 4% 330Ml Can,0.01,0.08,3084439401693658.0,-0.01,-0.03,0.07,1234654292462323.0,-0.0,0.0
11ef9fa9e8f7cd628b9f0acdfb026a8f,Jack Daniels Cola Mini Can 250mL,0.31,0.21,6.557971694409669e+16,0.18,0.37,0.47,1.4165937552582298e+17,0.6,1.09
11ef9fa9e87f3f46917e0acdfb026a8f,Wynns Coon Siding Cabernet Sauvignon 375Ml 12Pk,0.01,0.05,877621004594764.5,-0.0,-0.01,0.04,905759895208023.6,-0.0,-0.0
11ef9fa9e8756d68841f0acdfb026a8f,La Boheme Cuvee Blanc 750Ml,0.01,0.09,1163552961820628.0,-0.0,-0.0,0.08,1403509255818082.5,0.01,0.03
11ef9fa9e8930c38aecc0acdfb026a8f,Starward Solera Matured Malt Whisky 700Ml 6Pk,0.0,0.08,172725272703408.16,0.0,0.01,0.08,1109424790380112.5,0.01,0.03
11ef9fa9e89d6d2c86c80acdfb026a8f,Johnnie Walker Green Malt 700Ml 6Pk,0.02,0.17,108935702532384.28,0.0,0.01,0.17,5488648858964236.0,-0.0,0.02
11ef9fa9e8a705f89b230acdfb026a8f,Brands Laira Blocker Cabernet Sauvignon 750Ml,0.02,1.0,692064365438547.8,0.05,0.12,1.0,1872454600558893.8,-0.06,0.13
11ef9fa9e88922c280e30acdfb026a8f,Four Pillars Rare Dry Gin 700Ml 6Pk,0.04,0.08,3747291623299871.0,0.02,0.03,0.09,1.4000704695779186e+16,0.03,0.1
11ef9febf91e0a98af1202d8a60509dd,Asahi Super Dry Tower,0.33,1.22,4.8261869232593256e+16,-0.21,-0.42,1.12,5.148814910281915e+16,-0.08,0.05
11ef9fa9e8e2ac3e954b0acdfb026a8f,Kirks Tonic Water 250Ml 24Pk,0.02,0.27,508229121042217.75,0.0,0.01,0.27,3611509860442134.5,-0.0,0.01
11efb1fca59edfa09a0406b1bc894a93,Balter Hazy IPA Tower,0.15,0.63,2.9270809990870908e+16,-0.12,-0.26,0.52,8907985534940008.0,-0.05,0.04
11ef9fa9e874f6a8b5c60acdfb026a8f,Peter Lehm H&V Shiraz 750Ml,0.0,0.08,556993117296359.94,0.0,0.01,0.08,1568799691417902.2,0.01,0.02
11ef9fa9e87574acbaa10acdfb026a8f,Mumm Marlborough Brut Prestige 750Ml,0.06,0.13,9465896529094854.0,-0.04,-0.09,0.09,5025914712714062.0,-0.01,0.02
11ef9fa9e8ff70b2a7f30acdfb026a8f,Mt Moriac Chardonnay 750Ml,0.01,0.05,1882195099698913.8,-0.01,-0.02,0.04,864420794825088.1,0.0,0.01
11ef9fa9e88910169e630acdfb026a8f,Macallan 12Yo Double Cask Cny 700Ml,0.02,0.17,7026021439193000.0,0.03,0.07,0.17,1.07028552593705e+16,0.02,0.08
11ef9fa9e892decabe760acdfb026a8f,Taylors Jaraman Chardonnay 750Ml,0.02,0.08,1307697307328867.8,0.01,0.01,0.09,5960183572181109.0,0.03,0.06
11ef9fa9e8ecf810b6110acdfb026a8f,Little Creature Flying Low Non-alcoholic Can 24Pk,0.09,0.53,7282434469433233.0,-0.02,-0.05,0.51,1.6814828670518888e+16,-0.03,0.05
11ef9fa9e86b0a94b3f30acdfb026a8f,Galliano Black Sambuca Liqueur 500Ml,0.01,0.21,1125082150702164.6,-0.0,-0.0,0.21,2701650569544447.5,0.17,0.43
11ef9fa9e89d4338b7f00acdfb026a8f,McGuigan Single Batch Pinot Noir 750mL,0.02,0.08,1573896837164856.0,0.01,0.02,0.08,4755147031673157.0,0.02,0.05
11ef9fa9e856e78095480acdfb026a8f,Stones Green Ginger Wine 750Ml,0.01,0.08,1497019047980121.0,0.01,0.02,0.08,5454532785069355.0,0.01,0.03
11ef9fa9e8c50abc899c0acdfb026a8f,Tgallant Cape Schanck Pinot Noir,0.01,0.17,65298293261298.12,0.0,0.01,0.16,959804951047875.6,0.0,0.01
11ef9fa9e8755b2aa3610acdfb026a8f,De Bortoli La Boheme Cuvee Rose 750Ml,0.01,0.08,525360776002813.9,0.0,0.01,0.09,4302301005659193.0,0.01,0.01
11ef9fa9e84a84f4baa00acdfb026a8f,Jansz Premium Cuvee Non Vintage 750Ml,0.15,0.17,1.8775583035443136e+16,-0.1,-0.2,0.07,7130322623206612.0,0.15,0.16
11ef9fa9e8930436adad0acdfb026a8f,Secret Stone Marlborough Sauvignon Blanc 750Ml,0.05,0.08,6770684785760336.0,0.02,0.05,0.09,1.9724402575749452e+16,0.07,0.13
11ef9fa9e875575689f60acdfb026a8f,Brown Brothers Prosecco Ultra Low 750Ml,0.01,0.09,997793696280379.2,-0.0,-0.01,0.08,420076190466986.44,-0.0,0.0
11ef9fa9e861ab34af930acdfb026a8f,Jack Daniels Whiskey Dry Can 375Ml 4.8% 24Pk,0.02,0.08,1176000494363468.0,0.01,0.01,0.08,3632457668221986.0,0.04,0.06
11ef9fa9e8e2e0f09fa40acdfb026a8f,Lotte Chum Churum Sparkling Grape Soju Btl 360Ml,0.01,0.02,432024583362976.94,0.0,0.0,0.03,1808690427502183.2,0.01,0.02
11ef9fa9e87f247ab8880acdfb026a8f,Yellow Tail Sangria 750Ml,0.02,0.13,38194322607265.27,0.03,0.09,0.12,1374480691323593.5,0.04,0.08
11efa23b05750d90b6cd02f45f246745,Bright Brewery Miami Weisse Mango Ice Cream Sour 4.0% 355ml Can 24PK,0.01,0.02,33107600754848.04,-0.0,-0.0,0.02,1228864107838840.0,0.01,0.02
11ef9fa9e856bca681a50acdfb026a8f,Ratu 5Yo Spiced Rum 700Ml,0.0,0.09,899123865028087.5,-0.0,-0.0,0.08,236514376839042.78,-0.0,-0.0
11efa23ab5264f2a9d9602d8a60509dd,Bright Brewery Doggobrau XPA 440ml Can 16pk,0.01,0.03,562516010038859.56,-0.0,-0.0,0.03,1063953319749822.2,0.01,0.02
11ef9fa9e8b1751091360acdfb026a8f,Gordons Gin & Tonic 4.5% Can 375Ml 10Pk,0.07,0.7,323273320629562.56,0.02,0.04,0.7,1.6058413493573234e+16,-0.1,-0.02
11ef9fa9e86b1214aec00acdfb026a8f,Master Of Mixer Mojito 1L,0.01,0.09,520424389238910.06,-0.0,-0.0,0.08,1480289790047185.8,0.0,0.01
11ef9fa9e8618ee291a80acdfb026a8f,Wolf Blass Red Label Shiraz Cabernet,0.06,0.08,773940432516827.1,0.0,0.0,0.08,1.216206224140164e+16,0.05,0.11
11ef9fa9e8937f9c8fb50acdfb026a8f,Four Pillars Fresh Yuzu Gin 700Ml,0.0,0.09,1042362295869797.5,-0.0,-0.0,0.08,27341112884845.39,-0.01,-0.0
11ef9fa9e888d34eba2b0acdfb026a8f,St Hugo Coonawarra Cabernet Sauvignon 750Ml,0.02,0.08,469637762188238.4,0.0,0.0,0.08,2902220844131886.5,0.01,0.04
11ef9fa9e8bb001c85500acdfb026a8f,Hop Nation The Heart Pale Ale Can 355Ml,0.04,0.37,536963987534418.56,0.01,0.03,0.38,8633877055191289.0,0.04,0.08
11ef9fa9e8613fb495f40acdfb026a8f,Jps 30S Gold,0.02,0.08,7440395807791706.0,0.03,0.07,0.08,1.28831312423327e+16,0.06,0.12
11ef9fa9e8b1446e88c30acdfb026a8f,Carlton Pure Blonde Organic Cider Can 375Ml 30Pk,0.0,0.02,1470346110136314.5,0.01,0.01,0.02,2081467183360599.2,0.02,0.04
11ef9fa9e8e2dabab4850acdfb026a8f,Tanqueray & Tonic 250Ml,0.02,0.17,1110471447680175.8,-0.0,-0.0,0.17,2687933892904624.5,0.02,0.03
11ef9fa9e86b301eb03b0acdfb026a8f,Moon Dog Fizzer Tropical Crush Can 330Ml 24Pk,0.06,0.29,9630086072943630.0,-0.04,-0.08,0.28,1.209143564384577e+16,-0.03,-0.02
11ef9fa9e84a21269a7b0acdfb026a8f,Chandon Brut Vintage 750Ml,0.01,0.17,127156489648926.66,0.0,0.01,0.17,1417021994733742.8,-0.0,0.01
11ef9fa9e888e582874a0acdfb026a8f,Triennes Rose,0.0,0.04,346445105823570.1,-0.0,-0.0,0.04,49832748233451.18,0.0,0.01
11ef9fa9e8ece302a8270acdfb026a8f,Chingu Soju Original 360Ml,0.04,0.07,1.3941313907079952e+16,0.06,0.11,0.08,2.247661800025668e+16,0.06,0.16
11ef9fa9e8e2b6fcba5a0acdfb026a8f,Beef Jerky 200G,0.04,0.5,79735895644940.61,0.01,0.03,0.5,1.064511119116019e+16,0.03,0.07
11ef9fa9e8c4d588becb0acdfb026a8f,Kaiju Krush Tropical Pale Ale,0.05,0.12,1.513546854368239e+16,0.06,0.13,0.12,2.5893285582582252e+16,0.1,0.21
11ef9fa9e8ed116a810d0acdfb026a8f,Arrived Chardonnay 750Ml,0.01,0.04,852573426955278.5,0.0,0.01,0.04,2429208145616813.5,0.01,0.02
11ef9fa9e856df24a6430acdfb026a8f,Southern Comfort 700Ml,0.04,0.12,2067321722231551.2,0.01,0.02,0.14,1.6469727739956138e+16,0.03,0.08
11ef9fa9e87558c8a0490acdfb026a8f,Chandon Brut Rose Nv 750Ml,0.03,0.17,1227801697773213.2,0.01,0.02,0.16,5726859961458112.0,0.01,0.05
11ef9fa9e87f18a4a35b0acdfb026a8f,Coolabah Crisp Dry White 11% Cask 5L,0.22,0.25,3.4550196831447076e+16,0.13,0.26,0.25,8.340177560970466e+16,0.39,0.73
11ef9fa9e892ee56983a0acdfb026a8f,Stoneleigh Wild Valley Sauvignon Blanc 750Ml,0.01,0.17,1027078108813075.8,0.0,0.01,0.17,635241336583960.5,0.01,0.03
11ef9fa9e8bb649e88170acdfb026a8f,Ventti Slim Filters Yellow,0.01,0.03,698478982903493.2,-0.0,-0.01,0.03,1123793899861884.8,0.0,0.0
11ef9fa9e892d416b2460acdfb026a8f,Tempus Two Platinum Pinot Grigio 750Ml,0.02,0.17,913660169373364.2,0.01,0.02,0.16,3559853603599059.5,0.0,0.04
11ef9fa9e874fef08c460acdfb026a8f,Nobbys Pork Crackle Bbq 25G,0.01,0.02,484514119452517.9,0.0,0.0,0.03,3913616943232960.0,0.01,0.02
11ef9fa9e86b6502a1a80acdfb026a8f,Jack Daniels Tennessee Apple 700mL,0.01,0.08,3550638051262264.0,0.02,0.04,0.08,5729867368976478.0,0.03,0.06
11ef9fa9e86123bca3f70acdfb026a8f,Mcwilliam Royal Reserve Tawny 750Ml,0.03,0.37,5092409345771173.0,0.03,0.06,0.38,1.2764630947572134e+16,-0.03,0.03
11ef9fa9e8c4e9e2ba710acdfb026a8f,Fanta Orange 1.25L,0.3,0.73,672.53,0.06,0.14,0.44,413.33,0.25,0.92
11ef9fa9e8c4cfac9bb00acdfb026a8f,Mt Duneed Est Pinot Noir 750Ml 12Pk,0.01,0.09,882948356007833.8,-0.0,-0.01,0.08,1427074002776479.0,-0.01,0.01
11ef9fa9e8cedf428a3e0acdfb026a8f,Vok Advokaat 500Ml,0.01,0.33,3261434486124127.5,0.02,0.05,0.33,4031519785048540.5,0.0,0.06
11ef9fa9e8cf1bd89e210acdfb026a8f,Sheep Shape Sauv Blanc 750Ml,0.01,0.09,1276632368503932.0,-0.0,-0.01,0.09,3417301039597969.5,-0.0,0.01
11ef9fa9e8ff69f09c710acdfb026a8f,Kings Of Prohibit Tawny 750Ml,0.02,0.08,1315673335739507.5,0.01,0.01,0.08,3799734941302945.5,0.03,0.06
11ef9fa9e874e3d4a3640acdfb026a8f,Wild Boar Bourbon 15% 200Ml Cn 24Pk,0.03,0.1,3327060143047592.0,-0.01,-0.03,0.08,3678509373843500.0,0.01,0.01
11ef9fa9e8ecf91eb37b0acdfb026a8f,Stone & Wood Pacific Ale 500Ml 12Pk,0.02,0.52,4932144496554312.0,-0.01,-0.01,0.51,3264806109784044.5,-0.02,0.02
11efb19b5979de109b6e02d8a60509dd,Mother Rainbow Sherbet Can 500ml 24pk,0.0,0.03,1079881318006247.2,-0.0,-0.01,0.02,261348997716562.78,-0.0,-0.0
11ef9fa9e856b4a497160acdfb026a8f,Peter Jackson 30S Blue Classic 6Pk,0.02,0.1,2682876428907344.0,-0.01,-0.02,0.08,1433764929828637.0,-0.01,-0.0
11ef9fa9e849e1e8838e0acdfb026a8f,Akropolis Ouzo 700Ml Btl,0.0,0.08,43602861028162.27,0.0,0.0,0.08,315494822969775.25,0.01,0.03
11ef9fa9e87ee5fa83310acdfb026a8f,Amongst The Cloud Sauvignon Blanc 750Ml,0.03,0.14,2220560375333342.2,-0.01,-0.02,0.11,2823455392294816.0,0.01,0.04
11ef9fa9e849ff5c98a90acdfb026a8f,Brown Brothers Crouchen Riesling,0.04,1.0,1.7329778871760246e+16,0.15,0.32,1.0,1.0592917777952634e+16,0.37,0.62
11efb6a2863697349aa206be9cbdc845,BETTER BEER MIDDY 10PK N355ML,0.05,1.05,9931711087020924.0,-0.01,-0.01,1.0,5306390055710827.0,-0.02,0.2
11ef9fa9e86178da85270acdfb026a8f,2 Monkeys Pink Moscato 750Ml 12Pk,0.01,0.09,2421501908551293.5,-0.01,-0.02,0.08,96245946453892.67,-0.01,-0.02
11ef9fa9e84a7c1693cb0acdfb026a8f,Jacobs Creek Sparkling Moscato White 750Ml,0.02,0.11,5214699573931737.0,-0.02,-0.04,0.09,2257953688829971.0,-0.01,-0.0
11ef9fa9e84a41c48de90acdfb026a8f,Eristoff Vodka Original 700Ml,0.01,0.09,1537236858724095.5,-0.0,-0.01,0.09,1642396317968100.5,-0.0,0.01
11ef9fa9e8bb4fb8a6570acdfb026a8f,McGuigan Zero Sparkling 750mL,0.01,0.08,321029063838837.94,-0.0,-0.0,0.08,4999982908906127.0,0.02,0.04
11ef9fa9e85697a88ef30acdfb026a8f,McGuigan Black Label Merlot 750mL,0.05,0.19,4600253501973202.0,-0.02,-0.03,0.16,7665590460643658.0,0.03,0.03
11ef9fa9e892d240b6a70acdfb026a8f,Tempus Two Varietal Blanc De Blanc 750mL,0.02,0.5,2945327040627718.0,0.04,0.09,0.5,5187245126382180.0,0.01,0.11
11ef9fa9e8ed1700a2790acdfb026a8f,De Bortoli Estate Vineyard P Gris 750Ml,0.02,0.08,9252641274081796.0,0.04,0.08,0.09,1.4004178682241178e+16,0.06,0.11
11ef9fa9e86b6d7c8d6e0acdfb026a8f,Sheep Dog Peanut Butter 700Ml,0.07,0.08,1.4503947126402978e+16,0.06,0.12,0.1,3.347202263685397e+16,0.12,0.28
11ef9fa9e8baeb86aa040acdfb026a8f,Dubliner Irish Whisky Liqueur 700Ml 6Pk,0.01,0.08,255577162939279.75,0.0,0.0,0.09,2261283308896910.5,0.01,0.02
11ef9fa9e8571dcca60f0acdfb026a8f,Jameson Dry & Lime Bt 333Ml,0.04,0.11,5220088750979538.0,-0.03,-0.06,0.11,1.1419769194859542e+16,-0.01,0.03
11ef9fa9e861b278a99a0acdfb026a8f,Johnnie Walker Discover Gift P,0.0,0.05,1071120864481236.0,-0.0,-0.01,0.04,145971693559242.25,-0.0,-0.0
11ef9fa9e8c4a66c8ac80acdfb026a8f,Yellowglen Pink 200Ml,0.01,0.09,528748317524085.75,-0.0,-0.0,0.08,432367806225307.2,0.01,0.02
11ef9fa9e87f63c28a1b0acdfb026a8f,Beach Days Moscato 750Ml,0.03,1.25,3750863156062220.5,0.08,0.17,1.25,8209699377149523.0,0.05,0.34
11ef9fa9e8e30df095480acdfb026a8f,Billsons Blue Hawaiian Vodka 355Ml,0.02,0.07,5578449618773539.0,-0.03,-0.05,0.05,1848744422739364.5,-0.0,0.01
11efb19b5a3d6ca48b2b061bcde049eb,Kirks Orange Can 375ml 20pk,0.01,0.08,339466038253651.7,0.0,0.0,0.08,1552985004451947.8,0.0,0.01
11ef9fa9e849f8a48d930acdfb026a8f,Black Douglas Scotch 700Ml,0.05,0.04,1.5355639919332334e+16,0.06,0.13,0.08,2.8613664436758724e+16,0.14,0.26
11ef9fa9e86b25d893b40acdfb026a8f,Grand Barossa Shiraz Bt,0.01,0.13,307578541589819.8,0.0,0.0,0.12,1132837464196740.2,-0.01,0.01
11ef9fa9e8615e9aa5630acdfb026a8f,No Evil Organic Sauvignon Blanc Bt,0.01,0.08,864359339419784.4,0.01,0.01,0.08,2171586194200095.2,0.01,0.02
11ef9fa9e84a7694878a0acdfb026a8f,Jack Daniels Tennessee Honey 700Ml Btl,0.02,0.25,2547698796502842.5,0.02,0.04,0.25,7908629714619052.0,-0.01,0.03
11ef9fa9e8eceb2c889c0acdfb026a8f,De Bortoli Prem Tram Ries,0.04,0.16,5045979286019509.0,0.03,0.06,0.16,1.2881586246399896e+16,0.02,0.11
11efb1acab84e73e97f206b1bc894a93,Lucky Lips Prosecco Strawberries 750Ml,0.05,0.38,9908784148904586.0,-0.04,-0.08,0.33,1270655666246032.5,-0.06,-0.02
11ef9fa9e8752556980d0acdfb026a8f,Fireball & Cola 6.6% Can 355Ml 24Pk,0.01,0.04,1619811979776938.8,-0.01,-0.02,0.04,1057222418173315.6,0.0,0.01
11ef9fa9e889455e92880acdfb026a8f,Villa Maria Private Bin Chardonnay 750Ml,0.01,0.17,99361483258843.69,0.0,0.01,0.17,921504735228804.5,0.0,0.03
11ef9fa9e8e2e56eaa720acdfb026a8f,Wild Turkey Zero Cola 4.8% Can 375Ml 24Pk,0.07,0.5,1764583748087159.0,0.01,0.01,0.5,2976893431107254.0,-0.04,0.03
11ef9fa9e8f75bd484c20acdfb026a8f,Vodka Cruiser Mid Proof Boysenberry 700Ml,0.01,0.09,1418957407887548.8,-0.0,-0.01,0.08,297437869245735.8,-0.0,0.0
11efa32135cc31eeafd102d8a60509dd,Fever Tree Raspb Tonic 200Ml,0.01,0.09,2344337465782761.5,-0.01,-0.02,0.08,391534179575317.7,-0.01,0.01
11ef9fa9e8c4b47c95ed0acdfb026a8f,Kirks Lemon Squash Can 375Ml 20Pk,0.01,0.05,200470459680505.53,0.0,0.0,0.05,2337606240947263.5,0.01,0.02
11ef9fa9e86b021a9e2f0acdfb026a8f,Kraken Black Spiced Rum & Dry,0.02,0.08,1506819612873077.5,0.01,0.02,0.09,9923150400646134.0,0.02,0.04
11ef9fa9e86b0274a7d80acdfb026a8f,Mcguigan Black Label Moscato,0.02,0.08,2217021913411594.5,0.01,0.02,0.1,1.054037456422298e+16,0.03,0.06
11ef9fa9e89d8e6a827a0acdfb026a8f,Wild Turkey Long Branch 700Ml,0.01,0.08,391412226970946.75,0.0,0.0,0.09,4454730426766601.5,0.01,0.02
11ef9fa9e86b9838aabc0acdfb026a8f,White Claw Hard Seltzer Watermelon Can 330mL,0.02,0.05,2871446372186385.0,-0.01,-0.02,0.03,1102768791471220.9,0.0,0.01
11ef9fa9e86188c0941f0acdfb026a8f,Bond Street Classic Blue 30S,0.01,0.09,707641748076081.5,0.0,0.01,0.08,904558382304237.9,0.01,0.03
11ef9fa9e8cf01fcb4d00acdfb026a8f,Pete's Pure Pinot Noir 750Ml,0.01,0.08,85786369084557.19,0.01,0.01,0.08,722829503540163.1,0.03,0.05
11ef9fa9e8e335a08ebf0acdfb026a8f,Yves Premium Cuvee 200Ml,0.0,0.02,703004038073739.1,0.0,0.01,0.02,232606645158746.28,0.0,0.01
11ef9fa9e8f7b69c87540acdfb026a8f,De Bortoli Yv Spk P/Noir 750Ml,0.01,0.08,310571866445856.56,0.0,0.0,0.08,198301264368475.94,0.01,0.01
11ef9fa9e87513a48c2f0acdfb026a8f,Jose Cuervo Spark Watermelon Margarita Can 330Ml,0.02,0.19,4514405153359809.0,-0.02,-0.03,0.16,704021820484910.0,-0.03,-0.02
11ef9fa9e8e328bcb2440acdfb026a8f,Penfolds Koonunga Hill Shiraz Cabernet 375Ml,0.04,0.04,1263239394658055.8,0.0,0.0,0.05,1.0403572096717362e+16,0.04,0.08
11ef9fa9e84a85a8b1f00acdfb026a8f,Jansz Premium Rose Nv 750Ml,0.01,0.09,1064566313843539.5,-0.0,-0.01,0.09,3183057247094961.5,-0.0,0.0
11efa162a8cc08608d5306fb1ac4ad25,Better Beer Middy ULC 355ml 30pk,0.08,3.49,4.038227399495534e+16,0.4,0.85,3.5,6.436126695910785e+16,0.21,1.26
11ef9fa9e8890a44823b0acdfb026a8f,Balvenie Double Wood 12Yo 700Ml,0.01,0.08,326871159410077.8,0.0,0.0,0.08,1090522639699794.8,-0.0,0.01
11ef9fa9e84a758692c20acdfb026a8f,Jack Daniels Single Barrel 700Ml,0.01,0.17,1206545037288263.5,0.01,0.02,0.17,3412342730675436.5,0.01,0.04
11ef9fa9e8ed5152be5d0acdfb026a8f,Smirnoff Lime & Soda Can 330Ml 30Pk,0.07,0.22,1.159590268922178e+16,-0.05,-0.1,0.17,4355431204378648.5,-0.02,0.03
11ef9fa9e8571d22b8980acdfb026a8f,Pimms Long Lemon 330Ml Bl,0.01,0.09,1905897033975853.0,-0.01,-0.01,0.08,105234010129989.69,-0.0,0.01
11ef9fa9e8bb5c60b5770acdfb026a8f,De Kuyper Peach Snapps 700Ml,0.03,0.12,2293326279957906.0,0.01,0.02,0.13,9065548835466772.0,0.02,0.06
11ef9fa9e8a7176eb0b70acdfb026a8f,De Bortoli Windy Peak Pinot Noir 750Ml,0.03,0.25,9513811691843.81,0.01,0.01,0.25,6826667976949314.0,-0.01,0.04
11ef9fa9e86191089a780acdfb026a8f,Kahlua Espreso Martini 200Ml Can,0.05,0.08,2090392773880226.5,0.0,0.01,0.08,6314204181199965.0,0.06,0.11
11ef9fa9e86b1d5e93860acdfb026a8f,Coopers Vintage Ale Bt,0.0,0.02,1829933054657464.8,0.01,0.02,0.02,2838524267557048.5,0.01,0.01
11ef9fa9e87f119ca8cf0acdfb026a8f,Berri Est Crisp Dry White Chablis Cask 5L,0.11,0.25,3.089421364595271e+16,0.13,0.26,0.26,5.703045829443873e+16,0.24,0.47
11ef9fa9e87f9342b08c0acdfb026a8f,Taylors Jaraman Pinot Noir 750Ml,0.03,0.09,1481518413595352.2,-0.0,-0.01,0.08,7442657782869506.0,0.02,0.05
11ef9fa9e861ac42b4070acdfb026a8f,Squealing Pig Prosecco 750Ml,0.03,0.11,5589872906094503.0,-0.02,-0.05,0.09,1390560127848554.2,-0.01,-0.01
11ef9fa9e8ed6674ab080acdfb026a8f,Coopers Botanic Ale C375ml,0.02,0.03,2057235906575257.0,-0.01,-0.02,0.02,2493181773987742.0,0.03,0.04
11ef9fa9e8ecd966ad5d0acdfb026a8f,Billsons Double Vodka Tangle 250Ml,0.02,0.09,1120160856663377.8,-0.0,-0.01,0.09,2516341915972366.0,0.01,0.02
11ef9fa9e892f9f0a54b0acdfb026a8f,Jacobs Creek Double Barrel Chardonnay 750Ml,0.02,0.09,1175232901622059.5,-0.01,-0.01,0.08,2927516956211340.0,0.02,0.03
11ef9fa9e8cefce8beb00acdfb026a8f,Johnnie Walker 18Yo Min 50Ml,0.0,0.04,236598837946175.38,-0.0,-0.0,0.04,526914886869836.06,0.0,0.01
11ef9fa9e8619c8487390acdfb026a8f,Byron Bay Lager Bt,0.03,0.47,6532570404928098.0,-0.02,-0.03,0.46,6733439818154691.0,-0.01,0.02
11ef9fa9e8a72c4a87800acdfb026a8f,Grand Barossa Cabernet Sauvignon 750Ml,0.0,0.04,712198613072398.0,-0.0,-0.01,0.04,191234308362037.66,-0.0,0.0
11ef9fa9e849fe589d650acdfb026a8f,Brown Brothers Australian Tawny Port 750Ml Bottle,0.04,0.08,7875280139186362.0,0.03,0.07,0.08,1.58498755861826e+16,0.07,0.14
11ef9fa9e87f1bbaa6660acdfb026a8f,De Bortoli Prem Colombard Chardonnay Cask 4L,0.02,0.17,6384056855788065.0,0.03,0.06,0.16,1.076747375517964e+16,0.05,0.1
11ef9fa9e89d86eaa88c0acdfb026a8f,Laphroaig Malt 10Yo Whisky 700Ml 6Pk,0.01,0.25,645948520060958.2,0.0,0.01,0.25,730366158518663.4,-0.02,0.02
11ef9fa9e88938cabdc30acdfb026a8f,Absolut Vodka Citron 700Ml 6Pk,0.01,0.09,1297505069228840.5,-0.0,-0.01,0.08,1062046982165081.2,-0.01,-0.0
11ef9fa9e893413aa6df0acdfb026a8f,Petaluma Chardonnay 750Ml,0.01,0.51,1207473413967894.0,0.01,0.03,0.5,399099488087693.9,0.01,0.05
11ef9fa9e89d4c20a86a0acdfb026a8f,Little Giant Pinot Gris 750Ml,0.01,0.5,197066803361471.72,0.03,0.07,0.5,2678697301538473.5,-0.15,-0.09
11ef9fa9e8e33ec49c730acdfb026a8f,Sapporo Premium Beer 500Ml,0.03,0.51,3267714257225889.0,-0.0,-0.01,0.5,2744280384704613.0,-0.03,0.02
11efac7a15278a80828a02d8a60509dd,Jagermeister Brickset Gp 700M,0.01,0.25,997023797159888.6,0.0,0.0,0.25,662866789416713.0,0.01,0.05
11ef9fa9e89d167499710acdfb026a8f,Pepperjack Scotch Fillet Graded Shiraz 750Ml,0.01,0.08,1261477175713934.5,0.01,0.01,0.09,3328218851840245.5,0.01,0.03
11ef9fa9e8e3455e96b90acdfb026a8f,St Hallett Black Clay Cabernet Sauvignon,0.02,0.58,9565137094651948.0,0.08,0.17,0.58,8486711687087036.0,0.17,0.34
11ef9fa9e8f78c9480960acdfb026a8f,Smirnoff Ice Double Black 8% Cans 250mL 24Pk (Passed Date),0.01,0.11,4337111619752111.0,-0.01,-0.02,0.08,1988994618995400.5,0.02,0.08
11ef9fa9e8f7ed068d210acdfb026a8f,Stella Artois 5% Bottle 330Ml,0.44,1.64,4.1155835734734374e+17,1.73,3.57,1.99,5.267368271656528e+17,2.17,4.36
11ef9fa9e87560fcad700acdfb026a8f,Georg Jensen Sparkling Rose 750Ml,0.01,0.09,415874338212142.7,-0.0,-0.0,0.08,358879867819422.3,0.01,0.02
11ef9fa9e8cecf16b8d60acdfb026a8f,Hawke's Patio Pale,0.02,0.14,3162138493960753.5,-0.01,-0.02,0.13,2243777755929866.8,0.02,0.03
11ef9fa9e8ecdbf093660acdfb026a8f,Beach Days Pinot Grigio 750Ml,0.17,0.5,2.3695415970652044e+16,0.09,0.19,0.55,6.404885640153198e+16,0.2,0.46
11ef9fa9e861b8049ef80acdfb026a8f,Brookvale Spice Rum G/Br Cn,0.0,0.04,29203940225013.68,0.0,0.0,0.04,83267217136410.95,0.0,0.01
11ef9fa9e8f7b1cebca70acdfb026a8f,Woodstock Zero Sugar Cola 4.8% Can 24Pk (Passed Date),3.43,6.75,482.49,-5.86,-12.51,7.5,700.0,1.0,2.0
11ef9fa9e8933e42ba6b0acdfb026a8f,Pewsey Vale Riesling 750Ml,0.03,0.09,2155074452031351.5,-0.01,-0.02,0.09,6640072316292658.0,-0.0,0.02
11ef9fa9e893701080610acdfb026a8f,Lindemans Early Harvest Semillon Sauvignon Blanc 7,0.02,0.5,30695489260955.46,0.01,0.02,0.5,2780269094000729.5,-0.01,0.04
11ef9fa9e8a776828d0e0acdfb026a8f,Jacobs Creek Reserve Cabernet Sauvignon 750Ml,0.06,0.25,3864719094343412.5,0.02,0.04,0.25,1.5846022799062678e+16,0.05,0.15
11ef9fa9e8ed5418bae60acdfb026a8f,Mt Duneed Est Cab Sauv 750Ml,0.0,0.04,71015223930804.2,0.0,0.0,0.04,1294532925047812.0,-0.0,0.01
11ef9fa9e8757a388ee30acdfb026a8f,Petaluma Croser Non Vintage 750Ml,0.03,0.08,3461872481903148.5,0.02,0.03,0.08,7494462964457466.0,0.04,0.09
11ef9fa9e8f787c684630acdfb026a8f,Mountain Culture S/Route 355Ml,0.04,0.12,8013568404455000.0,0.04,0.07,0.11,1.7490342739715554e+16,0.07,0.12
11ef9fa9e8ed121eba800acdfb026a8f,Arrived Shiraz 750Ml,0.01,0.13,356225047119842.1,0.0,0.0,0.13,3051511875489134.5,0.0,0.03
11ef9fa9e856796cadd50acdfb026a8f,Johnnie Walker Red 375Ml,0.02,0.08,3444343842695511.5,0.02,0.03,0.08,7346695475634150.0,0.02,0.05
11ef9fa9e8b11ab6be230acdfb026a8f,Gage Roads Yeah Buoy Non Alcohol Xpa Can 330Ml,0.02,0.51,1745820034249874.2,0.03,0.07,0.49,243100589013.8,0.11,0.24
11ef9fa9e8ed0c42a7d90acdfb026a8f,Pepperjack Grenache 750Ml,0.0,0.17,446751756874834.9,0.01,0.02,0.17,917639652811609.8,0.01,0.05
11ef9fa9e8c48e2a912f0acdfb026a8f,Balter Captain Sensible Can 375Ml,0.07,1.06,1233138384583856.0,0.03,0.06,1.05,1.3523915171799366e+16,-0.06,0.04
11ef9fa9e8f76052ad1c0acdfb026a8f,Kylie Minogue Sig Rose 750Ml,0.01,0.08,1605577580384244.5,0.01,0.01,0.08,3829752076724654.0,0.02,0.04
11ef9fa9e889077e89cd0acdfb026a8f,Tanqueray Gin 1L 6Pk,0.01,0.08,40739594085353.55,0.0,0.0,0.09,2014083925239100.0,-0.0,0.01
11ef9fa9e86afdd888120acdfb026a8f,James Squire Shackles Lager Bt 24Pk,0.09,0.12,1.469347641900445e+16,0.05,0.1,0.08,1.1666284301580286e+16,0.03,0.16
11ef9fa9e8d90fee924d0acdfb026a8f,De Bortoli Woodfired Heathcote Grenache 700Ml,0.01,0.17,1011038057250134.4,0.01,0.01,0.16,2977927573784085.5,0.01,0.03
11ef9fa9e8c50896bda50acdfb026a8f,Mike Jones Milverland Bourbon 200Ml,0.0,0.02,139237824302484.64,0.0,0.0,0.02,61325525551902.64,0.02,0.04
11ef9fa9e86b914e82990acdfb026a8f,Atmata Organic Shiraz Bt,0.01,0.17,1762956681381137.0,0.01,0.03,0.16,4047375735637465.5,0.0,0.03
11ef9fa9e84a3738a1550acdfb026a8f,Crystal Head Vodka Min 50Ml,0.0,0.12,220329658825533.6,0.01,0.01,0.13,1867116681614922.8,-0.0,0.02
11ef9fa9e86164bcb3cb0acdfb026a8f,Peter Jackson 25S Gold Hybrid 8Pk,0.02,0.12,464926830197355.75,0.01,0.02,0.12,4011682558084133.0,0.0,0.02
11ef9fa9e8611e76838c0acdfb026a8f,Highland And Cola 375Ml Can 30Pk,0.04,0.17,1077342856104791.4,0.01,0.01,0.16,1.0126217020061738e+16,0.01,0.07
11ef9fa9e8f770888fbc0acdfb026a8f,Journeyman Shiraz 750Ml,0.01,0.17,2902746938958255.0,0.01,0.03,0.17,3403981580628962.5,0.02,0.06
11ef9fa9e89310c08ceb0acdfb026a8f,Red Rock Deli Thai Chilli & Lime 165G 12Pk,0.03,0.05,1898205197259046.0,-0.01,-0.02,0.03,1468682256054868.5,0.02,0.03
11ef9fa9e8b1072eb5b30acdfb026a8f,Bundaberg Ginger Beer Bt 375Ml,0.01,0.5,69511816968613.66,0.01,0.03,0.51,3744630525837292.0,-0.01,0.0
11ef9fa9e8ff6216bb2b0acdfb026a8f,Udl Vodka Extra Passionfrt Can 375Ml,0.01,0.17,30332342746328.3,0.01,0.02,0.17,1385979093432243.8,0.01,0.06
11ef9fa9e8e2dc72b5990acdfb026a8f,Peroni Nastro Mid 3.5% Btl 330Ml,0.01,0.13,2008204512066986.2,-0.01,-0.01,0.13,670986165332320.1,-0.0,0.0
11ef9fa9e89d689a94230acdfb026a8f,Glenlivet 12 Yo 700Ml 6Pk,0.05,0.17,6971758824693039.0,0.03,0.06,0.17,1.7285660011813916e+16,0.04,0.15
11ef9fa9e84a88009adf0acdfb026a8f,Jim Beam Devils Cut 90 Proof 700Ml,0.01,0.08,420345262421258.4,0.0,0.01,0.08,2273919692672137.0,0.01,0.03
11ef9fa9e874cd22839d0acdfb026a8f,McGuigan Single Batch Shiraz 750mL,0.03,0.19,4407808788186154.0,-0.02,-0.03,0.17,937004158664680.6,0.01,0.03
11efa71889d5cdfeb36e02d8a60509dd,Penfolds Bin389 Cbshz19gb750ml,0.17,0.69,8.603875745535947e+16,-0.43,-0.96,0.29,1.175108184996821e+16,-0.13,-0.0
11ef9fa9e8baf6dabc9e0acdfb026a8f,Lit Fat Lamb Qf Melon Crm700ml,0.0,0.09,1039436109780982.8,-0.0,-0.01,0.08,143444426058870.38,0.0,0.0
11efb1acabb16638940602d8a60509dd,Little Sammy Rose 750Ml,0.01,0.05,2466762633995893.0,-0.01,-0.03,0.04,127290920761171.84,-0.0,0.0
11ef9fa9e856f73eb9270acdfb026a8f,UDL Vodka Lemon Lime & Soda Can 375Ml 24Pk,0.08,0.37,9748032398104176.0,0.05,0.1,0.37,2.863455933151825e+16,0.05,0.18
11ef9fa9e86b02cea71f0acdfb026a8f,McGuigan Black Label Malbec 750mL,0.12,0.92,1.7933270364713066e+16,-0.07,-0.14,0.8,1.0490446136522396e+16,-0.03,0.02
11ef9fa9e8a73ad28eb70acdfb026a8f,Kook Soon Dang Rice Wine Peach 750Ml 12Pk,0.02,0.04,324712466294561.56,0.0,0.0,0.05,7115329287079545.0,0.01,0.02
11ef9fa9e87f2920a89c0acdfb026a8f,Five Judges Sauv Blanc Cask 2L,0.01,0.08,590613765277949.4,0.01,0.01,0.08,2214536573605927.8,0.01,0.04
11ef9fa9e856e726984f0acdfb026a8f,Stones Green Ginger Wine 1.5L,0.01,0.09,483495692610554.56,-0.0,-0.0,0.08,621917225267850.2,0.01,0.02
11ef9fa9e889242a9fab0acdfb026a8f,Malfy Gin Con Arancia 700Ml,0.0,0.08,197799370730050.84,0.0,0.01,0.08,794140781123197.1,0.03,0.05
11ef9fa9e8f79a9097240acdfb026a8f,Phoenix Premium Beer Btl 650Ml,0.01,0.04,211965746452067.72,0.0,0.0,0.04,2407839458560552.5,-0.0,0.01
11ef9fa9e87f07ce930b0acdfb026a8f,Yellowglen Colours Red Sparkling 750Ml,0.02,0.08,15918057397795.34,0.0,0.0,0.09,4780595047556341.0,0.01,0.04
11ef9fa9e86b5b0297c50acdfb026a8f,Billsons Portello & Vodka 355Ml Can,0.02,0.26,2869105898137282.0,-0.01,-0.02,0.25,1633003511132647.8,-0.02,-0.01
11ef9fa9e888f74891970acdfb026a8f,Wolf Blass Red Label Semillon Sauvignon Blanc 750Ml,0.01,0.12,620417712733677.9,0.01,0.01,0.13,1813686883902200.0,0.01,0.01
11ef9fa9e8d9423e83180acdfb026a8f,Choya Kishu Plum Wine 720mL,0.02,0.09,795290559244537.8,-0.0,-0.0,0.09,5358937939882596.0,0.01,0.02
11ef9fa9e8ff67e8ad650acdfb026a8f,Funasaka Shuzouten Yuzubee 500Ml,0.0,0.04,464435695840897.25,-0.0,-0.0,0.04,388383460806579.3,-0.0,-0.0
11ef9fa9e84a6fa0bacf0acdfb026a8f,Jack Daniels & Lemonade Can 375Ml 24Pk Ctn,0.04,0.1,1501141736880714.0,0.0,0.01,0.11,9817087135751032.0,0.04,0.09
11efbd11af54a6f4987e06af793307bd,Kook Soon Dang Chestnut Rice Wine 750Ml,0.01,0.05,2189051619898031.2,-0.01,-0.02,0.04,575344779938935.4,-0.01,-0.0
11ef9fa9e87f392e96530acdfb026a8f,Southern Creek Traditional Dry Red 4L,0.02,0.13,1025438844888443.1,-0.0,-0.0,0.14,7307019623163917.0,0.01,0.04
11ef9fa9e87f204c8d140acdfb026a8f,De Bortoli Premium Old Tawny 4L,0.03,0.21,9161865215037510.0,-0.04,-0.08,0.18,195650228596688.56,-0.04,-0.02
11ef9fa9e89cfd7ebdd70acdfb026a8f,Malfy Con Limone Gin 700Ml 6Pk,0.0,0.08,646777785052041.2,0.01,0.02,0.08,1551843370115780.0,0.04,0.06
11ef9fa9e8f77c909d2a0acdfb026a8f,Kunuzakari Ripe Plum Nakano 720Ml,0.0,0.09,1098127760936108.8,0.0,0.0,0.08,50.0,0.17,0.33
11ef9fa9e88906d494840acdfb026a8f,Soho Lychee Flavoured Spirit 700Ml,0.02,0.09,2560738114572892.0,-0.01,-0.02,0.09,3188848284835393.0,-0.01,0.01
11ef9fa9e8931b9281890acdfb026a8f,Chivas Regal 18Yo 700Ml,0.04,0.5,1253428803844207.5,0.01,0.02,0.5,1.1446989919549928e+16,-0.05,0.02
11ef9fa9e875017a8adb0acdfb026a8f,Glenlivet Founder's Reserve Single Malt Scotch Whisky 700Ml,0.06,0.25,9083460974959110.0,0.04,0.09,0.26,2.562017511990544e+16,0.04,0.15
11ef9fa9e85699d8b5300acdfb026a8f,McWilliam Sweet 750Ml Btl,0.0,0.04,24565337799866.09,0.0,0.0,0.04,741480116808698.2,0.01,0.02
11ef9fa9e856e2448db50acdfb026a8f,St Agnes Vs 3 Star 700Ml Btl,0.03,0.04,2464558780290988.5,0.01,0.02,0.04,9959967792208768.0,0.04,0.08
11ef9fa9e86b8582bd350acdfb026a8f,Bundaberg Rumball 700Ml,0.0,0.08,46482454846269.1,0.0,0.0,0.08,246975913182757.03,0.01,0.01
11ef9fa9e86b3910be1e0acdfb026a8f,Southern Comfort Mini 50Ml,0.01,0.08,2621131720590485.5,0.01,0.03,0.08,4242907169787432.0,0.01,0.03
11ef9fa9e8f7b28289d30acdfb026a8f,XXXX Ultra Low Carb Bottle 330Ml 24pk,0.94,1.35,2.1388077444180938e+17,-1.04,-2.14,0.49,7.759494695239845e+16,-0.01,0.09
11ef9fa9e8f7d2f8a7420acdfb026a8f,Gentleman's Gold 150Ml,0.0,0.12,292494005780462.1,0.01,0.01,0.13,810834421876186.8,0.01,0.03
11ef9fa9e874f34296d30acdfb026a8f,19 Crimes Tempranillo Bt,0.01,0.26,1602660556182458.5,0.0,0.0,0.25,955795380252856.9,0.02,0.06
11ef9fa9e889185493070acdfb026a8f,Winfield 30S Sky Blue 6Pk,0.01,0.17,1045727256794141.0,0.0,0.01,0.17,2583195614416406.0,-0.0,0.01
11ef9fa9e8f74e0087720acdfb026a8f,Master Of Mixes Man Daq Mar 1L,0.01,0.08,65655664698286.81,0.0,0.0,0.08,825963954693215.8,0.0,0.01
11efa32ce8f4d086ab3f060b7545a69d,Roku Gin Shots,0.02,1.02,4743974787094449.0,0.01,0.03,1.0,1565618176944107.2,0.13,0.26
11ef9fa9e8f7c24aa4850acdfb026a8f,Bright Brewery Double Affogato Stout Can 440Ml,0.01,0.04,2054969990648679.2,-0.01,-0.02,0.03,777449338118670.2,0.0,0.0
11ef9fa9e8d92c18b06d0acdfb026a8f,Totino Classic Range Chardonnay 750Ml,0.0,0.05,838816290115434.6,-0.0,-0.01,0.04,240494437320893.84,-0.0,0.0
11ef9fa9e856c21eb57f0acdfb026a8f,Rekorderlig Strawberry Lime Cider Bt 500Ml 15Pk,0.03,0.07,7062035767270783.0,-0.04,-0.07,0.04,2911995503062322.0,-0.01,0.01
11ef9fa9e8a70706a0de0acdfb026a8f,Brown Brothers Origins Cabernet Sauvignon 750Ml,0.01,0.08,548152942674975.75,0.0,0.01,0.08,2136907460522077.8,0.01,0.03
11ef9fa9e8a72f4c85010acdfb026a8f,Grant Burge Corryton Park Cabernet Sauvignon 750Ml,0.01,0.08,351609313884642.9,-0.0,-0.0,0.08,1299449275337767.0,0.0,0.01
11ef9fa9e8cea1a8bd6a0acdfb026a8f,Taylors Hotelier Chard 750Ml,0.02,0.34,1888772427887027.8,0.01,0.01,0.33,1309344960943438.8,-0.01,0.04
11ef9fa9e8935f3ab7820acdfb026a8f,Mud House Marlborough Sauvignon Blanc 750Ml,1.16,0.98,68.69,1.26,2.56,2.14,205.82,1.73,3.71
11ef9fa9e87ef9f09de30acdfb026a8f,Babich Marlborough Sauvignon Blanc 750ml,0.01,0.04,196538448532996.9,0.0,0.0,0.04,1266380577513146.0,0.01,0.01
11ef9fa9e87f8f8299520acdfb026a8f,Taylors Promised Land Merlot 750Ml,0.01,0.08,39428011174090.29,0.0,0.0,0.08,213772534440280.97,0.01,0.02
11ef9fa9e888d9d4b7a10acdfb026a8f,St Huberts Stag Pinot Noir Yarra Valley 750Ml,0.01,0.09,990455895470397.9,-0.0,-0.01,0.08,2159984999744811.8,-0.0,0.0
11ef9fa9e89d16ceb6aa0acdfb026a8f,Pepperjack Red Blend 750Ml,0.03,0.18,3471642534859944.0,-0.01,-0.03,0.17,4701504053628687.0,-0.0,0.04
11ef9fa9e8b140f48af40acdfb026a8f,Wolf Blass Zero Alcohol Shiraz 750Ml,0.0,0.08,57781082701330.86,0.0,0.01,0.09,1820813252890782.5,0.0,0.01
11ef9fa9e861a7109b7c0acdfb026a8f,Vok Mojito 2L,0.0,0.09,1166513277956916.0,-0.0,-0.01,0.09,1235170067780565.0,-0.0,0.0
11ef9fa9e8c4c4f8b77e0acdfb026a8f,Gage Roads Single Fin Summer Ale Bt 330Ml 24Pk,0.01,0.03,2169931423599827.8,-0.01,-0.02,0.03,2361543453680013.5,0.01,0.02
11ef9fea54a9e14ab27402d8a60509dd,balter xpa Jug,0.25,1.54,7906845466378062.0,-0.03,-0.07,1.35,1.5657051376178328e+16,0.0,0.22
11ef9fa9e8b1199e83530acdfb026a8f,Fizzero Sparkling Rose 750Ml,0.01,0.09,1032662919624028.5,-0.0,-0.0,0.09,1105284089606871.1,-0.01,-0.0
11ef9fa9e8e30562a4440acdfb026a8f,Captain Morgan & Cola 8% Can 250Ml,0.08,0.45,1653530898748335.0,0.0,0.01,0.44,2.373866467600418e+16,-0.01,0.09
11ef9fa9e87f701a90080acdfb026a8f,Vidal Sauvignon Blanc 750Ml,0.01,0.09,753925594363181.0,-0.0,-0.0,0.08,116374903446204.72,-0.0,0.01
11ef9fa9e87555768c1c0acdfb026a8f,Brown Brother Origins Pinot Grigio 750Ml,0.05,0.1,3097307119949131.0,-0.02,-0.03,0.09,1.124325110280061e+16,0.03,0.08
11ef9fa9e849ee7c86c90acdfb026a8f,Barbaresso Ouzo 700Ml,0.0,0.09,567868040624786.1,-0.0,-0.0,0.08,451144745016814.94,-0.0,-0.0
11ef9fa9e8a72d08a86a0acdfb026a8f,Grant Burge 5Th Generation Cabernet Merlot 750Ml,0.01,0.08,83572747234952.61,0.0,0.0,0.08,3166082525261728.0,0.01,0.02
11ef9fa9e888e10ebf770acdfb026a8f,Stoneleigh Marlb Pinot Noir Rose 750Ml,0.01,0.09,467620869694588.4,-0.0,-0.0,0.09,1909674678208570.2,0.0,0.0
11efb38bab78d62a88fa0205d53ad2d7,Meditrina Barossa Valley Shiraz 750ml Bottle,0.01,0.08,171792529960103.4,0.0,0.0,0.08,1745469349912611.2,0.0,0.01
11ef9fa9e87f307895000acdfb026a8f,Yalumba Organic Shiraz 750Ml,0.01,0.17,510221196930248.06,0.0,0.0,0.16,901977822094535.0,-0.01,0.0
11ef9fa9e8bb8398b4a70acdfb026a8f,Tasmania Ninth Island Sauvignon Blanc 2020 750Ml,0.0,0.08,37724046366478.57,0.0,0.0,0.08,912753220148986.8,0.01,0.03
11efb3871e0238bc96fb06b1bc894a93,Bright Brewery MechaRoo Yuzu Sour IPA Can 440ml 16pk,0.01,0.03,203208028223013.34,-0.0,-0.0,0.03,2668072172892607.5,0.0,0.02
11efb38cdbda2b888bff06b1bc894a93,Meditrina Claire Valley Riesling 750ml Bottle,0.02,0.1,2555766300269276.5,-0.01,-0.03,0.09,5071943208590773.0,-0.0,0.02
11ef9fa9e88915e89f0b0acdfb026a8f,Marlboro Ice Blast 25S 8Pk,0.02,0.19,7368075989751383.0,0.04,0.09,0.19,1.325467645943619e+16,0.09,0.18
11ef9fa9e89d1d54a0db0acdfb026a8f,Penfolds Maxs Shiraz Cabernet 750Ml,0.08,0.17,4013010261970244.0,0.01,0.02,0.18,2.445641329328912e+16,0.07,0.17
11ef9fa9e8bb5bb6b5010acdfb026a8f,Vok Triple Sec 500Ml,0.03,0.33,6333107156707120.0,0.04,0.08,0.34,1.1741647054985596e+16,0.03,0.1
11ef9fa9e8c4b8e6ada90acdfb026a8f,Vok Blue Curacao 500Ml,0.01,0.09,555504467274379.7,-0.0,-0.0,0.08,271755190243472.12,-0.0,0.01
11ef9fa9e87ee73ab3a20acdfb026a8f,Piper Heidsieck Nv Brut 750Ml,0.03,0.08,4475340677602435.0,0.02,0.04,0.09,1.2266116968966084e+16,0.05,0.09
11efb2e21f9f920a8dad0205d53ad2d7,Gee Up Sugar Free Peach Bottle 275ml 24pk,0.31,0.19,3.858245827558107e+16,-0.23,-0.45,0.07,2.614330511176014e+16,0.11,0.18
11ef9fa9e8572bdc87de0acdfb026a8f,Jim Beam Double Serve Black Can 24Pk,0.12,0.79,4.479702565534747e+16,-0.18,-0.38,0.63,2.1434553331307276e+16,-0.15,0.07
11ef9fa9e8a702a6bff30acdfb026a8f,Blue Pyrenees Estate Cabernet Sauvignon 750Ml 6Pk,0.0,0.08,368465499233809.3,0.01,0.01,0.08,684198385243919.9,0.02,0.04
11ef9fa9e89d1e0896db0acdfb026a8f,Penfolds Maxs Cabernet Sauvignon 750Ml,0.06,0.17,1773652123874144.2,0.01,0.01,0.18,1.5616677432168684e+16,0.01,0.11
11ef9fa9e84a854e8c520acdfb026a8f,Jansz Premium Cuvee Vintage 750Ml,0.0,0.09,1348556701563754.5,-0.0,-0.01,0.09,515948119650221.4,0.0,0.01
11ef9fa9e87f3eec8de40acdfb026a8f,Wynns Coonawarra Cabernet Shiraz Merlot 750Ml,0.02,0.25,2362335489530913.0,0.02,0.03,0.25,5678907884072788.0,-0.01,0.03
11ef9fa9e8613d9884900acdfb026a8f,Six Foot Six Sauv Blanc Bt,0.01,0.09,1120196217441552.4,-0.0,-0.01,0.09,1585982419230796.2,0.0,0.01
11ef9fa9e8570a58b8450acdfb026a8f,Winfield Flow Filter 25S Blue,0.01,0.19,977297265327669.8,0.01,0.02,0.19,2374862991010055.5,0.0,0.05
11ef9fa9e8614e8c95100acdfb026a8f,Ned Whisky & Cola Can 6% 24Pk,0.04,0.09,2469623937404332.5,-0.01,-0.02,0.09,6918989257535405.0,0.01,0.05
11ef9fa9e87f46a8adb30acdfb026a8f,Blue Pyrenees Estate聽sauvignon Blanc 750Ml,0.01,0.08,295023274536988.75,-0.0,-0.0,0.09,1907441254267659.5,0.01,0.01
11ef9fa9e89da51285c20acdfb026a8f,Beach Days Shiraz 750Ml,0.04,1.08,7686813416093866.0,0.08,0.16,1.1,1.7902023433602856e+16,-0.06,0.16
11ef9fa9e87f646cae7f0acdfb026a8f,Beach Days Moscato Pink 750Ml,0.01,0.08,876332591295322.5,0.01,0.01,0.08,2040334010713483.5,0.01,0.02
11ef9fa9e856cdfe88500acdfb026a8f,Smirnoff Ice Red Can 375Ml,0.05,0.14,1.526171103318456e+16,0.06,0.13,0.16,2.6777721479577252e+16,0.12,0.25
11ef9fa9e8c53050a0990acdfb026a8f,Marlborough Oyster Bay Rose' 750Ml 6Pkt,0.0,0.09,598444648651183.8,-0.0,-0.0,0.09,748662999581844.6,0.01,0.01
11ef9fa9e84a452a9edc0acdfb026a8f,Finlandia Vodka 700Ml,0.01,0.08,21582576317589.04,0.0,0.0,0.08,1212441238993409.5,0.01,0.02
11ef9fa9e85686beb9930acdfb026a8f,Lindemans Bin 85 Pinot Grigio 750Ml,0.01,0.09,971419835392050.2,-0.0,-0.0,0.08,832579115926082.8,0.0,0.0
11ef9fa9e86b3690a07f0acdfb026a8f,Jameson Black Barrel 700Ml,0.02,0.25,5752255153228977.0,0.03,0.06,0.26,1.2824167676158966e+16,0.01,0.06
11ef9fa9e8b180dcaf820acdfb026a8f,Jim Beam & Zero 4.8% Can 375Ml 24Pk,0.13,0.58,1.6579370703522334e+16,-0.07,-0.15,0.45,2106122749969680.5,0.13,0.28
11ef9fa9e86b9f3680d90acdfb026a8f,Pawn Star 700Ml Bt,0.02,0.42,1507309001559714.5,0.02,0.04,0.4,3113978081354488.0,-0.01,0.01
11ef9fa9e8e2b788b0220acdfb026a8f,Sour Puss Blue Razz 700Ml,0.04,0.33,6962262087915204.0,0.04,0.08,0.34,1.661008946796354e+16,0.03,0.1
11ef9fa9e8f7d9b092710acdfb026a8f,Evans & Tate Chardonnay 750Ml,0.0,0.08,87261372594070.53,0.0,0.0,0.08,437897488385468.1,0.0,0.01
11efb6a28635e3d4a45906be9cbdc845,Better Beer Zero Alcohol Can 355ML 24pk,0.02,0.09,5516842225959519.0,-0.02,-0.05,0.07,1781098184393860.2,-0.0,0.0
11ef9fa9e8e2d4cab1080acdfb026a8f,Monster Ultra No Sugar 500Ml Can 24Pk,0.01,0.02,1435040572988406.5,0.01,0.01,0.02,5917121668151630.0,0.02,0.04
11ef9fa9e8f7c6dc98d20acdfb026a8f,Wild Turkey Bourbon 40.5% Rye 700Ml,0.0,0.08,387201662271619.9,0.0,0.01,0.09,2464329132236128.0,0.0,0.01
11ef9fa9e8a7a602a5520acdfb026a8f,Continental Blue Curacao Liqueur 500Ml,0.01,0.1,3215917633982568.0,-0.01,-0.02,0.08,296092810543393.9,-0.01,0.06
11ef9fa9e8569ff09c1e0acdfb026a8f,Midori Melon Liqueur 500Ml,0.01,0.04,1428563189919296.8,0.01,0.01,0.04,3508952328769202.5,0.01,0.03
11ef9fa9e8bafbf89c950acdfb026a8f,Hawkesbury Ginger Yowie 4% Can 500Ml,0.01,0.12,3154462490216869.0,0.03,0.06,0.12,3266376271405401.0,0.05,0.09
11ef9fa9e8568ce092540acdfb026a8f,Little Fat Lamb Lemon 8% 375Ml Cn,0.03,0.55,1.1141637612141406e+16,-0.03,-0.05,0.51,3414844387369426.0,0.08,0.21
11ef9fa9e8a75e0eae400acdfb026a8f,Hardys Tintara Geology Cabernet Sauvignon 750Ml,0.01,0.08,792716723327653.5,0.01,0.01,0.08,1639141666601010.2,0.01,0.03
11ef9fa9e89cf9149da60acdfb026a8f,Kraken Black Spiced Rum 1L,0.01,0.17,1622515946048519.2,-0.01,-0.01,0.17,1582157720081188.8,-0.0,0.01
11ef9fa9e8ecca7083480acdfb026a8f,2 Monkeys Pinot Grigio 750Ml,0.01,0.04,96409760220292.84,0.0,0.0,0.04,979549388554868.8,0.03,0.09
11ef9fa9e8e34342acff0acdfb026a8f,Kilarni Adel Hill P/Noir 750Ml,0.01,0.04,290343363873461.7,0.0,0.0,0.04,3505039789597122.5,0.01,0.04
11efb6a286d2ab6a91fe06be9cbdc845,Better Beer Middy Can 355ML 24pk,0.03,0.17,164268123592384.5,0.0,0.0,0.17,7562303303640702.0,0.04,0.09
11ef9fa9e8bb53b4b00e0acdfb026a8f,Taylor Made Pinot Gris 750Ml,0.01,0.17,759046389114673.9,-0.0,-0.0,0.17,2251152620002302.2,-0.01,0.01
11ef9fa9e8933438ae600acdfb026a8f,Swan Bay Chardonnay 750Ml,0.02,0.09,1274192263751108.5,-0.0,-0.01,0.09,3285059094207233.5,0.0,0.03
11ef9fa9e856efdcbdbe0acdfb026a8f,Tooheys Five Seeds Cloudy Apple Cider Bt 345Ml 24P,0.03,0.03,2487718937573693.5,-0.01,-0.02,0.02,3067979997737545.0,0.03,0.06
11ef9fa9e8ed0a7682510acdfb026a8f,Yalumba Y Series Riesling  750Ml,0.01,0.05,2017256808839864.8,-0.01,-0.02,0.04,254320804399296.0,-0.0,0.0
11efb19b5978833098be02d8a60509dd,Monster Ultra Paradise Green Can 500ml 24pk,0.01,0.02,171874546137750.06,0.0,0.0,0.02,318050140486710.7,0.0,0.0
11ef9fa9e86b7ef2ab600acdfb026a8f,Yellow Tail Bubbles 200Ml,0.0,0.02,151594524191582.3,-0.0,-0.0,0.02,3281775579933.69,0.0,0.01
11efac7d8c0b77ee9de206d48b37474b,Fireball Party Pack 10X50ml,0.01,0.05,1760361027974953.0,-0.01,-0.02,0.04,63389028962539.99,0.0,0.01
11ef9fa9e856b4feadc10acdfb026a8f,Peter Jackson 30S Gold classic 6pk,0.01,0.08,1342201132164428.8,0.01,0.03,0.08,3181028202488433.0,0.02,0.05
11ef9fa9e8ed766489ec0acdfb026a8f,Aromantiques Rose 750Ml 6Pk,0.02,0.34,527628747699961.1,0.0,0.01,0.32,1965481060172582.8,-0.01,0.01
11ef9fa9e8cf00a8ae840acdfb026a8f,Pete's Pure Sauv Blanc 750Ml,0.0,0.04,112387543441863.31,0.0,0.0,0.04,518076128133649.1,0.0,0.01
11ef9fa9e8ed777281a50acdfb026a8f,Aromantiques Pinot Gris 750Ml 6Pk,0.02,0.09,1108426590724757.8,-0.0,-0.01,0.08,5425016758897137.0,-0.0,0.01
11ef9fa9e8ecc7f0a9070acdfb026a8f,Bundaberg Christmas Pudding 700Ml,0.01,0.09,2169729040517255.5,-0.0,-0.01,0.08,51620984930475.52,-0.01,0.05
11ef9fa9e8e2cc8c82ba0acdfb026a8f,Kraken Roast Coffee Spiced Rum 700Ml,0.0,0.08,2303806394012104.0,0.01,0.03,0.09,3972142256720291.5,0.02,0.03
11ef9fa9e8f7d244b15e0acdfb026a8f,Melbourne Vodka 700Ml,0.0,0.08,110665698534840.77,0.0,0.0,0.09,1260129689838330.2,0.0,0.01
11ef9fa9e856e08cb7eb0acdfb026a8f,Sovereign Point Soft Fruity Red Cask 4.4L,0.01,0.25,884110840417056.5,0.0,0.01,0.25,862138611169624.5,-0.0,0.02
11ef9fa9e87f04e0b4cc0acdfb026a8f,Yarra Burn Prem Cuv Rose 750Ml,0.01,0.08,482853515080796.2,0.0,0.01,0.09,3438300288136204.5,0.01,0.03
11ef9fa9e8a74a9a95430acdfb026a8f,Handpicked Yarra Valley Merlot 750Ml,0.0,0.09,399236778522153.8,0.0,0.0,0.08,1235871524.67,-0.01,0.02
11ef9fa9e8b108e6bc890acdfb026a8f,Carlton Zero Can 375Ml,0.01,0.13,2203005319076650.8,-0.01,-0.01,0.13,9857751931919.7,-0.01,-0.0
11ef9fa9e8bae1d6a8b90acdfb026a8f,White Claw Hard Seltzer Pineapple 330Ml,0.02,0.11,5473359128699575.0,-0.02,-0.05,0.1,1867261350524968.8,-0.0,-0.01
11ef9fa9e8615292b9c80acdfb026a8f,Squealing Pig Pinot Noir Rose,0.01,0.09,2033142757806589.0,-0.01,-0.01,0.08,556774535750967.5,-0.0,-0.0
11ef9fa9e857155c94e00acdfb026a8f,Yellow Tail Bubbles Rose 750Ml,0.01,0.09,959666922409651.1,-0.0,-0.01,0.08,236558814779167.12,0.0,0.01
11ef9fa9e8c4ce9eb00d0acdfb026a8f,Mother Energy Drink Can 500Ml 24Pk,0.01,0.04,160444359089159.22,-0.0,-0.0,0.04,1466318259912302.8,0.0,0.01
11ef9fa9e8568dee9c0f0acdfb026a8f,Little Fat Lamb Strawb 8% 375Ml Cn,0.02,0.17,3733496321033858.5,0.02,0.04,0.17,9507359410321300.0,0.03,0.06
11ef9fa9e8e3392497ca0acdfb026a8f,Grog Peach 6% Can 330Ml,0.01,0.08,4602800325352513.0,-0.02,-0.04,0.07,1427210683627190.5,-0.01,-0.01
11ef9fa9e86190ae9be30acdfb026a8f,Wirra Wirra Scrub Shiraz 750Ml,0.03,0.08,1772739430303357.0,0.01,0.02,0.08,6340253915962366.0,0.03,0.07
11ef9fa9e87f2538b10b0acdfb026a8f,Yellow Tail Big Bold Red 750Ml,0.04,0.04,6287835068114228.0,0.03,0.06,0.05,1.7889303106247006e+16,0.08,0.15
11ef9fa9e8ecd7fe8ab30acdfb026a8f,Grog Lemon Ice Can 330Ml,0.03,0.15,4712073615246990.0,-0.02,-0.05,0.13,1651470468101113.0,-0.01,0.01
11ef9fa9e8a7317cb33b0acdfb026a8f,Grant Burge Gb88 Cabernet Sauvignon 750Ml,0.01,0.08,224928655950358.94,-0.0,-0.0,0.08,2687482686749855.0,0.02,0.03
11ef9fa9e8f7c8ee86460acdfb026a8f,Paktech 6Pk Can Handle,0.03,1.0,1190526512472717.0,0.04,0.08,1.0,2763863243618237.0,0.11,0.16
11ef9fa9e8a76174963c0acdfb026a8f,Wynns Black Label Cabernet Sauvignon 750Ml,0.01,0.09,566035692158619.9,-0.0,-0.0,0.09,1802193501132547.8,0.01,0.01
11ef9fa9e8f7835c86b00acdfb026a8f,Strongbow Dry 5% Bottle 355Ml,0.02,0.14,2524391711324899.0,-0.01,-0.02,0.13,5013493523916785.0,-0.0,0.01
11ef9fa9e87f29d485210acdfb026a8f,Galway Pipe Grand Tawny Port 750Ml,0.01,0.25,303123766042884.5,0.01,0.01,0.25,249091157138792.56,-0.01,0.01
11ef9fa9e8ceefaa999e0acdfb026a8f,78 Degrees Australian Whiskey 700Ml,0.01,0.09,1193912582247701.0,-0.0,-0.0,0.09,1536837368997794.0,0.0,0.01
11ef9fa9e8bb56e88b730acdfb026a8f,Pol Roger Brut Non Vintage,0.0,0.08,124070478278347.1,0.0,0.0,0.08,429566365219125.75,0.01,0.02
11ef9fa9e8c4a3eca06d0acdfb026a8f,Absolut Vodka Watermelon 700Ml,0.01,0.08,870348356332214.0,0.01,0.01,0.08,2669916088246592.0,0.01,0.03
11ef9fa9e888e0b49ba80acdfb026a8f,St Huberts Stag Rose 750Ml,0.01,0.09,407419371622693.25,0.0,0.0,0.09,3092494932159524.5,0.01,0.02
11ef9fa9e8f7464e821a0acdfb026a8f,Billsons Double Vodka Bad Apple 250Ml,0.01,0.84,551870130838337.3,0.05,0.1,0.83,492760830828452.56,0.29,0.66
11ef9fa9e892d98eb4690acdfb026a8f,Taylors St Andrews Chardonnay 750Ml,0.03,0.19,3315690951728270.5,0.01,0.02,0.18,4199341953788755.5,-0.03,0.0
11ef9fa9e8f79522b34a0acdfb026a8f,De Bortoli As Temptouriga750ml,0.0,0.08,135310094536103.47,0.0,0.0,0.08,213080161121942.03,0.01,0.01
11ef9fa9e8ed7718807b0acdfb026a8f,Aromantiques Gsm 750Ml 6Pk,0.02,0.08,684970633093897.5,0.0,0.01,0.08,2033554727372700.0,-0.01,0.02
11ef9fa9e8bb5f26a5740acdfb026a8f,Bumbu Rum Xo 700Ml,0.0,0.08,106372924683570.16,0.0,0.0,0.08,995751588534169.0,0.0,0.02
11efb77b11955efe83a602fdb925ef7b,Doritos Cheese Super Flamin Hot 170G,0.01,0.05,1252258617936945.0,-0.0,-0.01,0.05,2309109887446726.5,0.0,0.01
11ef9fa9e87f5c6a9b3f0acdfb026a8f,Wolf Blass Grey Label Cabernet Shiraz 750Ml,0.01,0.17,274205937665790.44,0.0,0.0,0.17,3713007705259815.0,0.0,0.02
11ef9fa9e85687d680330acdfb026a8f,Lindemans Bin 65 Chardonnay 750Ml,0.04,0.17,5993524699202515.0,0.03,0.06,0.16,1.4617473237592438e+16,0.06,0.13
11ef9fa9e8ceeb2cb1720acdfb026a8f,Bavaria Premium Holland 440Ml 24Pk,0.05,0.04,3148236946538592.5,-0.02,-0.04,0.04,1.3293894759330904e+16,0.01,0.04
11ef9fa9e87560989d050acdfb026a8f,Gaetano D'aquino Prosecco 750Ml,0.12,0.88,3.943645634457696e+17,-0.53,-1.1,0.0,50.0,0.33,0.17
11ef9fa9e8f7414eb0f90acdfb026a8f,St Remy Xo Mini 50Ml,0.0,0.09,1362739837072660.5,-0.0,-0.01,0.08,197883683060614.12,0.01,0.01
11ef9fa9e888db32b8260acdfb026a8f,St Hubert The Stag Shiraz 750Ml,0.02,0.09,588462878142343.1,-0.0,-0.0,0.09,6560899633821741.0,0.01,0.02
11ef9fa9e875105cba4b0acdfb026a8f,Bundaberg Lemon Lime Bitter Cn,0.01,0.09,1472778219343684.2,-0.0,-0.01,0.09,1537505735060409.5,0.0,0.01
11ef9fa9e8e33870bfb10acdfb026a8f,Hard Fizz Extra Grape Can 330Ml,0.01,0.05,3940853069659675.0,-0.02,-0.03,0.03,583555665348654.2,0.0,0.01
11ef9fa9e8f77fa688090acdfb026a8f,Mother Berry Energy Drink Can 500Ml,0.01,0.03,3064420207792931.0,-0.01,-0.03,0.03,1002650743398227.0,-0.01,-0.01
11ef9fa9e8c4d0608c3e0acdfb026a8f,Mt Duneed Est Shiraz 750Ml 12Pk,0.01,0.08,651298026469785.9,0.01,0.01,0.08,1059624484178970.9,0.01,0.02
11ef9fa9e86b6dd6922a0acdfb026a8f,Woodford Reserve Mini 50Ml,0.01,0.04,315714963184027.3,-0.0,-0.0,0.04,518187495292187.8,0.0,0.01
11efb1acabb22c94a1e402d8a60509dd,Little Sammy Grenache 750Ml,0.01,0.04,733941090774016.8,0.0,0.01,0.04,2919848943153538.5,0.0,0.01
11ef9fa9e8a7097caa2f0acdfb026a8f,Buller Wines The Nook Shiraz 750Ml,0.03,0.12,2743985446914837.0,0.01,0.02,0.12,1.0044009316143806e+16,0.03,0.06
11ef9fa9e87f5dbe80650acdfb026a8f,Buller Wines The Nook Pinot Grigio 750Ml,0.04,0.09,503314130624597.56,-0.0,-0.0,0.09,1.364649012897469e+16,0.02,0.06
11ef9fa9e86b95ccb18d0acdfb026a8f,Bird in Hand Sparkling Bt,0.02,0.25,1471037183610005.8,0.01,0.02,0.26,6743857591916588.0,0.01,0.03
11ef9fa9e8f784ba9f1d0acdfb026a8f,Carlton Dry Passionfruit Flavoured Cans 330Ml (Passed Date),0.09,0.32,4.698846253490784e+16,-0.24,-0.53,0.1,6793461028553502.0,-0.01,0.03
11ef9fa9e8c4d11497af0acdfb026a8f,Mt Duneed Spk De Blanc 750Ml 6Pk,0.01,0.33,135193112187403.47,0.02,0.03,0.33,1914707967110041.8,-0.01,0.0
11ef9fa9e86ba4b895bd0acdfb026a8f,Mumm Grand Cordon Nv 750Ml,0.01,0.09,2249951716480978.0,-0.01,-0.01,0.09,1515996246810115.8,-0.01,-0.01
11ef9fa9e8f741a88f8f0acdfb026a8f,De Bortoli Woodfired Tempranillo 750Ml,0.01,0.08,1778418378013825.0,0.01,0.02,0.09,6405965372711601.0,0.01,0.03
11ef9fa9e861284eb2c40acdfb026a8f,Cruiser Pom Pom Bt,0.03,0.16,9670561330391972.0,0.07,0.16,0.17,9122874332325854.0,0.12,0.19
11ef9fa9e8f78776bdd50acdfb026a8f,Fever Tree Yuzu Soda 200Ml,0.01,0.09,2035719600533369.5,-0.0,-0.01,0.08,1010918020954175.6,0.0,0.02
11ef9fa9e8ecdae29dbf0acdfb026a8f,Coopers Mixed Case 24Pk 375Ml,0.14,0.73,4.404738919890796e+16,-0.19,-0.42,0.63,3.7141477064088856e+16,0.04,0.13
11ef9fa9e8b10ef4a1fd0acdfb026a8f,Coca Cola Diet Coke Can 375Ml,0.01,0.03,1999023903172622.0,-0.01,-0.02,0.03,696550839856385.2,0.01,0.01
11ef9fa9e8c4a77a9e130acdfb026a8f,Yalumba Y Series Pinot Noir 750Ml,0.05,0.05,1549184261556895.0,-0.01,-0.02,0.04,8444977338639209.0,0.05,0.11
11ef9fa9e8a7a65c92b80acdfb026a8f,Choya Golden Ume Fruit 650mL,0.04,0.09,1301595135190053.2,-0.01,-0.01,0.1,1.4000578452103834e+16,0.02,0.04
11ef9fa9e88910c0ac720acdfb026a8f,Macallan A Night On Earth Nini Sum 700Ml 43%,0.02,0.09,1883685603325867.2,-0.01,-0.02,0.09,4432156518526838.5,-0.01,0.0
11ef9fa9e8ece582a23e0acdfb026a8f,Divas Glades Lychee 700Ml,0.01,0.09,1168444676854154.5,-0.0,-0.01,0.08,1115134043932976.1,0.01,0.02
11ef9fa9e8a786ae9cf10acdfb026a8f,Hennessy XO Cognac 700Ml,0.02,0.08,3870909402686437.5,0.02,0.03,0.09,8938913738771477.0,0.03,0.08
11ef9fa9e89356aca92b0acdfb026a8f,Winfield Opt 30S Gold Crush 6Pk,0.04,0.25,6739038876392030.0,0.03,0.07,0.27,2.0805566935026212e+16,0.04,0.14
11efb1acabea2f90827802d8a60509dd,Little Sammy Sauv Blanc 750Ml,0.06,0.08,4044521271527484.5,0.01,0.02,0.1,2.2530169848108412e+16,0.1,0.2
11ef9fa9e85701b68ace0acdfb026a8f,West Coast Cooler Bt 250Ml 24Pk,0.06,0.52,4923413387558195.0,-0.01,-0.03,0.5,6315376822250149.0,-0.03,0.01
11ef9fa9e856b3e6b9820acdfb026a8f,Peter Jackson 20S Blue Hybrid 10Pk,0.01,0.1,3877879838036791.5,0.02,0.05,0.11,8341508168454716.0,0.02,0.06
11ef9fa9e8610a2696c20acdfb026a8f,Southern Comfort And Cola Can 375Ml 30Pk,0.11,0.16,3.208986244001975e+16,0.14,0.28,0.17,5.602333767825996e+16,0.25,0.52
11ef9fa9e8ff6004b6200acdfb026a8f,Peroni Nastro Azzuro Zero Bt 330Ml,0.02,0.16,7317455342333327.0,-0.02,-0.06,0.15,5176120312114114.0,-0.02,0.02
11efa632ccc087a8a6f602d8a60509dd,Mumm Cordon Rouge NV GB 750ml 6pk,0.02,0.1,3315690951718142.5,-0.01,-0.03,0.1,4199341953788757.0,-0.03,-0.0
11ef9fa9e8f7f01c9ca40acdfb026a8f,Johnnie Walker Blue Label Ice Chalet 750Ml,0.01,0.09,1254013872489904.8,-0.0,-0.0,0.09,915758903660874.6,0.0,0.04
11ef9fa9e89d6f4890840acdfb026a8f,Macallan 18Yo Double Cask 700Ml 6Pk,0.0,0.09,576094615226439.6,-0.0,0.0,0.08,289729862493074.25,0.0,0.01
11efa1581e07cf34a4db06fb1ac4ad25,Remy Martin Louis 13 700Ml,0.0,0.04,528728351415702.4,-0.0,-0.0,0.04,204589397001250.94,0.0,0.01
11ef9fa9e8bb5e7c94ff0acdfb026a8f,Third Wave White Rum 700Ml,0.0,0.05,852720194624056.5,-0.0,-0.0,0.04,257482225214251.56,-0.0,-0.0
11ef9fa9e87f2ca48eb70acdfb026a8f,Mcwill Hanwood 10Yo Grand Tawny Port 750Ml,0.01,0.08,1545875964799444.2,0.01,0.02,0.09,4748182698881850.0,0.02,0.04
11ef9fa9e8b0eaaab6be0acdfb026a8f,Baileys 17% 50Ml,0.0,0.03,341655306959553.1,-0.0,-0.0,0.02,87135783891403.48,0.0,0.0
11ef9fa9e8b16f8eab080acdfb026a8f,Divas Diamond Passionfruit 8% Stub Can 330Ml,0.02,0.08,2228601742058163.2,0.01,0.02,0.09,5862800101051804.0,0.0,0.01
11ef9fa9e8baf996a3ec0acdfb026a8f,Mollys Irish Cream 1L,0.0,0.05,1189662480887313.8,-0.0,-0.01,0.04,749383618740217.2,-0.01,-0.0
11efae11de30617a9e0f06d48b37474b,Kopparberg Rose 330Ml Bottle (Rp),0.0,0.02,221327284853936.8,-0.0,-0.0,0.02,85588646175221.67,-0.01,0.0
11ef9fa9e89d2916ba300acdfb026a8f,Penfolds B150 Shiraz 2018 750Ml,0.0,0.09,590749762644519.4,0.0,0.0,0.08,390957154182313.0,0.0,0.01
11ef9fa9e8ff668aae140acdfb026a8f,Kirin Spcial Peach Sparkling 500Ml,0.01,0.02,236318682406791.4,-0.0,-0.0,0.02,948343554803098.6,0.0,0.01
11ef9fa9e893452cb12e0acdfb026a8f,Penfolds Bin 311 Chardonnay 750Ml,0.01,0.08,1384575837500038.0,0.01,0.02,0.08,2286244196009099.0,0.01,0.03
11ef9fa9e893745c88920acdfb026a8f,Absolut Vodka Peach 700Ml 6Pk,0.01,0.09,1290630720431992.5,-0.0,-0.0,0.08,625557072829344.4,0.0,0.0
11ef9fa9e87f076aa5120acdfb026a8f,Yellow Tail Procecco Rose 750Ml,0.0,0.09,1741965814207353.0,-0.01,-0.01,0.08,37799402822619.84,-0.01,0.0
11ef9fa9e87551acb6d50acdfb026a8f,Blue Pyrenees Midnight Cuvee 750Ml,0.0,0.09,1337394504724646.5,-0.0,-0.01,0.08,336571127255575.6,-0.01,0.0
11ef9fa9e84a01f0b76f0acdfb026a8f,Brown Brothers Moscato White Gold 750Ml,0.02,0.09,1110930746526569.5,-0.0,-0.01,0.07,645860706972030.8,0.01,0.03
11ef9fa9e893554ea8830acdfb026a8f,Winfield 50G Gold Ryo 5Pk,0.0,0.2,329273159358297.6,0.02,0.03,0.2,891326978764701.5,0.03,0.08
11ef9fa9e856a9d2b6280acdfb026a8f,Opal Nera Sambuca 700Ml,0.0,0.08,285004929092166.9,0.0,0.01,0.08,404105728911427.7,0.01,0.01
11ef9fa9e89d6e94bc830acdfb026a8f,Macallan 15Yo Double Cask 700Ml 6Pk,0.0,0.09,732408952840911.9,-0.0,-0.0,0.08,160930800324991.66,-0.0,0.0
11ef9fa9e874d3a88d9c0acdfb026a8f,1800 Anejo Tequila 700Ml,0.09,1.67,9908200676969106.0,0.1,0.2,1.7,3.99753407743241e+16,0.02,0.28
11ef9fa9e8bb6ea8a4120acdfb026a8f,Becks Beer 4% Bt 330Ml 24Pk,0.05,0.5,6758839855474647.0,0.03,0.06,0.5,1.1811951074891202e+16,0.07,0.17
11ef9fa9e893218c85960acdfb026a8f,Divas Glades Blue Citrus 700Ml,0.01,0.09,1685146369302108.2,-0.01,-0.01,0.09,1331832803264910.0,-0.01,-0.0
11ef9fa9e89d45ae95110acdfb026a8f,Mcguigan Black Label Tempranillo 750Ml,0.08,0.42,4051270946965993.0,-0.0,-0.01,0.45,1.5250996222471216e+16,0.03,0.15
11ef9fa9e8f7d57897040acdfb026a8f,Roaming Vintners Baro Shiraz 750Ml,0.0,0.17,51413473113749.18,0.01,0.01,0.17,1592785760349242.2,-0.0,0.01
11ef9fa9e86b6aac96c10acdfb026a8f,Wild Boar 9% Spiced Rum 500Ml,0.02,0.02,101023373402374.56,-0.0,-0.0,0.03,5974960138157992.0,0.0,0.02
11ef9fa9e8ff64c89daf0acdfb026a8f,Choya Flight 3 Plum Wine 180Ml,0.01,0.06,1497168850753464.8,-0.0,-0.01,0.05,14854034636625.09,-0.01,0.0
11ef9fa9e84a5bd29ce80acdfb026a8f,Gossips Shiraz Cabernet 750Ml,0.01,0.17,1709931409421769.2,-0.0,-0.01,0.17,810742170072929.0,0.0,0.01
11ef9fa9e8eccb92a9580acdfb026a8f,Absolut Mosaik Le 700Ml,0.01,0.26,1799528750681195.0,0.0,0.0,0.28,4853237117036871.0,0.01,0.04
11ef9fa9e8f7eba88e230acdfb026a8f,Louis Morette Grande Reserve Brut Champagne,0.01,0.09,1085362150461970.2,-0.0,-0.01,0.08,199182505156229.75,-0.0,-0.0
11ef9fa9e8ed5ad0ac2d0acdfb026a8f,Malibu Watermelon Lemon 250Ml,0.01,0.09,1398492243494171.0,-0.0,-0.01,0.09,2045644675518042.2,-0.01,0.01
11ef9fa9e8ed5cf694720acdfb026a8f,Chingu Soju Tropical 360Ml,0.04,0.15,2.263994292034551e+16,0.1,0.21,0.16,3.3887896939190444e+16,0.13,0.27
11ef9fa9e8e34e6488fd0acdfb026a8f,Preece Pinot Grigio 750Ml,0.02,0.18,2236530184246627.0,-0.01,-0.02,0.17,526504256370591.6,-0.03,-0.01
11ef9fa9e86b9518b01d0acdfb026a8f,Wild Folk Shiraz Bt,0.01,0.17,388189281646311.06,0.01,0.01,0.17,5951084602124244.0,0.01,0.02
11ef9fa9e8bb5738a5250acdfb026a8f,Elephant In The Room Merlot,0.01,0.09,703336668318927.1,-0.0,-0.01,0.08,2718049257684713.0,-0.0,0.01
11ef9fa9e8b147849a2f0acdfb026a8f,Harcourt Apple Cider Sweet 375Ml,0.01,0.08,3539997652571222.0,-0.01,-0.03,0.06,1401761756919512.0,-0.01,-0.01
11ef9fa9e8933bd6a9c40acdfb026a8f,Rabbit Ranch Pinot Gris 750Ml,0.0,0.04,48945398950604.68,0.0,0.0,0.04,552982710773122.75,0.0,0.0
11ef9fa9e893049094060acdfb026a8f,La Maschera Pinot Grigio 750Ml,0.01,0.08,1328945287264203.5,0.01,0.02,0.08,2532671658749889.0,0.01,0.03
11ef9fa9e86b8956b9930acdfb026a8f,Ta Ku Pink Sauv Blanc 750Ml,0.01,0.09,914162043061744.5,-0.0,-0.01,0.09,2664449919251729.5,0.01,0.02
11ef9fa9e89d3456a79f0acdfb026a8f,Ninth Island Pinot Noir 750Ml,0.01,0.08,317531251776006.56,0.0,0.0,0.08,718836082692594.0,0.0,0.01
11ef9fa9e8baffc2931f0acdfb026a8f,Hop Nation Rattenhund Pilsner Can 355Ml,0.01,0.13,1939842077418029.8,-0.01,-0.02,0.13,1110452945243667.8,0.01,0.01
11ef9fa9e89d9180bb9a0acdfb026a8f,Connemara Whisky 40% 700Ml,0.0,0.09,738994122131306.6,-0.0,-0.0,0.08,174601657405791.2,-0.0,0.0
11ef9fa9e8e3428eac9d0acdfb026a8f,Villa Maria Sparkling Cv Brut 750Ml 6Pk,0.0,0.09,773979192012857.8,-0.0,-0.0,0.08,456096489872176.25,0.0,0.0
11ef9fa9e89d2308ae580acdfb026a8f,Penfolds Bin 407 Cabernet Sauvignon 750ml,0.03,0.08,6867510237018730.0,0.03,0.06,0.1,1.5201546758058462e+16,0.08,0.14
11ef9fa9e8c4bd5aad690acdfb026a8f,Brown Brothers Premium Cuvee,0.04,0.15,1.1664184827328852e+16,-0.06,-0.13,0.08,60386464380673.42,-0.06,-0.06
11ef9fa9e8ece910ba730acdfb026a8f,Kunizakari Lavender Plum Wine 9% 720Ml,0.01,0.25,388257822667787.7,0.02,0.03,0.25,1956683222650272.8,0.05,0.1
11ef9fa9e8ece9c4b7550acdfb026a8f,Tsukasabotan Shuzo Yuzu Wine 8% 720Ml,0.0,0.09,1113674974865622.9,-0.0,-0.01,0.09,49522561861923.23,0.0,0.01
11ef9fa9e8754900baf80acdfb026a8f,Batch & Bottle Reyka Cosmo 25% 500Ml,0.0,0.09,1041712144600332.0,-0.0,-0.0,0.09,727044840924236.4,0.0,0.01
11ef9fa9e8936b74a13e0acdfb026a8f,Red Rock Sea Salt Crisps 165G 12Pk,0.05,0.15,5542767364754402.0,-0.03,-0.05,0.13,6762682276258352.0,-0.01,0.03
11ef9fa9e86146588f640acdfb026a8f,Disaronno Amaretto 700Ml,0.01,0.08,1582413917441102.2,0.01,0.02,0.08,5186189055220384.0,0.0,0.03
11ef9fa9e8f7d5149b290acdfb026a8f,Sierra Tropical Chilli Pf & Mango Licor Tequila 18% 700Ml,0.01,0.08,176772376785680.12,0.0,0.0,0.08,463905372600608.1,0.0,0.02
11ef9fa9e89d2a2e94480acdfb026a8f,Penfolds B138 Sgm 750Ml,0.01,0.08,277255443795638.34,0.0,0.0,0.09,1283485850405131.5,0.01,0.01
11ef9fa9e8f75cd8a5ef0acdfb026a8f,Hope Russian Stout 10.5% 375Ml Can 24Pk,0.01,0.04,316189974804225.6,0.0,0.01,0.05,4648874579354096.0,0.01,0.01
11ef9fa9e8ed63ae8bfc0acdfb026a8f,Yalumba Sc Bush Grenache 750Ml 6Pk,0.01,0.42,1390065051041780.0,0.02,0.03,0.43,6243161893592470.0,0.0,0.03
11efa3274cc5910a8f66060b7545a69d,Jameson shots,0.06,0.56,1.3861816184158862e+16,-0.03,-0.07,0.56,2.068491499907349e+16,-0.0,0.05
11ef9fa9e86b24cab3bd0acdfb026a8f,La Boheme Inter Pinot Noir Bt,0.01,0.08,377005450664704.56,0.0,0.01,0.09,3138066464835895.5,0.01,0.02
11efc40f8771b1f4846a02636efe5b8f,Aguardiente Amarillo de Manzanares Bottle 700ml,0.19,0.49,4.507370927925982e+16,0.19,0.4,0.57,1.0024675045827026e+17,0.39,0.75
11ef9fa9e8baf310a6190acdfb026a8f,Galliano Amaretto 28% 500Ml,0.0,0.04,180629912994561.7,0.0,0.0,0.04,1123977015119623.5,-0.01,-0.0
11ef9fa9e8e2bc8898000acdfb026a8f,Bright Brewery Affogato Stout,0.0,0.08,2395722338952304.5,0.01,0.02,0.09,3170966896063260.0,0.0,0.03
11ef9fa9e87f8fe69f740acdfb026a8f,Taylors Promised Land Cabernet Sauvignon 750Ml,0.0,0.08,101755163212061.19,0.0,0.0,0.08,963025665266397.1,0.01,0.02
11ef9fa9e87f9284a5ea0acdfb026a8f,Taylors Jaraman Shiraz 750Ml,0.04,0.17,8122169590126930.0,0.03,0.06,0.14,8392603011475505.0,0.11,0.16
11ef9fa9e87f2c4ab1180acdfb026a8f,Yalumba Signature Cabernet Shiraz 750Ml,0.02,0.11,6546319651051348.0,-0.03,-0.05,0.1,3445704705202941.0,-0.01,-0.02
11efc57a802fec82b0b106093048f923,Rockford Barossa Shiraz 2019 750ml Bottle 12PK,0.02,0.08,8072882386988219.0,-0.04,-0.09,0.04,146396955987914.7,0.01,0.03
11ef9fa9e8bb52e2b1940acdfb026a8f,Scotchmans Hill Swan Bay Rose,0.01,0.08,3741031604280297.5,0.02,0.04,0.08,4145231287711280.5,0.02,0.05
11ef9fa9e89d5148826d0acdfb026a8f,Leftfield Pinot Noir 750Ml,0.0,0.08,338513151723492.5,0.0,0.01,0.09,1892750573057171.5,0.01,0.01
11ef9fa9e8baf2b69d8e0acdfb026a8f,Frangelico 350Ml,0.01,0.08,358777384896254.4,-0.0,-0.0,0.08,486736150058486.6,0.0,0.02
11ef9fa9e8cef932a27a0acdfb026a8f,Pepperjack Sauvignon Blanc 750Ml,0.07,0.09,515165727091960.4,-0.01,-0.02,0.07,3477310421282761.5,0.05,0.11
11efc0969f0c3fea8ad50258937cfeaf,Martell Blue Swift Gift Pack 750Ml,0.54,1.16,2.336820113225772e+17,-1.05,-2.17,0.33,5.816430420232558e+16,-0.1,-0.17
11ef9fa9e8f7a38c963f0acdfb026a8f,Smirnoff Ice Double Black Raspberry Crush 375Ml 24Pk,0.08,0.49,1.5151993222848434e+16,0.1,0.21,0.51,2.612277702171544e+16,0.13,0.41
11efc0969fd54746aa310258937cfeaf,Martell COG Cordon Bleu LNY25 LE 700Ml,0.17,1.0,1.7841159737181728e+16,-0.05,-0.11,0.92,3.0133216190463108e+16,-0.1,-0.01
11ef9fa9e89d404a95470acdfb026a8f,Hardys R&R Sem Sauv Blanc 1L,0.0,0.09,673316345747789.2,-0.0,-0.01,0.08,756744013983550.0,-0.0,0.0
11ef9fa9e8f7501c838b0acdfb026a8f,Midori Melon Liqueur 1L,0.0,0.04,83614805161740.95,0.0,0.0,0.04,249978243128266.84,0.0,0.01
11ef9fa9e87565acae2a0acdfb026a8f,Handpicked Italy Prosecco 750Ml,0.01,0.08,105144900313776.31,0.0,0.0,0.08,421662584023831.94,0.0,0.02
11ef9fa9e8890990aa160acdfb026a8f,Auchentoshan Amer Oak W/Key 700Ml,0.0,0.08,154466068831767.9,0.0,0.0,0.08,795547780924640.9,0.0,0.01
11ef9fa9e89319949b320acdfb026a8f,Balvenie Caribbean Cask 14Yo 700Ml,0.0,0.09,365013229309419.75,0.0,0.0,0.08,413198076610604.06,0.01,0.01
11ef9fa9e89d6e3aab1c0acdfb026a8f,Macallan 12 Yr Tripple Cask,0.01,0.1,2970820556716942.0,-0.01,-0.02,0.09,780598797382516.1,0.0,0.02
11ef9fa9e86b92528c670acdfb026a8f,Woodford Reserve Glass Pack,0.02,0.08,869408109912062.8,0.0,0.01,0.08,5803193296830098.0,0.09,0.13
11ef9fa9e8e3439cb6fb0acdfb026a8f,Amongst The Clouds Pinot Noir 750Ml,0.01,0.13,253923399785012.66,0.01,0.01,0.12,630612078460837.0,0.01,0.03
11ef9fa9e8ceeea6aa2f0acdfb026a8f,De Bortoli Prem Sem Chardonnay Cask 4L,0.01,0.17,1756191048364040.5,0.02,0.03,0.17,3851616912458876.5,0.05,0.1
11ef9fa9e86b754c98bc0acdfb026a8f,Bumbu Original Rum 700Ml,0.01,0.08,1.3017074375672004e+16,0.06,0.12,0.09,1.435936464523279e+16,0.18,0.25
11ef9fa9e86145a4bc190acdfb026a8f,Rekorderlig Straw Zero Bt,0.0,0.08,65264159631830.47,0.0,0.0,0.08,397672118415544.75,0.0,0.01
11ef9fa9e88904c2996f0acdfb026a8f,Mount Gay Eclipse Rum 700Ml,0.0,0.08,286926673688731.75,0.0,0.0,0.08,75911464934667.9,0.0,0.01
11ef9fa9e84a2a2c884f0acdfb026a8f,Coopers Mild Ale Bt 375Ml 24Pk,0.03,0.17,9487702286704682.0,-0.04,-0.08,0.13,1999046624118956.8,-0.02,-0.03
11ef9fa9e888ca989d380acdfb026a8f,Grant Burge Pinot Noir Chardonnay Rose Nv 750Ml,0.01,0.09,2124340990161296.0,-0.01,-0.01,0.08,1801894694597415.5,-0.0,0.01
11ef9fa9e8bb2aba99750acdfb026a8f,Patron Xo Cafe Tequila 750Ml,0.02,0.11,4928428831547220.0,-0.02,-0.04,0.09,1792092799132419.5,-0.02,-0.01
11ef9fa9e888da2eafcb0acdfb026a8f,Paxton The Pollinator Rose 750Ml,0.03,0.08,1783058440376627.2,0.01,0.01,0.09,8144799224511705.0,0.03,0.1
11ef9fa9e87567faba4b0acdfb026a8f,Innocent Bystnd Sparkling Moscato 750Ml,0.01,0.09,982232022006634.4,-0.0,-0.0,0.08,391994235329583.44,-0.0,0.01
11ef9fa9e8e33fc899760acdfb026a8f,Billson Musk Vodka 500Ml,0.0,0.09,1011843089361784.1,-0.0,-0.0,0.09,1222679486075663.5,-0.0,-0.0
11ef9fa9e8e2e258beb90acdfb026a8f,Howler Head Bourbon 700Ml 6Pk,0.01,0.17,132871148431181.94,0.0,0.01,0.16,179572163494604.9,0.01,0.02
11ef9fa9e8cf234eaabe0acdfb026a8f,Bundaberg Ginger Cans 30Pk,0.02,0.51,2912256492125480.5,0.01,0.02,0.5,1840429078718077.0,-0.02,0.04
11ef9fa9e8e2a3889be30acdfb026a8f,Mountain Culture Status Quo Pale Ale Can 355Ml,0.07,0.12,8418473120547927.0,0.03,0.07,0.11,2.5807041545055228e+16,0.1,0.19
11ef9fa9e8c4c70a904e0acdfb026a8f,Gleneffer Scotch Whisky 700mL,0.07,0.08,9306779275177412.0,0.04,0.08,0.08,2.1919774415787508e+16,0.08,0.23
11ef9fa9e888bef4a50b0acdfb026a8f,Tamar Ridge Tasmania Pinot Noir 750Ml,0.0,0.09,476447527582538.0,-0.0,-0.0,0.08,496368168624488.4,-0.0,0.01
11ef9fa9e8753910bbaf0acdfb026a8f,Rothmans 25S Blue 8Pk,0.01,0.07,2565065460368006.0,-0.01,-0.02,0.07,1484875206476462.8,-0.01,-0.01
11ef9fa9e8bb404a8fc30acdfb026a8f,Cbco Draught Kolsch Ale Can 375Ml,0.01,0.13,135149838887425.12,0.0,0.0,0.13,3044300870012234.0,0.01,0.04
11ef9fa9e8e3259cbe590acdfb026a8f,Casa Spirits Vodka 700Ml 12Pk,0.03,0.12,2931059649877715.5,0.03,0.06,0.13,5316666638448230.0,0.05,0.12
11ef9fa9e888f41486370acdfb026a8f,Wynns Coonawarra Riesling 750Ml,0.01,0.09,539891675846754.3,-0.0,-0.01,0.08,2467890194047235.5,0.0,0.02
11ef9fa9e87524fcad140acdfb026a8f,Fireball & Apple 6.6% Cn 355Ml 24Pk,0.09,1.24,7.546353132339949e+16,0.43,0.9,1.26,5.613042128244322e+16,0.34,1.29
11ef9fa9e87ef996aa730acdfb026a8f,Taylors Estate Brut 750Ml,0.01,0.17,538302577187547.25,0.01,0.01,0.17,2837233541649120.0,0.02,0.06
11ef9fa9e8ecc73ca6df0acdfb026a8f,Casa Silver Agave 700Ml,0.0,0.04,88973140512766.66,0.0,0.0,0.04,36203071719777.55,0.0,0.0
11ef9fa9e857083c91d40acdfb026a8f,Wild Turkey Rare Breed Barrel 112.8 Proof 700Ml,0.01,0.08,735390475228612.2,0.0,0.01,0.09,5183844603267346.0,0.01,0.02
11ef9fa9e84a78f6afa00acdfb026a8f,Jacobs Creek Pinot Grigio 750Ml,0.03,0.04,3729889405801982.0,0.01,0.03,0.04,8227118170684291.0,0.03,0.08
11ef9fa9e8617f24bd130acdfb026a8f,Wolf Blass Red Sav Blanc Bt,0.03,0.25,7284239902305056.0,0.04,0.08,0.26,1.3662991151480034e+16,0.05,0.13
11ef9fa9e89d1cfa95a20acdfb026a8f,Penfolds Rawsons Retreat Cabernet Sauvignon 750Ml,0.01,0.08,605470691320559.2,0.01,0.01,0.09,1673647374898093.2,-0.0,0.01
11ef9fa9e8934fcca0d90acdfb026a8f,Orlando Steingarten Riesling 750Ml,0.0,0.09,1132290411405593.0,-0.0,-0.0,0.09,663518585641159.2,0.0,0.0
11ef9fa9e84a437281410acdfb026a8f,Fat Bastard Pinot Noir,0.03,0.17,4667504481572925.0,0.02,0.05,0.16,1.044692131684545e+16,0.03,0.08
11ef9fa9e89d63cc88fe0acdfb026a8f,Xotic Comets Pina Colada 700Ml,0.01,0.08,3185209209642.39,0.01,0.01,0.08,1022272800190278.4,0.04,0.06
11ef9fa9e8ed5be8b6d50acdfb026a8f,Chingu Soju Blueberry 360Ml,0.04,0.5,1.9919882959778924e+16,0.1,0.21,0.51,3.153877030027138e+16,0.06,0.19
11ef9fa9e86b2998882a0acdfb026a8f,Bacardi Spiced Rum 700Ml,0.0,0.09,375458370034117.94,0.0,0.0,0.08,178614442854476.84,0.01,0.02
11ef9fa9e87553e684cc0acdfb026a8f,Botter Prosecco 750Ml,0.08,0.46,2.062139036891273e+17,-0.35,-0.73,0.0,0.0,0.22,0.11
11ef9fa9e86b1caa96980acdfb026a8f,Campo Viejo Tempranillo 750Ml,0.0,0.09,933635957007102.9,-0.0,-0.0,0.08,348255687011220.9,0.01,0.02
11ef9fa9e8a756b6bbcf0acdfb026a8f,Hardys HRB Cabernet Sauvignon 750mL,0.23,0.16,5.871973446528271e+16,0.24,0.48,0.25,1.0149759992777674e+17,0.38,0.77
11ef9fa9e87f8b2cae320acdfb026a8f,Babich Marlborough Rose 750Ml 6Pk,0.01,0.1,2679914778155085.5,-0.0,-0.01,0.09,1127808620369180.8,0.02,0.04
11ef9fa9e87525ba95540acdfb026a8f,Fireball & Cola 10% 250Ml Cn,0.03,0.12,2.6130595656684556e+16,0.12,0.24,0.14,2.1706843454521936e+16,0.1,0.46
11ef9fa9e8cef888a6000acdfb026a8f,Deep Woods Estate Cabernet Sauignon Merlot 750Ml,0.01,0.09,1435423945232776.5,-0.0,-0.01,0.08,145650920118260.78,-0.0,-0.0
11ef9fa9e856962cbac00acdfb026a8f,Matilda Bay Wild Yak Pacific Ale Bt 345Ml,0.01,0.13,670346761077449.0,-0.0,-0.0,0.12,1351053090081192.5,0.01,0.03
11ef9fa9e874d042bf5e0acdfb026a8f,Ginger Kid Bt 330Ml 24Pk,0.0,0.08,163206507278801.97,0.0,0.0,0.08,548453564018899.0,0.0,0.01
11ef9fa9e8bb540e91070acdfb026a8f,De Bortoli Ti Amo Fiano,0.01,0.09,1198825801320485.0,-0.0,-0.01,0.09,605725531765969.2,0.01,0.01
11ef9fa9e888f63095980acdfb026a8f,Wolf Blass Silver Label Sauvignon Blanc 750Ml,0.0,0.04,78362855066854.36,0.0,0.0,0.04,184460189048680.28,0.0,0.01
11efb6a286366480ba2406be9cbdc845,Better Beer Arvo Ale Cans 355ml 24pk,0.1,0.98,8.46236103592362e+16,0.46,0.95,1.1,1.5012619304072496e+17,0.47,1.1
11ef9fa9e8c4d006a5ac0acdfb026a8f,Mt Duneed Est Sauv Blanc 750Ml 12Pk,0.01,0.05,1675640922260484.2,-0.01,-0.01,0.04,1839965616339998.8,-0.01,0.0
11efb76353621006a1ac02fdb925ef7b,De Bortoli Limoncello Spritz 200ML,0.04,0.02,7649650957755336.0,0.03,0.06,0.05,1.5003750939018694e+16,0.08,0.16
11ef9fa9e888c3ea9b550acdfb026a8f,Tahbilk Estate Nagambie Shiraz 750Ml,0.01,0.08,98919267097342.33,0.0,0.0,0.08,572361067186953.5,0.03,0.04
11efb02353bf0a468cb90ae2611d356d,Grey Goose40%+sptzgob Vap700ml,0.01,0.09,1667768448322091.0,-0.0,-0.01,0.09,1897703353343234.8,-0.01,0.01
11ef9fa9e8c4b36eb48b0acdfb026a8f,Kirks Creaming Soda 1.25L 12Pk,0.05,0.79,4103963919792376.0,0.04,0.08,0.8,1.387172583787233e+16,-0.14,-0.03
11ef9fa9e8f79b4481d20acdfb026a8f,Smirnoff Hard Soda Black Rasperberry 330Ml,0.0,0.02,603198532822059.0,-0.0,-0.0,0.02,303813758016265.94,0.0,0.0
11ef9fa9e86b2362a18e0acdfb026a8f,Brown Brothers Sparkling Moscato 200Ml,0.01,0.08,636469079489695.6,0.0,0.01,0.09,2742150973628173.0,0.01,0.02
11ef9fa9e87f40ae933c0acdfb026a8f,Wynns Black Label Shiraz 750Ml,0.01,0.08,1193750401789120.0,0.01,0.02,0.08,2967355134153774.5,0.02,0.03
11ef9fa9e8b15bac8a330acdfb026a8f,Bulleit & Cola 6% Can 375Ml 30Pk,0.09,4.36,5.462518563688984e+16,0.56,1.18,4.41,8.805726397374634e+16,-0.52,0.52
11ef9fa9e8ced06a9e550acdfb026a8f,Dainton Blood Orange Neipa,0.0,0.03,2218733641000541.5,-0.01,-0.02,0.02,1279772190392833.0,-0.01,-0.01
11ef9fa9e8bb6552bb210acdfb026a8f,The Botanist Islay Dry Gin,0.01,0.09,1970633560909243.8,-0.01,-0.01,0.09,583307997661840.0,-0.01,-0.0
11ef9fa9e8611322a18e0acdfb026a8f,Jps 40S Blue,0.01,0.37,1478207075432856.5,0.02,0.04,0.37,1493896775057392.8,0.01,0.04
11ef9fa9e856e564b49c0acdfb026a8f,Stolichnaya Vodka 700Ml,0.01,0.09,910564478358458.8,-0.0,-0.01,0.09,1782380315780361.8,0.0,0.01
11ef9fa9e8ff65869ae80acdfb026a8f,Suntory Jim Beam Highball 350Ml,0.0,0.02,378924723785777.94,-0.0,-0.0,0.02,108826628538330.28,-0.0,-0.0
11efc0969f0b40eab49b0258937cfeaf,LFL Salt Caramel Cream 700Ml,0.02,0.1,4080804750989375.0,-0.02,-0.04,0.08,1603352091584045.8,-0.0,0.0
11efc62ff0afeaec8c53063ecfd41111,Remy Martin XO EOY 24 GB 700ML,0.02,0.12,7681224169316883.0,-0.03,-0.07,0.1,5932887247253632.0,-0.02,-0.01
11ef9fa9e8a7086eacd10acdfb026a8f,Buller Wines Rlb Shiraz 750Ml,0.01,0.17,951567914586134.1,0.0,0.01,0.17,184048000541447.56,-0.0,0.02
11ef9fa9e8bb701098300acdfb026a8f,Jameson Zero Dry Lime 6.3% 10Pk,0.02,0.17,2469280849702859.5,0.01,0.03,0.17,6859552999326322.0,0.04,0.09
11ef9fa9e874f7c08d6f0acdfb026a8f,Peter Lehm Port Cab Sauv 750Ml,0.0,0.08,1037863864192410.8,0.01,0.02,0.08,1712530556600558.2,0.04,0.07
11ef9fa9e8a76016b65c0acdfb026a8f,Hardy Tintara Mclaren Vale Shiraz 750Ml 6Pk,0.02,0.17,3843991860725698.5,0.02,0.04,0.18,1.4331309013716854e+16,0.01,0.04
11ef9fa9e85709a498770acdfb026a8f,De Bortoli Windy Peak Chardonnay 750Ml,0.03,0.08,2149015475839136.0,0.01,0.02,0.08,6368221032702127.0,0.03,0.06
11ef9fa9e857130e940a0acdfb026a8f,XXXX Summer Bright Low Carb Lager Bt 330Ml,0.23,1.0,5.404659352839385e+16,-0.23,-0.47,0.8,1.4705605653881676e+16,-0.03,0.17
11ef9fa9e875385c852c0acdfb026a8f,Pall Mall 20S Red Original 10Pk,0.0,0.05,484698888537453.0,-0.0,-0.0,0.05,59572416513003.3,0.0,0.0
11ef9fa9e8f7630e94570acdfb026a8f,Red Square Vodka 700Ml,0.01,0.09,1755244639904250.2,-0.01,-0.01,0.09,34445804484617.13,-0.0,0.01
11ef9fa9e8f7ed60a2da0acdfb026a8f,Grey Goose Watermelon & Basil 700Ml,0.0,0.09,1313702051173191.2,-0.0,-0.01,0.09,748355840653264.2,0.0,0.01
11ef9fa9e87f1368b34b0acdfb026a8f,Berri Est Rose Cask 5L,0.01,0.25,892570809467975.8,0.01,0.03,0.26,4199062455821792.0,0.07,0.1
11ef9fa9e8a7300a8c830acdfb026a8f,Grant Burge Filsell Shiraz 750Ml,0.01,0.17,543962488804869.75,0.01,0.01,0.16,1222594471674566.8,0.0,0.01
11ef9fa9e8934f7285870acdfb026a8f,Rothmans Ryo 20G Red 5Pk,0.01,0.1,3490198619888839.5,0.02,0.04,0.1,7183549282869892.0,0.03,0.07
11ef9fa9e86b4b6cae420acdfb026a8f,Mcguigan Black Label Pinot Grigio 750Ml Bt,0.01,0.09,1406618827795864.8,-0.01,-0.01,0.08,663735554724052.9,-0.0,-0.01
11ef9fa9e8756926be0e0acdfb026a8f,Jacobs Creek Cool Harvest Sparkling Sauv Blanc 750Ml,0.07,0.24,3.3846016819145644e+16,-0.04,-0.08,0.17,3.752999689475419e+16,0.0,-0.0
11ef9fa9e8a72222bc750acdfb026a8f,Farm Hand Cabernet Sauvignon 750Ml,0.01,0.08,4834677422489.85,0.0,0.0,0.08,1559603715268483.5,0.01,0.03
11ef9fa9e86ba46893e60acdfb026a8f,Fever Tree Mediter Tonic 200Ml,0.01,0.17,791011247986000.6,0.01,0.01,0.16,1486743224923895.8,0.03,0.05
11ef9fa9e8ff6e5ab3000acdfb026a8f,Never Never Oyster Shell Gin 500Ml,0.01,0.08,204570738139076.88,0.0,0.01,0.08,3299795154890112.5,0.01,0.03
11ef9fa9e8ed66d883af0acdfb026a8f,Killer Sprocket Risa Sunrise Tropical Pale 375Ml Can,0.0,0.09,1007818952102397.2,-0.0,-0.0,0.08,124676947555870.61,0.01,0.01
11ef9fa9e8b10cd88ab90acdfb026a8f,Cawseys Sugar Syrup 750Ml,0.01,0.06,88228952134106.02,0.0,0.01,0.06,1861712884504345.0,0.0,0.01
11ef9fa9e89d858c98800acdfb026a8f,Bowmore Islay Malt 12Yo 700Ml,0.01,0.09,2535631098126785.0,-0.01,-0.02,0.09,779883519960357.9,-0.01,-0.01
11ef9fa9e87537a8acc30acdfb026a8f,Pall Mall 20S Amber 10Pk,0.0,0.05,707544500746195.5,-0.0,-0.0,0.05,339781127995458.0,0.0,0.01
11ef9fa9e8a7a332bd8b0acdfb026a8f,Hakutsuru Special Selection Junmai Ginjo 16% 720Ml,0.01,0.08,1108061258333664.5,0.01,0.01,0.09,2946801157321450.0,0.01,0.03
11ef9fa9e8754f228fe60acdfb026a8f,Arras Brut Elite 750Ml,0.01,0.17,1408938712427790.8,0.01,0.02,0.17,3859616630004055.5,-0.01,0.01
11efb38b3c537e44994b06b1bc894a93,Meditrina Coonawarra Cabernet Franco 750ml Bottle,0.0,0.09,818862933568686.5,0.0,0.0,0.08,292888603968378.6,0.0,0.01
11ef9fa9e8ed760aa21e0acdfb026a8f,Sunsun Plum Wine 12% 720Ml 12Pk,0.0,0.04,645281977326675.2,-0.0,-0.0,0.04,549521803453938.7,-0.0,0.0
11ef9fa9e8e2e14abab20acdfb026a8f,Lotte Chum Churum Sparkling Apple Soju Btl 360Ml,0.0,0.03,361940335329990.94,-0.0,-0.0,0.02,192660295941842.8,0.01,0.01
11ef9fa9e8753a1e81180acdfb026a8f,Winfield Opt 25S Crush Sky 8Pk,0.01,0.06,2342140992605526.0,0.01,0.03,0.06,4319264280265843.0,0.03,0.05
11ef9fa9e8a76e44913b0acdfb026a8f,Hero Of Zero Shiraz 750Ml,0.01,0.08,602839745180763.1,0.0,0.01,0.08,2853701998817202.5,0.01,0.02
11ef9fa9e8b1409aa4770acdfb026a8f,Wolf Blass Zero Alcohol Sauvignon Blanc 750Ml,0.01,0.11,4977257723827589.0,-0.02,-0.04,0.09,3549449572060020.5,-0.01,-0.02
11ef9fa9e86b508a9e7f0acdfb026a8f,Buffalo Trace Bourbon Mini 50M,0.01,0.08,185738809773866.34,0.0,0.01,0.08,1155579153199659.8,0.0,0.01
11ef9fa9e89372f4bed90acdfb026a8f,42 Below Vodka 700Ml 6Pk,0.01,0.09,1314181340996633.5,-0.0,-0.01,0.08,199160489581741.34,-0.01,-0.0
11ef9fa9e888c23291f70acdfb026a8f,Days Of Rose Dry Rose 750Ml,0.02,0.08,3577893062150184.5,0.01,0.03,0.09,7461829267893389.0,0.03,0.07
11ef9fa9e8931066a5110acdfb026a8f,Red Rock Deli Salt & Vinegar 165g,0.05,0.15,6557833430668209.0,-0.03,-0.07,0.13,1674615017105463.8,-0.01,0.02
11ef9fa9e86147caa0b10acdfb026a8f,Tempus Two Var Shiraz 750Ml,0.01,0.08,1879802658825644.5,0.01,0.02,0.09,7320115815004753.0,0.01,0.04
11ef9fa9e8cef98cbf370acdfb026a8f,Vok Cocktails Longisland Iced Tea Cask 2L,0.01,0.08,41558932276184.04,0.0,0.01,0.08,1312191887679345.8,0.0,0.02
11efc73b42229ca6a99202c93a2337ad,Heineken 500mL Can (Short Date),0.12,0.18,3.50809611462272e+16,-0.16,-0.33,0.03,1559162362332778.0,-0.01,0.0
11ef9fa9e8c4b31e821e0acdfb026a8f,Kim Crawford Chardonnay 750Ml 6Pk,0.0,0.09,1270257167634730.2,-0.0,-0.01,0.09,424010589453026.0,0.01,0.02
11ef9fa9e86b0166b56e0acdfb026a8f,Furphy Lager Bt,0.01,0.13,323781338259722.4,0.0,0.0,0.13,2019213810898732.8,0.0,0.01
11ef9fa9e8f786c2bf260acdfb026a8f,Nericon Cabernet Sauvignon 750 Ml,0.0,0.04,284675498150287.75,0.0,0.01,0.04,395139703548049.56,0.0,0.01
11ef9fa9e85710fc9e300acdfb026a8f,Wyndham Est Bin 888 Cabernet Merlot,0.04,0.04,1.6695276448248246e+16,-0.02,-0.05,0.17,7.505999378950826e+16,-0.17,-0.33
11ef9fa9e89d1138b42a0acdfb026a8f,Peter Lehmann Bond Barossa Cabernet Sauvignon 750Ml,0.04,0.08,6072548857671095.0,0.03,0.05,0.09,1.917202393744345e+16,0.05,0.12
11ef9fa9e8e2d696930e0acdfb026a8f,Mountain Culture Cult Ipa Cans 355Ml,0.06,0.12,4669101494921639.0,0.02,0.04,0.14,2.102024147887379e+16,0.06,0.14
11ef9fa9e8937d30b4b30acdfb026a8f,Divas Glades Butterscotch 700Ml,0.01,0.08,556694461626513.25,0.0,0.01,0.08,4437541959278138.5,0.02,0.03
11ef9fa9e8f7c664a7ac0acdfb026a8f,Innocent Bystander Watermelon Spritz 750Ml,0.02,0.08,140367061879930.28,0.0,0.0,0.08,3760177183058864.0,0.02,0.04
11ef9fa9e8cea25c96210acdfb026a8f,Cbco Small Ale 375Ml,0.02,0.13,360136757825253.9,0.0,0.0,0.13,6357275125037173.0,-0.0,0.02
11ef9fa9e89350269e340acdfb026a8f,Ventti Filter Original 120S 16Pk,0.0,0.03,160801821893764.44,0.0,0.0,0.03,816939485762802.0,0.0,0.01
11ef9fa9e856900a81570acdfb026a8f,Longbeach 30S Blue,0.01,0.08,52368916000860.05,0.01,0.02,0.08,2281068434151596.0,0.05,0.07
11ef9fa9e888d4fc940a0acdfb026a8f,St Hugo Barossa Shiraz 750Ml,0.05,0.42,1.2223783497753632e+16,0.06,0.13,0.42,1.9436428999074024e+16,0.12,0.26
11ef9fa9e8f782b298ac0acdfb026a8f,Winesmiths Traditional Classic Fruity White 2L,0.04,0.09,1155475951136948.5,-0.01,-0.02,0.08,4882606087515692.0,0.01,0.08
11ef9fa9e8c4b684952b0acdfb026a8f,Kosciuszko Pale Ale Bt 330Ml 24Pk,0.14,0.32,5.071690766199768e+16,-0.24,-0.49,0.12,3560657273827702.5,0.03,0.11
11ef9fa9e86b853292270acdfb026a8f,Bacardi Mojito 250Ml Cn,0.02,0.12,5823085498038459.0,-0.02,-0.05,0.11,9272247719722318.0,-0.01,0.05
11ef9fa9e8bb692698c90acdfb026a8f,Coopers Dry 4.2% Can 375Ml,0.04,0.25,4868886418308977.0,0.02,0.05,0.26,1.5301718528400372e+16,0.04,0.13
11ef9fa9e893328a892d0acdfb026a8f,Chivas Regal 12Yo 1L,0.02,0.5,920731958001934.1,0.02,0.03,0.49,1176145256534424.8,-0.02,0.01
11ef9fa9e84a3896966c0acdfb026a8f,De Bortoli Sacred Hill Tawny 750Ml,0.07,0.58,9487791403264382.0,0.05,0.11,0.59,2.222269673226017e+16,0.02,0.17
11ef9fa9e8cf01028c1d0acdfb026a8f,Pete's Pure Shiraz 750Ml,0.02,0.04,80950980712279.94,0.03,0.07,0.08,1.8764998447377116e+16,-0.1,-0.02
11ef9fa9e89cfa3683aa0acdfb026a8f,Lagavulin 8Yo 700Ml,0.04,0.08,2.6006093091451264e+16,0.14,0.28,0.08,3.752999642289493e+16,0.0,0.33
11ef9fa9e8d8f09a9b350acdfb026a8f,Sheep Shape Rose 750Ml,0.02,0.04,1.5751756050118388e+16,0.08,0.15,0.04,1.8764998447377068e+16,0.08,0.25
11ef9fa9e8bb65ac907f0acdfb026a8f,Galliano White Sambuca Liqueur 500Ml,0.0,0.04,94781555950577.5,0.0,0.0,0.04,1088717335413663.9,0.01,0.02
11ef9fa9e87f5f76b9890acdfb026a8f,Wirra Wirra Mvcg Cabernet Sauvignon 750Ml,0.01,0.34,1570198889471991.5,0.0,0.01,0.34,3641645004053625.0,-0.01,0.03
11ef9fa9e8751462b7990acdfb026a8f,Absolut Passionfruit Martini Cn 6.5% 250Ml,0.02,0.11,4552697196243610.0,-0.01,-0.02,0.09,1771685917741370.8,0.02,0.1
11ef9fa9e892ec80ab840acdfb026a8f,Scotchmans Hill Chardonnay 750Ml,0.0,0.04,366029679293050.56,0.0,0.01,0.04,938003797707932.6,0.0,0.01
11ef9fa9e8a708c8b5d20acdfb026a8f,Buller Wines Rlb Cabernet Sauvignon 750Ml,0.01,0.17,287513691095024.44,0.01,0.02,0.17,4056458018419889.0,0.0,0.02
11ef9fa9e8b13064a3080acdfb026a8f,Plus Minus 0% Shiraz 750Ml,0.0,0.09,643288191865581.0,0.0,0.0,0.09,1721214068827332.2,0.0,0.01
11ef9fa9e8618262acb80acdfb026a8f,Kilarni Estate Shiraz Bt,0.0,0.25,404961540667748.3,0.01,0.01,0.25,342226077744281.44,0.01,0.04
11ef9fa9e86b0e0ea1290acdfb026a8f,El Jimador Tequila Blanc 700ml,0.03,0.08,5035508581458909.0,0.02,0.05,0.08,1.1294792601163436e+16,0.04,0.09
11efbf2e313e44369d64024bb5a2f2ab,St Agnes Brandy XO 700Ml,0.02,0.18,3334524964909305.5,-0.01,-0.02,0.17,2093522464693984.5,0.01,0.03
11ef9fa9e8e3111083d50acdfb026a8f,Smirnoff Soda Vodka Pineapple Lime Can 330Ml,0.0,0.09,846959791109117.2,-0.0,-0.0,0.08,774658029510965.0,-0.0,0.0
11ef9fa9e8bb5d6e8dce0acdfb026a8f,White Claw Surge Blood Orange 24Pk,0.0,0.04,564923749268399.0,0.0,0.01,0.05,3115338908127384.5,0.01,0.03
11ef9fa9e8ed021a89270acdfb026a8f,Mango Shotta Tequila 750Ml,0.0,0.08,1657003599045397.8,0.01,0.03,0.09,3714520266981218.0,0.02,0.05
11ef9fa9e8894c5c83f20acdfb026a8f,Runnings Bulls Baros Temp 750Ml,0.01,0.09,1353129862960088.8,-0.0,-0.01,0.08,424041281498538.9,0.0,0.01
11ef9fa9e8f7517aa6d50acdfb026a8f,Vodka Cruiser Mid Proof Watermelon 700Ml,0.01,0.08,29463846993247.5,0.0,0.0,0.09,1639548757035246.0,0.01,0.02
11ef9fa9e84a763abec30acdfb026a8f,Jack Daniels Tennessee Fire 700Ml,0.0,0.08,380040284294024.7,0.0,0.01,0.08,1365394516153567.5,0.0,0.02
11ef9fa9e8c4d0bab9a10acdfb026a8f,Mt Duneed Estate Chard 750Ml 12Pk,0.01,0.04,198817390137795.8,-0.0,-0.0,0.04,3458537790036745.0,0.01,0.02
11ef9fa9e8c4e2b286c00acdfb026a8f,Smirnoff Seltzer Passion Fruit,0.02,0.17,534618904796461.3,0.0,0.0,0.16,52633253559484.3,-0.0,0.02
11ef9fa9e8b18aa084d70acdfb026a8f,Matsos Mango Beer 330Ml Btl,0.01,0.36,327024153791572.75,0.02,0.04,0.35,784203628625717.9,0.03,0.1
11ef9fa9e8892d9ebd020acdfb026a8f,Jps 25G Red Ryo 5Pk,0.02,0.11,1335518952083973.5,-0.01,-0.02,0.1,1296376310702865.0,0.01,0.04
11ef9fa9e84a23ecb1300acdfb026a8f,Chivas Regal Extra 13Yr 700Ml,0.02,0.08,458693642872009.06,0.0,0.01,0.09,5307071877084069.0,0.01,0.03
11ef9fa9e87f815e8fb40acdfb026a8f,Hill Shiraz 2024 Bottle 750ml,0.02,0.21,1683643343540829.5,0.01,0.03,0.22,9858418444036664.0,-0.0,0.04
11ef9fa9e8618af0afcb0acdfb026a8f,Kooba Dry Red 4L,0.02,0.12,2153302368638223.0,0.01,0.02,0.13,4557855833964754.0,0.03,0.07
11ef9fa9e8e3407cafeb0acdfb026a8f,Mont Blanc Vodka Min 50Ml,0.0,0.04,136782245723207.52,0.0,0.0,0.04,1514562942590891.0,0.0,0.01
11ef9fa9e88917a09db90acdfb026a8f,Ventti Mentod Filter Green 16Pk,0.0,0.04,1133207135272236.2,-0.0,-0.01,0.03,837757557590573.1,0.0,0.01
11ef9fa9e88902b0a67c0acdfb026a8f,Diplomatico Reserva Exclusiva Rum 700Ml 6Pk,0.01,0.09,969486424625278.4,0.0,0.0,0.08,1055460004627529.1,0.0,0.0
11ef9fa9e8baf572a5930acdfb026a8f,Jagermeister 1L 6Pk,0.01,0.09,2235257744102449.2,-0.01,-0.02,0.08,35208425271055.71,-0.01,-0.0
11ef9fa9e8e32e989e420acdfb026a8f,Clearance $4,0.81,3.23,2.7154310912641994e+17,-1.22,-2.49,2.64,1.70676605057823e+17,-0.09,-0.39
11ef9fa9e89358149c800acdfb026a8f,Beef Jerky 500G,0.05,0.51,1179773958938453.2,0.01,0.02,0.52,1.6805830796148224e+16,-0.02,0.04
11ef9fa9e888e000ba200acdfb026a8f,St Hallett Barossa Rose 750Ml,0.0,0.08,1270943846953934.5,0.01,0.02,0.08,1443681823872074.5,0.04,0.06
11ef9fa9e87eebd683980acdfb026a8f,Riccadonna Prosecco Nv 750Ml,0.01,0.17,2723980003186888.5,0.02,0.04,0.17,3593760160606529.0,0.02,0.06
11ef9fa9e8ff67989d780acdfb026a8f,Choya Plum Wine Honey & Shiso 375Ml,0.0,0.08,142317926635974.5,0.0,0.0,0.08,1253703017024962.0,0.0,0.01
11efcd67917d8a86af84062edab2b0c9,Ouzo 12 Bottle 700Ml,3.24,3.67,1188.5,-3.58,-7.25,1.13,466.28,0.47,0.38
11ef9fa9e89d30d2a7910acdfb026a8f,Overexposed Shiraz 750Ml,0.01,0.1,3016947763994809.5,-0.01,-0.02,0.08,29879396818740.36,0.0,0.0
11ef9fa9e8a7362298550acdfb026a8f,Gekkeikan Horin Sake 720mL,0.02,0.08,2802661532373104.5,0.01,0.03,0.09,7892286295533319.0,0.05,0.09
11efbde814e86b82938b021536b368a3,Charm Malgeun Soju Original Btl 360Ml,0.01,0.08,681694579456433.5,-0.0,-0.01,0.08,3738186141417776.5,0.01,0.03
11ef9fa9e86b4e0099d90acdfb026a8f,Gordons Med Orange 700Ml,0.01,0.1,3717397703762429.0,-0.01,-0.03,0.09,780375755787841.5,-0.03,-0.02
11efb22207b67084b06606b1bc894a93,Ouzo Mitilinis Eva 700Ml,0.06,0.16,6914446983088047.0,-0.04,-0.07,0.15,1.1677083039256946e+16,0.0,0.07
11ef9fa9e8f7d622b4740acdfb026a8f,Roaming Vintners M/R Chardonnay 750Ml,0.01,0.08,448565473405189.56,0.0,0.01,0.08,1725379773288308.5,0.01,0.02
11ef9fa9e888df5688f40acdfb026a8f,St Hallett Blackwell Shiraz 750Ml,0.01,0.25,674864913159510.0,0.01,0.02,0.26,4880755481924499.0,-0.0,0.02
11efb1acaafeed0aa39406b1bc894a93,Atawhai Bay Mbgh S/blanc 750Ml,0.08,0.48,1.478322820610081e+16,-0.06,-0.12,0.43,760053220419538.2,-0.03,0.01
11ef9fa9e875000889e70acdfb026a8f,Nobbys Snack Mix 80G,0.2,0.25,296.56,-0.35,-0.77,0.17,200.0,0.25,0.25
11ef9fa9e8ff5f00ad420acdfb026a8f,Nuve Vodka 40% 700Ml,0.01,0.08,741181085809615.5,0.0,0.01,0.09,3659591865136964.0,-0.0,0.01
11ef9fa9e874dbbea4430acdfb026a8f,Malfy Gin Tonic Limone 300Ml B,0.0,0.02,92168996827419.19,-0.0,-0.0,0.02,543377090907464.56,0.0,0.02
11ef9fa9e89322ea9aa20acdfb026a8f,Three Chain Road Southern Citrus Gin 700Ml,0.01,0.13,276102190135219.62,0.01,0.01,0.13,3735815923038708.0,0.02,0.03
11ef9fa9e8f7c2a489ce0acdfb026a8f,Bright Brewery Smoko Rauchbier Can 355Ml,0.01,0.09,672585690337517.8,0.0,0.01,0.08,1024311327823243.0,0.01,0.04
11ef9fa9e8bb57928f6b0acdfb026a8f,Squealing Pig Es Tempranillo,0.01,0.08,582243166533670.6,0.01,0.01,0.08,1193297255107366.8,0.01,0.03
11ef9fa9e8f7e676abb90acdfb026a8f,Asahi Super Dry Rk 49.5L 5%,0.07,1.0,2667511534278865.0,0.05,0.09,0.96,7544086911492222.0,0.01,0.15
11ef9fa9e8d92ccc91080acdfb026a8f,Totino Classic Range Sauvignon Blanc 750Ml,0.0,0.09,682140760667676.8,0.0,0.01,0.09,801094580754580.0,0.02,0.04
11ef9fa9e87f8c4499cc0acdfb026a8f,Taylors Promised Land Pinot Noir 750Ml,0.01,0.08,881587758176377.0,0.01,0.01,0.09,3203979604582596.0,0.01,0.03
11ef9fa9e89d28629fcf0acdfb026a8f,Penfolds B23 Pinot Noir 2018 750Ml,0.0,0.09,760623894680909.2,-0.0,-0.0,0.08,1792282781059250.8,0.01,0.01
11ef9fa9e8d8b51cb0f10acdfb026a8f,Brown Brother Sparkling Moscato 200Ml,0.01,0.09,2134279525995921.5,-0.0,-0.0,0.08,622959510092205.0,0.01,0.03
11ef9fa9e8e31fc097ac0acdfb026a8f,Rider Lite Beer Bt 330Ml,0.0,0.01,3525221798467954.5,-0.01,-0.02,0.0,635976077684489.8,-0.0,-0.01
11ef9fa9e8ed5b8e80df0acdfb026a8f,Wild Turkey & Cola Htg B330ml,0.01,0.09,2126297449381854.0,-0.01,-0.01,0.09,2203073452986562.5,-0.01,0.0
11ef9fa9e8b18028adbb0acdfb026a8f,Jim Beam & Cola 4.8% Bt 330Ml,0.06,0.49,6.142116666751693e+16,0.31,0.65,0.56,1.1039225081755835e+17,0.4,0.82
11ef9fa9e875495ab7d80acdfb026a8f,19 Crimes Blanc De Blanc 750Ml,0.01,0.33,1455082846054058.8,0.03,0.06,0.34,5474948228015188.0,0.0,0.07
11ef9fa9e874fe9696220acdfb026a8f,Nobbys Beef Jerky Orig 25G,0.03,0.17,373922212189338.8,0.0,0.01,0.17,8827889376072431.0,0.01,0.04
11ef9fa9e8e2f1bca1850acdfb026a8f,Kilarni Au Cabernet Sauvignon 750Ml,0.01,0.04,474265162182361.5,-0.0,-0.01,0.05,1736171613149321.8,0.0,0.03
11efb1119cefb85cb41b061bcde049eb,Divas VKAT Original 1L,0.04,0.35,3096735580966253.0,0.02,0.04,0.35,3240012620102298.5,0.08,0.19
11ef9fa9e89d2e66be860acdfb026a8f,Paxton The Pollinator Shiraz 750Ml,0.03,0.34,1118960543602950.4,0.01,0.01,0.32,749709647582146.9,-0.0,0.03
11ef9fa9e8615ccebb490acdfb026a8f,Rekorderlig Wild Berry 330Ml,0.01,0.08,984071593196336.1,0.01,0.01,0.08,3160624707084377.5,0.05,0.08
11efcd1ada4f1a109bf5067124ec18ed,Powerade Grape Btl 600ml,0.01,0.12,2082736044568428.5,0.01,0.03,0.12,5531517425007930.0,0.03,0.08
11ef9fa9e8b1231c88090acdfb026a8f,Keri Orange Juice 300Ml Btl,0.01,0.05,1055498314215342.4,-0.0,-0.01,0.04,1356580851794511.8,-0.0,-0.0
11ef9fa9e87f545e8ed90acdfb026a8f,Brown Brothers Origins Chardonnay 750Ml,0.01,0.08,6451491142182969.0,0.03,0.06,0.09,7467788490968388.0,0.04,0.1
11ef9fa9e8c4e924894d0acdfb026a8f,Matua Valley Estate Series Central Pinot Noir,0.01,0.09,990519616436124.2,-0.0,-0.0,0.08,367334157878957.25,0.0,0.0
11ef9fa9e856ea5084000acdfb026a8f,Tar & Roses Heathcote Shiraz,0.01,0.08,259142699196570.3,0.0,0.0,0.08,985424585752270.8,-0.01,0.0
11ef9fa9e8568506bd640acdfb026a8f,Lindemans Bin 45 Cabernet Sauvignon,0.02,0.09,750373542156964.8,-0.0,-0.01,0.08,2921172622790090.0,0.01,0.04
11ef9fa9e874e212ae9a0acdfb026a8f,Moon Dog Hazy Ipa Can 330Ml,0.01,0.11,1370529263919972.0,-0.0,-0.01,0.11,1406984786412577.2,0.0,0.01
11ef9fa9e8c48e7aa49f0acdfb026a8f,Matsos Mango Beer 330Ml Btl 24Pk,0.0,0.12,342333737410034.25,0.01,0.01,0.13,542364991462014.6,0.01,0.04
11ef9fa9e8892f06ba1f0acdfb026a8f,Jps 25S Red 8Pk,0.01,0.14,3626668884058634.5,-0.01,-0.02,0.13,720605689105042.1,-0.01,0.0
11ef9fa9e888f9b480240acdfb026a8f,Secret Stone Marlborough Pinot Noir 750Ml,0.01,0.08,381557947945485.0,0.0,0.01,0.08,937790976139371.5,0.01,0.02
11ef9fa9e8b139a68b6e0acdfb026a8f,Sprite No Sugar 1.25L,0.02,0.04,1526396145262453.0,0.01,0.01,0.06,1.1583739199382372e+16,0.03,0.06
11efbbe80184a03085570608b1b9cdd7,Patron Silver Tequila & Glass 700Ml,0.03,0.09,686109611828473.0,-0.01,-0.01,0.1,8847218997340573.0,0.02,0.05
11ef9fa9e8a785fabe590acdfb026a8f,Hennessy VSOP Cognac 700mL,0.36,0.58,8.875263855138267e+16,-0.43,-0.9,0.09,1.997864787363131e+16,-0.01,-0.06
11ef9fa9e86b4c8e83880acdfb026a8f,Fireball Cinnamon Whisky 1L,0.01,0.17,413043195177745.44,0.01,0.02,0.17,1518472942978891.0,0.01,0.05
11efd24cd65e2324b6ce029c05a67259,WILD BOAR WHSKY & DRY 9% 375ML,0.01,0.04,604875145410147.5,0.0,0.01,0.04,1982231188732660.5,0.01,0.01
11ef9fa9e84a084e9e8e0acdfb026a8f,Bulleit Bourbon 700Ml,0.01,0.08,1543755364218980.0,0.01,0.02,0.08,1460217579274106.0,0.01,0.03
11ef9fa9e8e338168b7b0acdfb026a8f,Ponting Close Of Play Langhorne Creek Cabernet Sauv 18,0.01,0.09,1346840665621095.8,-0.0,-0.01,0.08,1223777847221775.5,0.01,0.02
11ef9fa9e888e528be630acdfb026a8f,Tread Softly Rose 750Ml,0.01,0.17,305268292720833.6,-0.0,-0.0,0.17,590215353367803.4,0.0,0.01
11ef9fa9e8a760fcbd530acdfb026a8f,Hardys Vr Pinot Noir 1L,0.04,0.08,1.6480888472581288e+16,0.07,0.14,0.11,3.0306801977475236e+16,0.08,0.19
11ef9fa9e8f78dfc96730acdfb026a8f,Hbc Super Dry Low Carb Lager 650Ml,0.0,0.05,1334998111081853.8,-0.0,-0.01,0.04,65685643682584.31,-0.01,-0.01
11ef9fa9e8a732eeab5c0acdfb026a8f,Grant Burge Sparkling Shiraz Cabernet 750Ml,0.0,0.08,543834777672044.6,0.0,0.01,0.08,1366002535298808.0,0.0,0.02
11ef9fa9e87f274a86440acdfb026a8f,Yalumba Y Series Merlot 750Ml,0.01,0.04,619452692573139.5,-0.0,-0.01,0.04,2416010342413288.5,0.0,0.01
11ef9fa9e8cf1a2a82e10acdfb026a8f,Matua Valley First Frost Sauvignon Blanc 750Ml,0.26,0.83,1.5416970141879604e+16,-0.09,-0.19,0.78,5.245534641631023e+16,0.02,0.35
11ef9fa9e857197689080acdfb026a8f,Yellowglen Pink 65 Soft Rose 750Ml,0.03,0.08,441657803312292.4,0.0,0.0,0.07,6191803881622437.0,0.01,0.03
11efd1d3aed9f752906e06057c9c285d,Wild Turkey Spicy C B GWP 100GM,0.01,0.04,2461787198520559.0,-0.01,-0.02,0.03,667534444160134.1,-0.0,0.01
11ef9fa9e8f7bb109e270acdfb026a8f,St Hallett Faith Cabernet Sauvignon Bt 750Ml,0.01,0.08,1.0983844888013066e+16,0.05,0.1,0.09,1.2112830064263208e+16,0.05,0.16
11efd258789815eab20102e9515990f9,PIPSQUEAK CIDER BTL 330ML,0.0,0.03,1077558543017766.2,-0.0,-0.01,0.02,60032415086.66,0.0,0.01
11efb063f5c8ceae86c006a4a20c1ce1,Loyalty Offer,0.17,0.49,9.424588961851992e+16,0.4,0.82,0.62,1.5975537326147958e+17,0.48,1.07
11ef9fa9e8d88f7ea7590acdfb026a8f,Blue Pyrenees Luna Nv 750Ml,0.0,0.09,550231294838847.25,0.0,0.0,0.08,828575880927584.6,0.01,0.02
11ef9fa9e8cf0576a2b80acdfb026a8f,St Hugo Single Vineyard Koch Barossa Shiraz 16 750Ml 6Pk,0.0,0.08,216529450313596.75,0.0,0.01,0.08,1465193796416318.0,0.0,0.01
11ef9fa9e8f7dfe686140acdfb026a8f,Kraken Spiced Rum Double Serve 8% Can 320Ml,0.01,0.08,505810732142366.5,0.0,0.01,0.09,3383000506230488.5,0.01,0.02
11ef9fa9e8e332d09be60acdfb026a8f,Brown Brothers Cienna Salted Caramel Limited Edition 750Ml,0.01,0.08,149147997838353.5,0.0,0.0,0.08,1260540698776654.0,0.0,0.01
11ef9fa9e875434ca64b0acdfb026a8f,Smiths Crinkle Salt & Vinegar 90G,0.27,0.31,110.69,-0.02,-0.05,0.04,14.81,0.31,0.61
11ef9fa9e8b12f60bb280acdfb026a8f,Plus & Minus 0% Pinot Noir 750Ml,0.01,0.09,2320488980776912.0,-0.01,-0.02,0.08,391247439897193.44,-0.01,-0.01
11ef9fa9e86b51e891a20acdfb026a8f,Coca Cola Diet Coke 2L,0.03,0.06,160175816211411.22,-0.0,-0.01,0.06,5631125365355505.0,0.02,0.05
11ef9fa9e8e2d79a83170acdfb026a8f,Innocent Bystander Tempranillo 750Ml,0.01,0.17,168141067698878.06,0.0,0.01,0.17,688898814779118.4,0.0,0.02
11ef9fa9e89d8cb2be7b0acdfb026a8f,Laphroaig Select Cask Malt Whisky 700Ml,0.0,0.08,226850721755841.25,0.0,0.01,0.08,881793079000449.0,-0.0,0.0
11ef9fa9e8d9378095ee0acdfb026a8f,Galliano Liqueur Vanilla 700Ml,0.02,0.08,1113041318315308.6,0.01,0.01,0.09,5038875401751333.0,0.03,0.04
11efccde221e08b69f77067124ec18ed,Charm Malgeun Soju Melon Btl 360Ml,0.01,0.02,1288796079748111.2,0.01,0.01,0.03,3730275468922815.0,0.01,0.02
11ef9fa9e8bb5fda841c0acdfb026a8f,Choya Plum Wine Honey 325Ml 12Pk,0.01,0.04,161660065292935.47,0.0,0.0,0.04,2587086584338618.5,0.01,0.01
11ef9fa9e8ff673eb7e30acdfb026a8f,Suntory Jim Beam Highball Lemonade 350Ml,0.0,0.02,419893310130034.06,-0.0,-0.0,0.02,128013338756870.05,-0.0,0.0
11ef9fa9e8751b8894500acdfb026a8f,Peter Lehm Port Sauv Blanc,0.01,0.09,2153317155611523.5,-0.0,-0.01,0.09,1879151169430648.0,-0.0,0.01
11ef9fa9e85705dab4930acdfb026a8f,Wild Turkey American Honey Sting 750Ml,0.03,0.08,3713205024183244.0,0.02,0.03,0.08,8799776106247780.0,0.03,0.07
11efc42817b782628dd702636efe5b8f,Bundaberg Rum Up 375ml Bottle,0.0,0.05,803487823848189.5,-0.0,-0.01,0.04,328705703250516.8,-0.0,-0.0
11ef9fa9e8a76dcc80df0acdfb026a8f,Hero Of Zero Pinot Noir 750Ml,0.01,0.08,1362353358548995.0,0.01,0.02,0.09,4012358806618161.0,0.01,0.04
11ef9fa9e8bb5c10894e0acdfb026a8f,Cascade Lime Cordial 750ml,0.0,0.09,500302137543692.9,-0.0,-0.0,0.08,659024447489120.0,0.0,0.0
11ef9fa9e8e2c638a4890acdfb026a8f,Squealing Pig This Prized Pig Pinot Noir 750Ml,0.0,0.09,1283568918813261.8,-0.0,-0.01,0.09,424010589453026.0,0.01,0.02
11ef9fa9e888c98aa5330acdfb026a8f,Giesen Estate Sauvignon Blush 750Ml,0.0,0.08,534562543046108.4,0.0,0.01,0.08,1627465093157118.8,0.0,0.01
11ef9fa9e856f798aff10acdfb026a8f,Udl Vodka Lime & Soda Can 375Ml 24Pk,0.03,0.05,1751203885302875.2,-0.01,-0.02,0.05,5111051406817844.0,0.01,0.04
11ef9fa9e892fb76b93f0acdfb026a8f,Jacobs Creek Reserve Chardonnay Pinot Noir 750Ml,0.06,0.16,2.138838124168221e+16,0.09,0.18,0.16,3.1428677055067844e+16,0.18,0.32
11ef9fa9e8ff6536ac2f0acdfb026a8f,Kirin Hyoketsu Salt Lychee 350Ml,0.01,0.05,748212261483574.6,-0.0,-0.0,0.04,618911389535267.0,-0.0,0.0
11ef9fa9e8bb57ec9d570acdfb026a8f,Buller Wines The Nook Grenache,0.01,0.09,1731460331105768.5,-0.0,-0.01,0.09,1187935819154319.5,-0.0,0.0
11ef9fa9e892e1409dc40acdfb026a8f,Taylor Made Chardonnay 750Ml,0.0,0.09,557188385384728.1,-0.0,-0.0,0.08,355668433466886.94,0.0,0.01
11ef9fa9e8ed6192a9130acdfb026a8f,Billsons Vodka & Violet Viper 355Ml,0.01,0.02,78170859824990.7,-0.0,-0.0,0.01,560892170379681.1,0.01,0.01
11ef9fa9e888fde2a0050acdfb026a8f,Warburn Est Premium Reserve Chardonnay 750Ml,0.0,0.09,1316528443173201.2,-0.0,-0.01,0.08,53886347992397.48,0.0,0.0
11ef9fa9e8ff6d06a8a70acdfb026a8f,Le Sirop De Monin Mango 700Ml,0.01,0.09,1789215731227525.8,-0.0,-0.01,0.08,351237144031724.9,0.02,0.02
11ef9fa9e849f2faa6f80acdfb026a8f,Benson Hedges Subtle 25S,0.01,0.06,3624884200088193.0,0.02,0.04,0.06,5788601477944473.0,0.03,0.06
11ef9fa9e8571ad4803b0acdfb026a8f,Yellowglen Yellow 200Ml Sgl,0.01,0.02,1232955113850512.0,0.01,0.01,0.02,3258213830496974.0,0.03,0.05
11ef9fa9e8f7a49a89ec0acdfb026a8f,Pepperjack Dish Cabernet Sauvignon 750Ml,0.02,0.09,2268268662283017.0,-0.01,-0.02,0.08,479051909597100.5,0.02,0.03
11ef9fa9e8937ff6ba830acdfb026a8f,Four Pillars Olive Leaf Gin 700Ml,0.0,0.08,181530347660119.8,0.0,0.01,0.08,342457857258651.7,0.01,0.02
11efd48ba1b985d29550029c05a67259,Zombie Chews Watermelon 28G,0.0,0.01,895158637976390.0,-0.0,-0.01,0.01,619237911546600.2,-0.0,-0.0
11efd24ed8c576babb9a02e9515990f9,Singha Beer Keg 30L,0.09,1.54,7524083235024050.0,0.07,0.16,1.52,5495276898987092.0,0.09,0.27
11ef9fa9e8936b1aab790acdfb026a8f,Matua Valley Marlborough Sauvignon Blanc 750Ml,0.04,0.12,7073723863217947.0,-0.03,-0.07,0.09,5402550314869338.0,-0.02,-0.0
11ef9fa9e888cf2ab88c0acdfb026a8f,Kim Crawford Rose 750Ml,0.0,0.25,800195779747672.9,0.01,0.02,0.25,439229444598463.94,-0.01,0.04
11ef9fa9e8e2cbd8ae920acdfb026a8f,Monkey Shoulder Whisky 1L,0.02,0.25,2987728363160111.5,0.02,0.04,0.25,5357866357022269.0,0.01,0.05
11ef9fa9e84a2716b3000acdfb026a8f,Coca Cola Diet Coke Btl 1.25L,0.01,0.1,3343137610703201.5,-0.01,-0.03,0.09,1169756216058721.5,-0.01,-0.0
11efd48c1de8dfcc9bdb029c05a67259,Extra Rasberry & Lime Chewy 27G,0.01,0.06,838483697071606.8,0.01,0.01,0.06,2142997255417046.5,0.01,0.02
11ef9fa9e8a731e081e60acdfb026a8f,Grant Burge Hillcot Merlot 750Ml,0.01,0.08,664718075367910.0,0.0,0.01,0.08,1206369132327321.2,0.0,0.02
11efb1acabb1010c814902d8a60509dd,Little Sammy Chardonnay 750Ml,0.05,0.12,7132072638726423.0,0.03,0.07,0.1,1.1182281862521574e+16,0.07,0.13
11ef9fa9e874d72cbf3d0acdfb026a8f,Headline Acts Rose Bt,0.0,0.09,1016350972351213.6,-0.0,-0.0,0.08,251389986316195.94,0.01,0.02
11ef9fa9e8d944aa86e60acdfb026a8f,Captain Morgan 6% Cola Cn 330Ml 30Pk,0.0,0.07,955471571005844.9,-0.0,-0.0,0.07,292793609849721.6,0.01,0.01
11efd6cae77fbb0e951106057c9c285d,Untied Saigon Dry 3.5% Can 355ml,0.22,0.61,7.808554975699677e+16,0.33,0.69,0.66,1.3439210307772523e+17,0.58,1.25
11ef9fa9e8a7204cb8470acdfb026a8f,Elephant In The Room Shiraz 750Ml,0.02,0.08,2586476720955978.5,0.01,0.02,0.09,6532344297002582.0,0.03,0.05
11ef9fa9e8930382958e0acdfb026a8f,La Boheme Act 3 Pinot Gris 750Ml,0.0,0.08,222063888245433.94,0.0,0.0,0.08,357662780842558.56,0.0,0.0
11ef9fa9e8ed446ebf2a0acdfb026a8f,Somersby Super Crisp Apple Can 375Ml,0.1,0.21,8632775064976047.0,-0.04,-0.08,0.17,1.6751439019382676e+16,0.03,0.1
11ef9fa9e8e2c89a94710acdfb026a8f,Barossa Ziegler The Brickyard Shiraz,0.01,0.04,2344641633451079.5,0.01,0.02,0.04,5600196182251750.0,0.01,0.04
11ef9fa9e856a7669e030acdfb026a8f,Nobbys Beef Hot  Jerky 25G,0.03,0.1,3554810864300360.0,-0.02,-0.04,0.08,4613859238224521.0,0.0,0.02
11ef9fa9e84a19928d4d0acdfb026a8f,Carlton Cold Midstrength 3.5% Can 375Ml 30Pk,0.06,0.1,1.3540360132009642e+16,0.06,0.12,0.13,3.779779511639002e+16,0.16,0.25
11ef9fa9e87f297a877d0acdfb026a8f,Five Judges Shiraz Cask 2L,0.01,0.25,420022147647618.2,0.01,0.02,0.25,3071637313113970.5,-0.0,0.03
11ef9fa9e87576beae370acdfb026a8f,Passion Pop Peach 750mL,0.08,1.08,1.2149240232056636e+16,0.08,0.16,1.1,2.8848100780202564e+16,0.01,0.16
11ef9fa9e89d5b5c99fe0acdfb026a8f,Manly Spirits Lilly Pilly Pink Gin 700Ml 6Pk,0.0,0.09,467266316566900.1,0.0,0.0,0.08,182410101600813.56,0.01,0.01
11ef9fa9e892e88e8c860acdfb026a8f,Swan Bay Sauvignon Blanc 750Ml,0.02,0.04,5588946809576098.0,0.02,0.05,0.04,8867809123770667.0,0.04,0.08
11efda2d0b6a82aa9b0a02861e0dbd43,Casamigos Tequila Shot,0.08,1.16,3.3465692793132876e+16,-0.11,-0.24,1.04,9818167037482308.0,0.07,0.17
11ef9fa9e8ecea78aab90acdfb026a8f,Ninki Ichi Rice Magic Sparkling Red 720Ml,0.01,0.08,181885190686318.28,0.0,0.01,0.08,678430209776884.1,0.01,0.02
11efb6d9eee2944ab18c02fdb925ef7b,Hi Chew Stick Strawberry 57G,0.02,0.09,2215080533430033.5,-0.01,-0.02,0.09,2265247081457652.5,-0.01,0.0
11ef9fa9e87f664c9e990acdfb026a8f,Brown Brothers Moscato 200Ml,0.01,0.04,1081118398262624.6,0.01,0.01,0.04,3554288278511510.0,0.01,0.02
11efd47ed3c0a3e2b8bb06057c9c285d,Cheetos Cheddar Jalapeno 80g,0.03,0.09,1757522731697014.8,-0.0,-0.01,0.08,3909900910304051.5,0.06,0.09
11ef9fa9e849efe49ae00acdfb026a8f,Bearded Lady Bourbon 40% 700Ml,0.01,0.25,564212684589590.6,0.02,0.04,0.25,2499590956157131.0,-0.03,0.01
11ef9fa9e87f5b5c93f50acdfb026a8f,Wolf Blass Grey Label Shiraz 750Ml,0.03,0.5,5365777565658941.0,0.04,0.07,0.5,1.072539183642981e+16,-0.02,0.04
11ef9fa9e8ceace8bbf10acdfb026a8f,Annies Lane Shiraz 750Ml,0.0,0.09,409180277447305.8,0.0,0.0,0.09,497989234062833.3,0.0,0.01
11ef9fa9e8896acabc3b0acdfb026a8f,Farm Hand Organic Chardonnay 750Ml,0.01,0.08,1071383882680531.2,0.01,0.01,0.09,2772825561645800.0,0.0,0.02
11ef9fa9e8ecfc34b7630acdfb026a8f,Taylors St Andrews Riesling 23 750Ml,0.0,0.09,578291826113252.6,0.0,0.0,0.08,674338360471211.0,0.0,0.0
11ef9fa9e87f42709e1a0acdfb026a8f,Stanley Fresh Dry White Cask 4L,0.01,0.13,1356500566904743.0,-0.0,-0.01,0.12,438536366219887.8,0.0,0.01
11ef9fa9e8d91eeeb79a0acdfb026a8f,Squealing Pig Shiraz 750Ml,0.02,0.17,1420180163827276.8,-0.0,-0.01,0.18,6760949986307195.0,0.01,0.01
11ef9fa9e87f437e9d100acdfb026a8f,Stanley Premium Tawny 2L,0.03,0.17,1236028647217080.5,0.01,0.01,0.17,8041263392131555.0,0.02,0.06
11ef9fa9e87533f2bdfe0acdfb026a8f,Jps Ryo 25G Abundant Gold Pouch 5Pk,0.01,0.1,2241279000333129.0,0.01,0.02,0.09,3778876506268200.0,0.02,0.04
11ef9fa9e8b0fffea1b40acdfb026a8f,St Agnes Vs 3 Star Min 50Ml,0.01,0.04,501513736644778.3,0.0,0.01,0.05,2875748882379867.0,0.01,0.02
11ef9fa9e84a52c2872a0acdfb026a8f,Glenfiddich Small Batch Reserve 18Yo Single Malt 7,0.01,0.17,1099830499211861.8,0.0,0.0,0.17,2033339360107613.0,-0.0,0.0
11ef9fa9e8b11502b35b0acdfb026a8f,Fever Tree Aromatic Tonic 200Ml,0.01,0.08,935499227482461.8,0.01,0.02,0.08,1378787630844445.2,0.02,0.03
11efa7188909c6aa8591060b7545a69d,Penfolds Bin311 Char17 Gb750ml,0.02,0.1,3360821794986120.0,-0.01,-0.02,0.08,430462884508978.2,0.01,0.04
11ef9fa9e8bb5526b9830acdfb026a8f,Scotchmans Hill Sauvignon Blanc,0.01,0.62,348344468652430.6,0.03,0.07,0.62,957470153336280.5,0.08,0.23
11ef9fa9e8618a96b85b0acdfb026a8f,James Squire 150 Lash Pale Ale 24Pk Cn,1.15,1.21,1.8264603402651235e+17,-0.93,-1.91,0.51,9.93159966163215e+16,0.14,0.37
11ef9fa9e8c52b0abd540acdfb026a8f,Grainshaker Grape & Soda 330Ml 24Pkt,0.0,0.08,45425032436808.13,0.0,0.01,0.08,198550044008579.75,0.01,0.02
11ef9fa9e8a74900a0080acdfb026a8f,Handpicked Pinot Noir Yarra Valley 750Ml,0.01,0.08,195594722665168.44,0.0,0.0,0.08,287167677823091.4,0.0,0.02
11ef9fa9e89d82daac280acdfb026a8f,Forty Spotted Gin Classic 700Ml,0.0,0.08,112678700147959.34,0.0,0.0,0.09,2050460856919987.0,0.0,0.01
11ef9fa9e8a75a1ca4ac0acdfb026a8f,Suntory Hibiki 21Yo Whisky 700Ml,0.0,0.09,580133857820993.1,-0.0,-0.0,0.08,108195161307908.88,0.0,0.0
11ef9fa9e8b0ed2a9cf70acdfb026a8f,Cantina Tequila 150Ml,0.01,0.04,284837971935618.4,-0.0,-0.0,0.04,1105745209208410.1,0.0,0.01
11ef9fa9e8ecfeaaa5090acdfb026a8f,James Squire Chef Blend Pale Ale Bottle 24Pk,1.79,2.49,4.839310977570604e+17,-2.34,-4.87,0.17,1.6175853969966966e+16,0.01,-0.01
11ef9fa9e86b36eaa5600acdfb026a8f,Dee Vine Estate Crisp Dry White 4L,0.01,0.13,1994088675036214.8,-0.0,-0.01,0.13,262022995891332.47,-0.03,-0.01
11ef9fa9e87f9770bc7d0acdfb026a8f,Taylors Estate Tempranillo 750Ml,0.02,0.25,373403568078813.06,0.01,0.01,0.26,5977799988227916.0,-0.01,0.02
11ef9fa9e87f2eb6b88e0acdfb026a8f,Mcwill Royal Reserve Semi Sweet Sherry 750Ml,0.0,0.08,136700610726545.05,0.0,0.01,0.08,797028856158560.8,0.03,0.05
11ef9fa9e8b141a8aa360acdfb026a8f,5 Seeds Low Sugar Bt 345Ml 24Pk,0.14,0.64,2.1414056701650864e+16,0.11,0.22,0.71,6.8818169394223816e+16,0.1,0.35
11ef9fa9e8ed3e5685a10acdfb026a8f,Great Northern Super Crisp Can 500Ml,0.61,0.69,1.194667599249634e+17,-0.66,-1.41,0.1,2.806089413195815e+16,-0.14,-0.16
11ef9fa9e86b79acbe4b0acdfb026a8f,Little Creatures Pacific Ale Can 375Ml,0.27,1.01,8.340912476552315e+16,-0.39,-0.79,0.71,1.9174654174496824e+16,-0.17,-0.07
11ef9fa9e8ed56de8bd80acdfb026a8f,Little Creature Little Hazy Cn,0.42,0.68,1.2049914726910803e+17,-0.55,-1.13,0.26,4.0600360329714584e+16,-0.14,-0.22
11ef9fa9e8f7bcd2b2fc0acdfb026a8f,Hakutsuru Nigori Yuzu Sake 720Ml Bt 6Pk,0.01,0.08,1783986561619175.0,0.01,0.02,0.07,3942400617290456.0,0.03,0.05
11ef9fa9e8b11174bca60acdfb026a8f,Coca Cola Zero Bt 1.25L,0.02,0.08,8322919529484072.0,-0.04,-0.08,0.05,5604590722450702.0,-0.01,-0.03
11ef9fa9e8c4b8969e6e0acdfb026a8f,Bushmill Malt 10Yo 700Ml,0.0,0.08,227799576345254.7,0.0,0.0,0.08,226367505944215.0,0.01,0.01
11efd92de51337a08ecd06b643e9a2f9,Byron Bay Premium Lager Can Block 30pk (Short Date),0.21,1.02,9.448542057727224e+16,-0.46,-1.1,0.54,933105464559715.9,-0.04,0.29
11ef9fa9e8f7e04aa3030acdfb026a8f,Phoenix Beer Can 500Ml,0.01,0.12,1600188789952407.8,0.01,0.03,0.12,3146691874296122.0,0.01,0.06
11ef9fa9e8c4d952b8c80acdfb026a8f,Angove Organic Shiraz,0.01,0.09,659390303562316.5,-0.0,-0.0,0.09,1443426793089751.2,0.0,0.01
11ef9fa9e8e2f1128e1b0acdfb026a8f,Guinness 440Ml Can (Passed Date),0.19,0.05,916663742231071.9,-0.22,-0.55,0.12,3.300045646201498e+16,0.55,0.69
11ef9fa9e8ceae0089b20acdfb026a8f,Evans & Tate Classic Shiraz 750Ml,0.01,0.09,878168070682669.9,-0.0,-0.01,0.08,240048097576187.22,-0.01,-0.01
11efddd9e8d4850a9f9706f74c878013,Lemsecco Blood Orange 750mL,0.15,0.31,1.3544805541515654e+16,-0.07,-0.14,0.22,999634150516282.8,0.15,0.34
11ef9fa9e8570fa8acac0acdfb026a8f,Woodstock & Cola 4.8% Can 375Ml 24Pk,0.07,0.57,1.4490607672530184e+16,-0.03,-0.06,0.5,6736151707715684.0,0.12,0.28
11efd92ca63279ac8cea06b643e9a2f9,James Squire Raspberry Sour Ginger Beer Can 24pk (Passed Date),0.31,0.52,9.116712774194626e+16,-0.49,-1.05,0.24,1.0876349384246722e+16,-0.25,-0.1
11ef9fa9e89d9dec931d0acdfb026a8f,Argento Classic Malbec 750Ml,0.01,0.08,344063487109416.4,0.0,0.0,0.09,2185429211850038.0,-0.0,0.01
11ef9fa9e8b1607082a20acdfb026a8f,Bundaberg Select Vat Rum & Cola Can 375Ml,0.0,0.02,60284031793815.1,0.0,0.0,0.02,151229972467825.5,0.0,0.01
11efd48d13450bf8a81206057c9c285d,Extra Intense Mint 27G,0.01,0.04,520986964345231.75,-0.0,-0.0,0.04,1132149012752235.0,-0.0,0.0
11ef9fa9e856f7f2956b0acdfb026a8f,Udl Zero Sugar Vodka Mixed Berry Can 375Ml 24Pk,0.02,0.13,750274137710581.2,0.0,0.0,0.14,6814405997646063.0,0.01,0.03
11ef9fa9e8bb63ea8e800acdfb026a8f,Voodoo Ranger Hazy IPA Can 375Ml 16Pk,0.04,0.1,7605792523677019.0,-0.04,-0.09,0.07,3387637591508844.0,0.04,0.11
11ef9fa9e888c49ebe3f0acdfb026a8f,Ta Ku Pinot Noir 750Ml,0.01,0.17,1343829440043031.0,0.0,0.01,0.17,378195331697339.44,0.01,0.03
11ef9fa9e8e33276a4c70acdfb026a8f,Brown Brothers Moscato White Chocolate & Raspberry Limited E,0.0,0.09,830618762070505.5,-0.0,-0.0,0.08,291768407963323.6,0.0,0.01
11ef9fa9e8c4924e84340acdfb026a8f,Jameson Wms Distill Safe 700Ml,0.0,0.08,151224997589895.0,0.0,0.01,0.09,1701038463856266.5,0.0,0.01
11ef9fa9e874e1b88cbf0acdfb026a8f,Sour Puss Watermelon 700Ml Bt,0.02,0.17,1196526485631212.5,-0.0,-0.01,0.17,2968966095807200.0,0.0,0.04
11ef9fa9e87f6138bbd30acdfb026a8f,A Little Kinky Red Label Pink Moscato 750Ml,0.33,0.33,62.5,0.37,0.84,0.33,62.5,0.44,0.89
11efde61a6fb44d89b4806f74c878013,Sprite Zero Sugar 2L,0.05,0.08,3342830177834239.5,-0.04,-0.11,0.06,6396409917585896.0,0.12,0.17
11ef9fa9e8ff6108ba1d0acdfb026a8f,Little Fat Lamb Lemonator 8% Can 375Ml 3x10pk,0.01,0.18,2045390917297329.0,-0.01,-0.01,0.18,3139033030135467.5,0.01,0.01
11ef9fa9e8ed38c0989e0acdfb026a8f,Mud House Claim 431 Pinot Noir,0.01,0.09,1238878715012797.0,-0.01,-0.01,0.08,2094785363194232.8,-0.01,0.0
11ef9fa9e8f7ab2aa6700acdfb026a8f,Doritos Xxl Tangy Salsa 150G,0.0,0.09,563116794788368.1,0.0,0.0,0.08,83335653457244.34,0.0,0.01
11efda32c2f553bea32402c7da368e29,Bright Brewery Gotcha Oat Cream 5.4% Can 355ml,0.0,0.09,408436656172350.3,0.0,0.0,0.08,1028767036888606.5,-0.0,-0.0
11ef9fa9e87f90409d940acdfb026a8f,Taylors Promised Land Cabernet Merlot 750Ml,0.02,0.17,1469705871112362.2,0.01,0.01,0.17,4792916637396741.0,0.02,0.04
11ef9fa9e8b14c66beab0acdfb026a8f,Pressman's Apple Cider 4.5% 330Ml,0.0,0.03,950753806082388.9,-0.0,-0.01,0.02,51098519572970.02,-0.01,-0.0
11ef9fa9e8756e1c9ec60acdfb026a8f,La Gioiosa Prosecco Veneto 750Ml 6Pk,0.0,0.08,130545308541469.62,0.0,0.01,0.08,610761521241116.6,0.01,0.01
11ef9fa9e8cf240289ed0acdfb026a8f,Hardys Vr Chardonnay 3L,0.03,0.12,3772959446750963.5,0.02,0.04,0.14,9381528632473344.0,0.04,0.08
11ef9fa9e87f94b49f4b0acdfb026a8f,Taylors Hotelier Shiraz 750Ml,0.01,0.08,1148768238241635.2,0.01,0.02,0.08,4991103383838471.0,0.01,0.03
11ef9fa9e8896a70b4ca0acdfb026a8f,Tempus Two Varietal Pinot Grigio 750mL,0.05,0.08,3178759715600620.5,0.0,0.0,0.07,1569716609354463.2,0.08,0.09
11ef9fa9e8e3238aa7830acdfb026a8f,Bond Street Classic Gold 30S,0.01,0.09,1510834121000404.5,-0.01,-0.01,0.1,5699871108926188.0,0.0,0.01
11efe2b12d762afc8ba2060e7128d8e5,Winfield 25G Red Ryo,0.01,0.1,642175890295261.0,0.0,0.0,0.1,271801237650666.56,0.02,0.03
11efdf5d3356d7029eb402861e0dbd43,Cascade Draught Can 375mL (Passed Date),1.81,2.81,5.686738606588355e+17,-2.74,-5.65,0.95,1.5059610491524816e+17,-1.17,-1.38
11ef9fa9e8f7b2d294d10acdfb026a8f,Capi Sparkling Mineral Water Bottle 250Ml,0.01,0.06,3518389879598381.5,-0.02,-0.04,0.05,1589710635836163.0,-0.01,-0.0
11ef9fa9e8f7c3a8a11e0acdfb026a8f,Stone & Wood Pacific Ale 49.5L Keg,0.02,0.49,1.253666481522509e+16,-0.12,-0.26,0.5,3784942171454723.5,-0.03,-0.11
11efd544b98054ac9011029c05a67259,Fever Tree Prem Lemonade Bottle 200ml,0.01,0.04,579948548173997.5,0.0,0.01,0.04,2329336713207951.0,0.02,0.03
11ef9fa9e8baf93ca3990acdfb026a8f,Mcwilliams Royal Cream Apera Sherry 1.5L 6Pk,0.01,0.09,1861980666371877.0,-0.0,-0.01,0.09,797976630872917.2,0.01,0.02
11ef9fa9e849fdfe82780acdfb026a8f,Brands Laira The Laira Shiraz,0.0,0.09,1207631042761397.8,-0.0,-0.01,0.09,765915544496554.6,-0.01,-0.0
11ef9fa9e86108a082120acdfb026a8f,Mcguigan Black Label Shiraz 750mL,0.14,0.12,8478106910142053.0,-0.06,-0.12,0.05,1.4916434068842738e+16,0.17,0.2
11ef9fa9e87f98ce896d0acdfb026a8f,Taylor Made Bdx 750Ml,0.01,0.09,1911561217484436.2,-0.01,-0.01,0.08,537144506992649.7,0.0,0.01
11ef9fa9e89da6cab0d40acdfb026a8f,Beresford Barrel Select Mclaren Vale Gren Shiraz,0.0,0.08,300271741415460.4,0.0,0.0,0.08,188136870334263.75,0.01,0.02
11ef9fa9e8bb4ce8a00e0acdfb026a8f,Glenlivet French Oak 15Yo,0.01,0.01,2815347120199111.5,-0.01,-0.02,0.0,1253335025519099.0,0.0,0.0
11efb1acab84d654af4306b1bc894a93,White Cloud Marlborough Sauvignon Blanc 750Ml,0.02,0.13,245258471673574.03,0.0,-0.0,0.12,2944568356987212.5,0.01,0.03
11ef9fa9e8c5283a98c50acdfb026a8f,Spring Rock Fruity White 4L,0.06,0.39,3189772149738395.0,-0.01,-0.02,0.38,1.32883964572511e+16,-0.01,0.11
11ef9fa9e87f85469fa50acdfb026a8f,Tempus Two Var Pinot Noir 750Ml,0.01,0.08,40781101923598.49,0.0,0.0,0.08,1288271255180871.0,0.0,0.02
11ef9fa9e8bb793e94150acdfb026a8f,J/Walker Blue Cny Rabbit 750Ml,0.01,0.09,1088368074161894.9,-0.0,-0.01,0.09,1643779219983365.5,0.0,0.01
11ef9fa9e8ed65c087c30acdfb026a8f,Metala Cabernet Sauvignon,0.01,0.08,2750992158891429.5,0.01,0.03,0.08,5479535135134331.0,0.02,0.06
11ef9fa9e8569744a6d90acdfb026a8f,Mcguigan Black Label Cabernet Sauvignon,0.03,0.26,2331350851318048.0,-0.0,-0.01,0.24,2864583642388781.0,0.01,0.03
11efe448403c5600b6f302fc11652ce3,4 Pines Pale Ale 5.1% 375ml Can,0.09,0.64,3.0586596386972756e+16,-0.13,-0.26,0.57,1.9015697445844364e+16,-0.12,-0.05
11ef9fa9e8bb5eccb1210acdfb026a8f,Club Armada Dark Rum 700Ml,0.03,0.09,691633685250251.1,-0.0,-0.0,0.08,5816228209765974.0,0.0,0.02
11ef9fa9e8894612b91c0acdfb026a8f,De Bortoli Deen Sauvignon Blanc 750Ml,0.01,0.27,3512289554389011.5,-0.01,-0.02,0.25,758467276385967.5,-0.02,0.01
11ef9fa9e875283a85d30acdfb026a8f,Benson Hedges 23S Gold,0.0,0.06,38652450017402.61,0.0,0.0,0.06,307312192069664.9,0.01,0.01
11ef9fa9e8f7667e85cd0acdfb026a8f,Little Creatures Pacific Ale 16Pk Can 375Ml (Short Date),0.09,0.6,1.958780926991607e+16,-0.07,-0.14,0.53,7808818273142047.0,0.12,0.14
11efe28541d855649fc802140e61257f,Cascade Pale Ale Can 375mL (Passed Date),1.81,0.61,513743966555198.56,-0.18,-0.34,0.57,1.0187099095511592e+17,0.99,2.03
11ef9fa9e8f76732b4120acdfb026a8f,Tooheys Extra Dry Bottle 696Ml 12Pk,0.06,0.15,2.4085146958567936e+16,-0.11,-0.24,0.09,3644235901971161.0,-0.05,-0.1
11ef9fa9e84a5380b8b70acdfb026a8f,Glen Grant 10Yo,0.01,0.08,1623907262890376.5,0.01,0.02,0.08,4047257595571956.0,0.01,0.03
11efe289365b5c8ca35b02140e61257f,Victoria Bitter Xtra VX Bottle 375mL (Passed Date),1.02,2.3,3.920434876577144e+17,-1.86,-3.84,1.24,1.3210313405403218e+17,-0.71,-1.36
11ef9fa9e861ae54b9380acdfb026a8f,Jameson Caskmates Stout  700Ml,0.0,0.08,84976284945668.03,0.0,0.01,0.09,1957071815988056.2,0.0,0.01
11ef9fa9e8f7e61ca71b0acdfb026a8f,Titos Handmade Vodka 700Ml,0.01,0.5,428570024164347.06,0.02,0.05,0.5,47753486808392.39,0.1,0.26
11efdf9a9c0f7e56ba0b02140e61257f,James Squire 150 Lashes Pale Ale Can 355mL 24pk (Short Date),6.76,9.48,405.33,21.24,47.97,10.0,144.84,22.33,45.71
11ef9fa9e89d39a69d9c0acdfb026a8f,Mount Langi Ghiran Billi Billi Shiraz 750Ml,0.01,0.51,1430733342849266.0,0.01,0.01,0.51,2288858278349536.0,-0.03,-0.01
11efe28843f5095c9ff0060e7128d8e5,Cruiser Double Lemon Lime 375mL Can (Passed Date),1.79,24.91,29886.91,-5.95,-13.36,2.92,3500.0,2.75,4.5
11ef9fa9e861832a8ffd0acdfb026a8f,Cougar & Cola Cn 30Pk,0.2,0.05,9070532888662748.0,0.02,0.05,0.2,6.477279923791404e+16,0.28,0.54
11efdebe5df4d698a4b00679e54f22ff,Remedy Sodaly Yuzu Pineapple No Sugar 250mL Can 24pk,0.05,0.52,5070175502370496.0,-0.01,-0.02,0.48,1167450385522571.0,-0.0,0.06
11ef9fa9e8a74cb689250acdfb026a8f,Roku Gin 43% 1L 6Pk,0.0,0.08,992050968077755.2,0.01,0.02,0.08,1895717647614039.0,0.01,0.02
11efd92e173f3e0ebb8806b643e9a2f9,Stone & Wood Green Coast Lager Btl 330Ml 24Pk (Short Date),0.06,0.17,2.9687771043458156e+16,-0.16,-0.35,0.04,2716492516925619.5,-0.01,0.03
11ef9fa9e874cdcc91110acdfb026a8f,Truly Watermelon & Kiwi Hard Seltzer Can 330Ml,0.0,0.03,1475260445118464.2,-0.01,-0.01,0.02,214394759897984.53,-0.0,0.01
11ef9fa9e8d8eee282680acdfb026a8f,Exs Ohs Cab Sauv 750Ml,0.01,0.09,2095041952212963.2,-0.01,-0.01,0.09,1540142556075454.2,0.0,-0.0
11ef9fa9e8c53406bd050acdfb026a8f,Victoria Bitter Bt (Passed Date),0.58,2.89,2.997401818420231e+17,-1.74,-3.75,2.95,1.8400447185355056e+17,-0.44,-1.52
11ef9fa9e8f7922095b10acdfb026a8f,Little Creatures Hazy Ipa Can 375Ml 16Pk (Short Date),0.17,0.72,3.463436725628389e+16,-0.15,-0.35,0.54,1.1510526405347332e+16,-0.23,-0.04
11ef9fa9e8c52d1c94170acdfb026a8f,Carlton Draught Btl 375Ml (Passed Date),6.0,37.48,1339.88,-1.23,-2.66,8.0,306.25,2.67,17.33
11ef9fa9e8d89294be810acdfb026a8f,Twisties Chicken 90G,1.75,5.88,342.1,0.26,0.62,1.0,66.67,1.67,4.33
11efda3280a6577eb08606a37326aea3,Bright Brewery Gator Juice 4% 355ml Can 24pk,0.0,0.04,715968106549466.9,-0.0,-0.0,0.04,476837410051960.44,-0.0,-0.0
11ef9fa9e89da0f88aed0acdfb026a8f,Banrock Station Cabernet Merlot 1L,0.01,0.17,626095791057813.1,0.01,0.02,0.17,3479496379089347.0,-0.01,0.02
11efe5056bb1a9da8eac06ae372db441,Haywards 5000 Premium Beer 500ml Can,6.56,9.19,3815.98,-9.95,-20.16,2.99,1154.19,-0.87,-0.24
11efdebe24d966ee960a067667bef60b,Remedy Sodaly Yuzu Lemon No Sugar 250mL Can 24pk,0.15,0.57,1.4224749288037082e+16,-0.08,-0.17,0.54,3.5902096076839256e+16,-0.0,0.04
11ef9fa9e8d938de9faf0acdfb026a8f,Evan & Tate Wild Cape Caberbet Savignon 750Ml Bt,0.0,0.09,1396834675951464.8,-0.0,-0.0,0.08,567141017075716.5,-0.0,0.01
11ef9fa9e8f77a7ea5280acdfb026a8f,Dee Vine Estate Shiraz 750Ml,0.0,0.04,659751933161064.5,-0.0,-0.0,0.04,456994042889235.4,-0.0,0.0
11ef9fa9e888ebaeb7470acdfb026a8f,Yarra Burn Prosecco Rose 750Ml,0.01,0.09,506816468662804.2,-0.0,-0.0,0.08,625257853344499.8,0.01,0.02
11efe85e3c1001a2907c026b2a958dbb,Johnnie Walker Black Shot,0.02,0.53,7492995700071864.0,-0.02,-0.04,0.52,3507654489868290.0,-0.03,-0.01
11ef9fa9e8cf01acba140acdfb026a8f,Pete's Pure Pinot Grigio 750Ml,0.0,0.04,1592604603775.2,0.0,0.01,0.04,721987061463108.6,0.02,0.03
11ef9fa9e8935ad0baf60acdfb026a8f,Nepenthe Alt Sauvignon Blanc 750Ml,0.0,0.09,1391910558430713.8,-0.0,-0.01,0.09,123858903442960.94,-0.0,0.01
11efe8e78a6e25a281f1026aeb0f2735,Kingfisher Extra Strong Premium Beer Can 500Ml,10.83,3.49,1204.7,-6.54,-13.25,8.5,2821.1,0.9,4.38
11ef9fa9e8e301a2a7aa0acdfb026a8f,Killer Sprocket My Way Ipa Can 375Ml,0.0,0.02,429613661872615.3,-0.0,-0.0,0.02,107817817000006.39,-0.0,0.01
11efc63c7f7c96f6bdf402636efe5b8f,Hahn Super Dry 4.6% Can 375ML 10pk*3,0.18,2.66,1.6557212333856312e+16,0.16,0.32,2.58,4.6642108997846376e+16,-0.01,0.24
11ef9fa9e8a7630e995f0acdfb026a8f,Haselgrove 1Stcut Shiraz 750Ml,0.01,0.04,404570286406116.75,-0.0,-0.0,0.04,843741023342388.4,-0.0,0.01
11ef9fa9e856c39ab7120acdfb026a8f,Riccadonna Ruby Spumante 750Ml,0.01,0.17,1325387032693599.8,0.0,0.0,0.17,358024499698926.44,-0.0,0.04
11ef9fa9e8a7170a80e30acdfb026a8f,De Bortoli Windy Peak Cabernet Sauvignon 750Ml,0.0,0.04,189000892564212.34,0.0,0.0,0.04,211375196262732.56,0.0,0.01
11ef9fa9e8756f3e8e360acdfb026a8f,Maschio Treviso Prosecco 750Ml,0.01,0.1,2665612398314423.5,-0.01,-0.01,0.09,26336660387926.87,-0.01,-0.0
11ef9fa9e8ed235890d30acdfb026a8f,Batched Whiskey Sr Dp 230Ml,0.01,0.17,1193912582260337.8,0.01,0.01,0.17,1536837368997794.0,0.03,0.08
11ef9fa9e874fde2acf50acdfb026a8f,Jacobs Creek Market Hall Shiraz 750Ml 6Pk,0.1,0.36,215.88,0.06,0.13,0.11,66.67,-0.0,-0.0
11ef9fa9e84a3bac9a340acdfb026a8f,Dom Benedictine 700Ml Bottle,0.01,0.08,902284900714870.5,0.01,0.02,0.09,3517187365888727.5,0.01,0.03
11ef9fa9e8568d30b7490acdfb026a8f,Little Fat Lamb Berry 8% 375Ml Can 30pk,0.04,0.33,861002082383540.4,0.01,0.02,0.33,5687862987330938.0,0.01,0.1
11ef9fa9e8cec5d484ff0acdfb026a8f,Jacobs Creek Sparkling Rose' 750Ml,0.01,0.17,508037913559434.0,0.0,0.0,0.16,1277164479880054.0,-0.0,0.02
11ef9fa9e8ce91f4af450acdfb026a8f,Half Mile Creek Chard 750Ml,0.0,0.04,506388945050729.9,-0.0,-0.0,0.04,59185939327906.34,-0.0,-0.0
11ef9fa9e86b8686bbad0acdfb026a8f,Melbourne Gin 700Ml,0.01,0.08,810907128828845.8,0.01,0.01,0.08,1742530964472756.5,0.01,0.02
11ef9fa9e8891fac899b0acdfb026a8f,Nobby's Beef Jerky Teriyaki 25G,0.03,0.1,3484891171798262.0,-0.02,-0.03,0.07,1521552275279329.2,-0.02,0.0
11efd205f7b88c54938b02e9515990f9,WYNNS Black Label Cabernet Sauvignon 2021,0.01,0.08,1148741827038103.2,0.01,0.01,0.08,1303446841779427.8,0.01,0.04
11efe8f187f33042aa60026b2a958dbb,Nobbys Pork Crackle Flamin Hot 50G,0.04,0.05,893950073977990.0,-0.0,-0.01,0.05,9551907370225476.0,0.02,0.06
11ef9fa9e8a6fd88b9520acdfb026a8f,Beresford Mclaren Vale Cabernet Sauvignon 750Ml,0.01,0.17,661127631630777.9,0.01,0.02,0.16,1228268134134736.8,0.0,0.01
11efc40fc01da0eeb7c006ef2f116399,Aguardiente Sugar Free Cristal 750ml Bottle,0.01,0.04,582209082839754.6,-0.0,-0.01,0.04,2550977931242745.0,0.0,0.01
11efea558fa63eaa8359063feb3ef169,Fever Tree Light Mediterranean Tonic Water 500ML,0.04,0.08,4263196864790171.0,-0.02,-0.05,0.05,4686413193777296.0,0.03,0.04
11efe9e4639c9208b08802578affd6c1,Mountain Goat Ultra Low Carb Can 375Ml,0.67,0.69,6.95963489409533e+16,0.25,0.52,1.3,1.7703723338945885e+17,1.25,2.23
11efd305f04035a28c1702a1b829d24b,Hop Nation Footscray Draft 4.2% can 355ml 24pk,0.01,0.08,200379931635781.75,0.0,0.0,0.09,3470195049038427.0,0.01,0.03
11ef9fa9e8bb059e80650acdfb026a8f,Little Creatures White Rabbit Dark Ale Bt 330Ml 24Pk,0.09,0.26,2.9194048073063064e+16,-0.11,-0.24,0.14,1.1523382656406558e+16,-0.06,-0.1
11ef9fa9e87f87d092080acdfb026a8f,Taylors St Andrews Shiraz 750Ml,0.0,0.09,1641434369068040.5,-0.0,-0.01,0.08,223127503143951.2,-0.01,-0.0
11ef9fa9e8c4cef88ed50acdfb026a8f,Rare Penny Chardonnay 750ml,0.08,1.0,9256613547728698.0,0.07,0.15,1.07,4.657547777112593e+16,0.03,0.17
11ef9fa9e8750ff8aace0acdfb026a8f,Billsons Tropical Punch Cn,0.01,0.03,1330900722095047.5,-0.01,-0.01,0.02,941044902176285.5,-0.0,0.0
11ef9fa9e8f751d4aece0acdfb026a8f,Muhak Good Day Passionfruit 360Ml,0.06,0.17,6331675646659755.0,0.02,0.04,0.19,1.6370897294680768e+16,0.05,0.15
11ef9fa9e85715b6a6fb0acdfb026a8f,Yellow Tail Cabernet Merlot,0.01,0.04,444222257451410.6,-0.0,-0.01,0.04,1745278240518716.8,0.01,0.02
11efb1acabaf94169b2402d8a60509dd,Little Sammy Durif 750Ml,0.01,0.04,800952667495848.5,0.0,0.01,0.05,4002709514806605.5,0.0,0.02
11ef9fa9e874f766807a0acdfb026a8f,Peter Lehmann Mentor Cab 750Ml,0.01,0.09,649730022804543.1,-0.0,-0.0,0.08,1225704883993967.8,0.0,0.01
11ef9fa9e8bb58a0b7c50acdfb026a8f,Bright Brewery Cucumber & Basil Sour Can,0.01,0.02,850047894349902.6,0.01,0.01,0.02,1474528966115432.8,0.02,0.03
11ef9fa9e8cf0c38b9e40acdfb026a8f,Villa Maria Private Bin Pinot Gris 750Ml,0.01,0.34,1727353634446119.2,0.01,0.02,0.34,583907543617507.2,-0.01,0.03
11ef9fa9e8ecc5669c690acdfb026a8f,5 Square Mile Bourbon 700Ml,0.01,0.1,3892192488683693.0,-0.01,-0.02,0.09,693650118903625.6,0.01,0.08
11ef9fa9e888cc6487950acdfb026a8f,Handpicked Rose 750Ml,0.0,0.09,738076130826033.2,-0.0,-0.0,0.08,207079689497193.22,0.01,0.01
11ef9fa9e89d1ca0ab130acdfb026a8f,Penfolds Rawsons Retreat Cabernet Shiraz 750Ml,0.01,0.1,3969695189955485.0,-0.01,-0.03,0.09,1277235648306616.5,-0.0,0.0
11efea94acdb04da8a9f026aeb0f2735,Little Creatures Little Hazy Lager Can 375mL 16pk (Passed Date),0.08,0.49,6226821936162573.0,0.12,0.28,0.51,1617652564510962.8,0.12,0.38
11ef9fa9e861b868a91f0acdfb026a8f,Coopers Original Pale Ale Can 440Ml,0.94,1.54,3.090454445020435e+17,-1.48,-3.05,0.47,2.2537120826097336e+16,-0.93,-0.87
11ef9fa9e84a6dd4979d0acdfb026a8f,Iron Jack Crisp Black Australian Lager Bottle 330Ml,0.22,1.54,8578656040422550.0,-0.0,-0.01,1.58,6.73314623791847e+16,-0.01,0.23
11ef9fa9e8bb54cc860b0acdfb026a8f,Jacobs Creek Chardonnay Pinot 200Ml,0.01,0.06,272299805781420.06,-0.0,-0.0,0.06,2251750545519291.0,0.01,0.02
11ef9fa9e87f2cfeb8780acdfb026a8f,Mcwill Hanwood Classic Muscat 750Ml,0.02,0.14,2137219893776330.8,0.0,0.01,0.13,659792831399359.4,0.02,0.07
11ef9fa9e8d925e297730acdfb026a8f,Mcwilliams Hanwood Est 5Yo Tawny 750Ml,0.01,0.08,343092929379297.94,0.0,0.01,0.08,1379388034988737.0,0.01,0.02
11ef9fa9e875236ca55d0acdfb026a8f,Ned Whisky & Cola 6% 30Pk,0.01,0.17,279960553533422.06,0.01,0.02,0.17,1798946306682736.2,0.05,0.07
11ef9fa9e85684acbb700acdfb026a8f,Lindemans Bin 40 Merlot 750Ml,0.0,0.09,1577125190261378.8,-0.0,-0.01,0.08,880232307206741.6,-0.0,0.0
11ef9fa9e8a79fea86950acdfb026a8f,Suntory Yamazaki Malt Whisky 12Yo 700Ml 3Pk,0.01,0.19,4134744532051276.0,-0.01,-0.02,0.17,1621320095279197.8,-0.01,-0.0
11ef9fa9e8752894a98e0acdfb026a8f,Benson Hedges 25'S Classic Red,0.0,0.07,1533371245091285.2,-0.0,-0.01,0.06,889164037352185.0,0.0,0.01
11ef9fa9e8a7b9948ab00acdfb026a8f,De Kuyper Butterscotch Schnapps 700Ml,0.01,0.18,2105374248890997.0,-0.0,-0.01,0.17,152547730115781.47,-0.0,0.0
11ef9fa9e888f4c890ff0acdfb026a8f,Wyndham Est Bin 222 Chardonnay 750Ml,0.0,0.08,115099391751215.16,0.0,0.01,0.08,1028029797184626.0,-0.01,0.02
11ef9fa9e86b126e9f210acdfb026a8f,Master Of Mixes Strawberry 1L,0.0,0.08,65492561509657.12,0.0,0.0,0.08,386495509474357.94,0.0,0.01
11ef9fa9e8ed03828f4e0acdfb026a8f,Boags St George Btl 24Pk,0.21,1.39,4043488584862350.0,0.01,0.03,1.29,2.6026282688681496e+16,0.02,0.24
11ef9fa9e8eccdb8be4a0acdfb026a8f,Boags Xxx Ale Can,0.11,0.12,4619733216228495.0,0.0,0.01,0.17,4.537048052959504e+16,0.21,0.39
11efe806a4d2cbe69717026b2a958dbb,De Bortoli Prem Reserve Cab Sauv Cask 2L,0.02,0.25,1633839497371215.5,0.02,0.03,0.24,3626888218845156.0,0.0,0.05
11ef9fa9e86b4bc6a2580acdfb026a8f,Elephant In The Room Tempranillo,0.02,0.08,351117849082952.9,-0.0,-0.0,0.08,3156388105889703.0,-0.0,0.01
11efe806a4961a7083bb063feb3ef169,Guinness  Draught Stout Can 470ML,11.13,11.18,152.08,26.46,53.7,11.57,125.26,13.47,24.59
11ef9fa9e8a775c4a11d0acdfb026a8f,Jacobs Creek Double Barrel Grenache 750Ml,0.01,0.09,1650752351551406.8,-0.0,-0.01,0.09,1351160002819151.8,0.0,0.01
11efb02353beeba68ac40ae2611d356d,Ned & Vanilla Cola 200Ml,0.03,0.11,6584781922643339.0,-0.03,-0.06,0.08,809630777735183.2,-0.0,0.01
11ef9fa9e8e2e7e485c70acdfb026a8f,De Bortoli Chill Bill Spritzy Red 750Ml,0.01,0.17,854613528187696.6,0.0,0.0,0.16,665397042102234.6,-0.0,0.04
11ef9fa9e8890b4893560acdfb026a8f,Glenfiddich 23 Grand Cru 700Ml,0.0,0.17,425791892889336.75,0.0,0.01,0.17,375868700887169.3,0.01,0.03
11ef9fa9e8ff61bcbc030acdfb026a8f,Belena Prosecco 750Ml,0.01,0.09,1236139844050274.5,-0.0,-0.01,0.08,1348584947473882.5,0.01,0.01
11efed86cc2a03be9d0c06221a09faad,Cruiser Double Low Sugar Sour Grape 6.8% Can 375ml 24pk,1.94,0.62,164.83,0.08,0.17,4.42,1543.94,2.35,5.22
11ef9fa9e856ecbcb1bc0acdfb026a8f,Teachers Scotch 700Ml,0.01,0.17,429249997291510.25,0.01,0.01,0.17,2742797004791307.0,-0.0,0.02
11efc410126f180aa5f402636efe5b8f,Rum Viejo de Caldas Juan de la Cruz 5 years 700ml Bottle,0.02,0.05,1788059554716378.5,-0.01,-0.02,0.06,6855775739676491.0,0.0,0.03
11ef9fa9e8937a24bade0acdfb026a8f,Boat Rocker Original Gin 6Pk,0.01,0.09,612539148221918.2,0.0,0.01,0.08,712080305138171.9,0.01,0.02
11eff0236164103eb6a306e3bb536e7b,Birght Brewery - Inversion NEIPA Can 440ml,0.01,0.04,2211627046831245.0,-0.01,-0.02,0.03,398366068244851.1,-0.0,0.0
11ef9fa9e8cf282686300acdfb026a8f,De Bortoli Re Write Gsm 750Ml,0.01,0.08,107784906814444.17,0.0,0.0,0.09,2357986283091134.5,-0.0,0.02
11ef9fa9e8ecd0929eaf0acdfb026a8f,Hill Moscato 750Ml,0.0,0.13,280735816706917.88,0.0,0.01,0.13,560422273545282.8,0.01,0.03
11ef9fa9e8937c2ca8300acdfb026a8f,Bulleit Bourbon 45% 700Ml,0.0,0.04,199434594410534.28,0.0,0.0,0.04,804934304774914.0,0.0,0.0
11ef9fa9e8617826a11d0acdfb026a8f,Wild Boar Cola 12% 375mL 24Pk,0.07,0.08,4885284648341102.0,0.02,0.04,0.1,2.773745837235996e+16,0.09,0.18
11ef9fa9e8a73f6eb3aa0acdfb026a8f,Lotte Chum Churum Original Soju Bt 360Ml 20Pk,0.03,0.02,1188792067479550.5,0.0,0.01,0.02,8427393798387677.0,0.04,0.07
11ef9fa9e8ff65e0ac9d0acdfb026a8f,Hakushika Yamada Nishiki Dry Junmai Silk 750Ml,0.01,0.17,883773223094619.4,0.0,0.0,0.16,237770790857892.88,0.01,0.02
11ef9fa9e89335a0a6500acdfb026a8f,Hill Chardonnay 2024 750Ml,0.02,0.04,5308443257120311.0,0.02,0.04,0.03,8828681252385495.0,0.04,0.07
11ef9fa9e8755328802a0acdfb026a8f,Bollinger Special Cuvee 750Ml,0.01,0.09,2352649900415688.0,-0.01,-0.02,0.09,958339638455695.2,-0.01,-0.0
11ef9fa9e8894fd6b4630acdfb026a8f,Robert Oatley Sign Yv P/Noir 750Ml,0.03,0.25,2534625819456823.0,0.02,0.04,0.25,7690809995861553.0,0.03,0.06
11eff02cecb314e29a6106e3bb536e7b,Hill Pinot Gris Bottle 750ml 2024,0.08,0.25,3740851247733958.0,0.02,0.04,0.26,2.1436764468441028e+16,0.05,0.18
11ef9fa9e8930a1cb96f0acdfb026a8f,Jack Daniel Bonded 50% 700Ml 6Pk,0.01,0.08,16781699232087.19,0.0,0.01,0.09,4147836059107636.0,0.01,0.02
11efea97b66ef274ad80026aeb0f2735,Stone & Wood Stone Beer Wood Fired Can 375Ml 16pk (Passed Date),0.05,0.33,1.4647888173540112e+16,-0.04,-0.1,0.25,6889365959734427.0,0.01,0.16
11ef9fa9e8a707babad30acdfb026a8f,Brown Brothers Winemakers Shiraz 750Ml,0.0,0.09,396403605487685.0,0.0,0.0,0.09,1699810444681702.2,0.0,0.01
11ef9fa9e8d92d8094a80acdfb026a8f,Totino Estate Classic Range Sangiovese 750Ml,0.01,0.09,1004815707754149.6,-0.0,-0.0,0.09,1607168470035149.8,0.01,0.01
11ef9fa9e8934c52af010acdfb026a8f,Rothmans 25S Red 8Pk,0.01,0.2,2661448924543315.0,-0.01,-0.01,0.19,1430761158107043.0,-0.01,0.0
11ef9fa9e8a7b54887630acdfb026a8f,Villagar Brandy 700Ml 12Pk,0.0,0.04,196411387267752.66,-0.0,-0.0,0.04,32000997148769.84,0.0,0.0
11ef9fa9e8b12fba99d00acdfb026a8f,Plus & Minus 0% Prosecco 750Ml,0.01,0.08,29078902242815.58,0.0,0.0,0.09,1784349311833869.2,-0.0,0.02
11ef9fa9e8c4cb24843e0acdfb026a8f,Rosemount Diamond Label Shiraz 750Ml,0.01,0.08,63113872732617.86,0.0,0.0,0.08,1205437220680380.0,0.0,0.02
11eff2683f545cdcb7b6026bd470e2bb,Winfield Ryo 30G Sun Gold,0.02,0.11,1880686805925087.5,-0.01,-0.02,0.11,3586279553476194.0,-0.0,0.02
11ef9fa9e8a714dabfcb0acdfb026a8f,De Bortoli Estate The Vineyard Pinot Noir 750Ml,0.03,0.75,9403792478533500.0,0.1,0.21,0.76,1.078678484799922e+16,0.18,0.36
11efb38c48757f50b6c50205d53ad2d7,Meditrina Adelaide Hills Sauvignon Blanc 750ml Bottle,0.01,0.09,1964246289335462.0,-0.01,-0.01,0.09,875419431011644.6,-0.01,-0.01
11efef2bf794c98e8bcf06221a09faad,Cascade Draught Bottle 375mL 24pk (Short Date),0.8,1.04,1.442711315102211e+17,-0.77,-1.6,0.36,6.589682299520118e+16,0.26,0.42
11efea97a26d5856965206db05d84e23,James Squire Chef Blend Pale Ale Btl 330Ml 24Pk (Short Date),0.76,2.45,4.140725024048931e+17,-1.92,-4.07,1.55,2.4073751962709955e+17,1.08,0.1
11ef9fa9e8c4a5ae9d520acdfb026a8f,Alpine Rich 25S,0.0,0.07,672592158958675.1,0.0,0.0,0.06,493021385217455.7,-0.0,0.02
11ef9fa9e8f7ba668aff0acdfb026a8f,Hidden Story Shiraz 750Ml,0.05,0.18,215.88,0.03,0.06,0.06,66.67,-0.0,-0.0
11ef9fa9e8752ac49c990acdfb026a8f,Boags Draught Btl 750Ml,0.3,0.05,1216827722220016.0,-0.02,-0.04,0.2,4.595745383718971e+16,0.32,0.63
11eff2674a581ae89e39026bd470e2bb,Winfield 30G Ryo Classice Blue,0.08,0.2,3530832252034822.5,0.01,0.02,0.25,2.6732985057489804e+16,0.08,0.19
11ef9fa9e8d93e6aa8220acdfb026a8f,Woodstock & Cola 10% 200Ml Can 24PK,1.99,3.25,7.047261197036179e+17,-3.37,-6.96,1.32,2.8312648770550496e+17,-0.99,-2.39
11ef9fa9e861b4da84920acdfb026a8f,Mcguigan Black Label Chardonnay Bottle Bt,0.01,0.08,123215485173764.03,0.0,0.0,0.08,1096445570991768.8,0.0,0.01
11ef9fa9e8ed5e5e94ca0acdfb026a8f,Hard Rated Lemon 4.5% 375ml Can 24Pk,4.42,4.64,9.054997349047374e+17,-5.22,-10.67,0.69,1.1115038973081237e+17,-0.02,0.17
11ef9fa9e89cf25c86670acdfb026a8f,Hendricks Gin Midsummer Gin 700Ml 6Pk,0.01,0.08,338083757388447.8,0.0,0.01,0.08,1015982622908524.0,0.01,0.04
11ef9fa9e8f7ecac899c0acdfb026a8f,Papa Salt Coastal Gin 700Ml,0.0,0.08,195222248022816.28,0.0,0.0,0.08,312844130480413.8,0.01,0.02
11ef9fa9e8ff69a0a12f0acdfb026a8f,St Remy Brandy Xo 700Ml,0.01,0.08,1446053651651541.2,0.01,0.02,0.09,3732120667380450.0,0.01,0.03
11ef9fa9e87efaa4ae900acdfb026a8f,Tempus Two Varietal Prosecco 750mL,0.03,0.7,6384715027815673.0,-0.01,-0.02,0.67,4541636610258268.0,-0.06,-0.04
11ef9fa9e8571052895b0acdfb026a8f,Woodstock Bourbon 700Ml,0.01,0.04,514549950202620.0,-0.0,-0.0,0.04,31501556296400.54,0.01,0.01
11eff0149991b89e85ed06e3bb536e7b,Great Northern Original Can 3x8pk (Short Date),1.44,2.81,5.724792357396667e+17,-2.85,-5.92,1.44,2.734126105078867e+17,-1.22,-1.94
11eff013a6f30ea8910f06221a09faad,Hard Rated Lemon Can 24pk (Passed Date),13.17,25.22,517.11,-26.71,-58.55,18.75,364.64,-5.17,-10.33
11ef9fa9e8e2f7fc8bb60acdfb026a8f,Ice Beer Can 24 (Rp),0.04,0.25,6703862866834665.0,0.05,0.1,0.23,7965563847923638.0,0.09,0.15
11ef9fa9e8e336feb5f60acdfb026a8f,Clearance $6.00,0.22,2.99,2.686331035354865e+16,0.27,0.59,2.73,4.392710262925154e+16,0.28,0.58
11ef9fa9e88900448d290acdfb026a8f,Coldstream Hills Yarra Valley Chardonnay 750ml,0.01,0.09,546814811041107.44,-0.0,-0.0,0.09,586293841049347.0,0.01,0.02
11eff295cbf54bd89e3c026bd470e2bb,Smirnoff Ice Double Black Tropical 6.5% Can 375Ml 3x10Pk,1.07,1.91,114.87,0.02,0.04,1.03,60.5,1.16,3.07
11eff295cb6f4984b548026bd470e2bb,Bundaberg Campfire Rum & Cola 8% Can 375ml 24Pk,2.14,2.06,2305.56,-2.38,-4.82,1.69,2721.33,0.22,1.97
11ef9fa9e8ceaad6826d0acdfb026a8f,Mojo Shiraz 750Ml,0.06,0.25,1.8644705563780344e+16,-0.07,-0.15,0.17,2286622144058424.0,0.01,0.04
11eff024483066169b1906221a09faad,Hop Nation - Full Circle West Coast Pilsner Can 355ml,0.02,0.13,940065253650323.6,0.0,0.0,0.13,2674037311348970.0,0.0,0.05
11eff5a4b8fdd9cab56e02c626c9b939,Great Northern Pint,1.32,2.69,3.6658917378438995e+17,-1.78,-3.7,1.66,1.037838316791294e+17,-0.58,-0.78
11ef9fa9e889661aadd70acdfb026a8f,Hill Sauvignon Blanc 750Ml,0.03,0.21,3594523942604685.0,0.02,0.05,0.2,7422470754710858.0,0.04,0.08
11ef9fa9e8f7957c9a3f0acdfb026a8f,Mandrarossa Nero D'avola 750Ml,0.01,0.08,758394407565806.5,0.01,0.01,0.08,2760771306139543.0,0.01,0.02
11ef9fa9e8a7329499270acdfb026a8f,Grant Burge Shadrach Cabernet Sauvignon 750Ml,0.0,0.04,437670692350145.0,-0.0,-0.0,0.04,279299137102023.25,0.0,0.01
11eff53887b8c3b484c506263d59535b,Dal Zotto Pinot Grigio 750ml,0.02,0.19,6160975933175003.0,-0.02,-0.05,0.16,814441303342136.6,0.02,0.02
11ef9fa9e86b5b5c82d30acdfb026a8f,Billson's Creamy Soda & Vodka 355Ml Can,0.01,0.09,429885873939888.9,-0.0,0.0,0.08,310723368654176.94,0.01,0.03
11ef9fa9e8d892f895260acdfb026a8f,Twisties Chicken 90G,0.01,0.02,66464955616530.42,-0.0,-0.0,0.02,2470200061166217.5,0.0,0.01
11eff269667d8a2698bd026bd470e2bb,Svoboda Vodka 1.25L,0.0,0.17,991683920555139.6,0.0,0.0,0.17,124416116100794.78,-0.0,0.01
11ef9fa9e8a7a92291760acdfb026a8f,Balalaika Vodka 700Ml,0.01,0.05,2257791027414927.0,-0.01,-0.02,0.04,650893538755236.6,-0.0,-0.0
11ef9fa9e8b16c6e87740acdfb026a8f,Cougar & Cola Can 375Ml,0.02,0.15,5586061382144069.0,-0.01,-0.02,0.13,4107410515459944.5,-0.01,0.1
11ef9fa9e8a7b070bdfd0acdfb026a8f,Maderas Ouzo 700Ml,0.01,0.05,1930775758241352.2,-0.01,-0.02,0.04,98637741366511.45,-0.01,-0.0
11ef9fa9e8611dc2867c0acdfb026a8f,Ice Beer Can,0.78,0.35,1.209365903528913e+17,0.5,1.02,1.51,4.4527577097571776e+17,1.17,2.2
11ef9fa9e875304683050acdfb026a8f,Boags Premium Lager Can 330mL 24pk,9.28,5.96,54.78,4.02,8.2,3.28,40.52,8.12,19.88
11ef9fa9e88916429abd0acdfb026a8f,Peter Stuyvesant 20S Red Filter 10Pk,0.02,0.07,3930010645445943.0,-0.02,-0.03,0.05,38863443184730.53,-0.01,-0.0
11f002e020dc8224a653067bcda3d839,White Ox 30G,0.1,0.1,4150073906624964.0,0.01,0.03,0.11,2.707182664301881e+16,0.11,0.24
11f00b34fbd90e2c87a1062d989e2ea3,Big Dog Alc Lemon Squash 500Ml,0.02,0.06,374754431030866.44,-0.0,-0.0,0.06,5269273339559466.0,0.01,0.03
11eff4e777e8482084f006e6d9741143,Ouzo Mini 40% 700ml,1.65,5.82,152.39,-0.33,-0.66,3.53,67.67,1.81,3.23
11f003be1456837c8b59029e643f3e09,BRIGHT BREW MIA IPA C355ML,0.0,0.03,1790997065805940.5,-0.01,-0.01,0.02,605746414019858.5,-0.01,-0.0
11ef9fa9e8f7f1d499cd0acdfb026a8f,De Bortoli Premium Traminer Riesling Csk 4L,0.02,0.33,1989008455539148.8,0.02,0.04,0.33,6960633969023125.0,-0.0,0.07
11ef9fa9e8ed0800895d0acdfb026a8f,Yalumba Y Series Shiraz 750Ml,0.06,0.12,8690582213422892.0,0.03,0.07,0.11,2.375670870344015e+16,0.12,0.19
11eff85d2f41f0c08f4006f8d6a4c12d,Captain Morgan Long Island Iced Tea 6% Can 440mL,1.48,2.88,223.4,-1.39,-2.83,0.9,57.49,1.13,1.73
11efff113c2d7c6895ee06d2b12c3c9b,Rare Penny Sauvignon Blanc 750ml,0.17,1.25,1.4093569235151968e+16,0.09,0.19,1.33,6.94318156195671e+16,0.11,0.41
11efff11003a3f98988106d2b12c3c9b,Rare Penny Pinot Grigio 750ml,0.16,0.41,1.4110483857077922e+16,0.05,0.1,0.49,7.751971425360291e+16,0.14,0.29
11ef9fa9e8bae2308d3f0acdfb026a8f,White Claw Surge Blackberry Can 330Ml,0.25,0.62,7.829544591957106e+16,-0.35,-0.74,0.38,1.7576363410198124e+16,-0.28,-0.32
11effe13d3a1d476bf8d02b6a504c617,Hard Rated Lemon 6% Can 330mL 3x10Pk,20.21,13.8,437.49,18.17,36.98,16.48,571.08,31.39,73.02
11effa584c3dd50c942e025ff4454671,Coopers Ocean Alley Ale Can 375mL,0.19,0.55,1.0423377238581716e+16,-0.04,-0.09,0.46,2.1469549469670908e+16,0.08,0.21
11f008532b9a4f709b4b067bcda3d839,Nicks High Legendary Premium 8% Beer 500mL Can,0.1,0.4,1.5297912638360844e+16,-0.06,-0.13,0.26,89892794421829.22,-0.03,-0.02
11ef9fa9e88958e6b4970acdfb026a8f,Rare Penny Shiraz 750ml,1.99,1.05,27.6,1.84,3.73,0.88,28.55,4.44,7.35
11f0046d2e93ae9ab592067bcda3d839,Iluka Premium Vodka 700ml,0.06,0.25,814952355972400.4,-0.0,-0.01,0.26,1.6206670466560562e+16,0.03,0.09
11ef9fa9e8f7867286e50acdfb026a8f,Winesmiths Premium Selection Cabernet Sauvignon Cask 2L,0.02,0.42,1049585632555714.9,0.03,0.06,0.42,3388930448413999.0,0.01,0.1
11ef9fa9e8894450abce0acdfb026a8f,De Bortoli Accomplice Semillon Sauvignon Blanc 750Ml,0.07,0.19,2.2430604416647984e+16,-0.11,-0.23,0.11,1.0685997645162162e+16,-0.03,-0.05
11f00a1b36dc2d76b56902d399b2ebe1,LEZAJSK PELNE CAN 500ML,0.02,0.06,3270564928924040.0,-0.01,-0.03,0.02,239382714511518.84,0.0,-0.01
11ef9fa9e87f18fea5930acdfb026a8f,Coolabah Dry Red 12% Cask 5L,0.39,1.0,2.404620085080787e+16,0.1,0.21,1.02,1.2395448845335173e+17,0.24,0.78
11f009ef3390af7eb0d302213be2d661,Warka Jp Red 500ml Botlle 5.5%,0.02,0.03,896705766750992.2,-0.01,-0.01,0.03,3704572932172896.0,0.04,0.06
11effee7e4d80d58a0ce06790e7d5a95,Zombie Chews Blue Rasp 28G,0.01,0.01,725039066302920.5,-0.0,-0.01,0.01,649643525442381.8,0.0,0.01
11ef9fa9e8a739ba9c9b0acdfb026a8f,Kook Soon Dang Rice Wine 750Ml 20Pk,0.05,0.07,1.515967688911525e+16,0.06,0.13,0.08,2.8951207214548692e+16,0.11,0.22
11ef9fa9e8e2bce2acef0acdfb026a8f,Bright Brewery Staircase Porte,0.0,0.07,673053895898613.5,0.0,0.0,0.06,20689662336956.99,0.02,0.08
11eff53887bb1790a2f606263d59535b,Mojo Pinot Grigio 750ML,0.03,0.09,2411395153191688.0,-0.01,-0.03,0.09,6100826633477511.0,0.03,0.05
11eff85d30f2a252bc3506f8d6a4c12d,Smirnoff Crush Zero Sugar Peach & Mango 6% Can 440mL,0.88,0.83,88.41,0.11,0.22,0.22,21.9,0.94,2.29
11f0056960d497d2ac0c02734672a5a9,XXXX GINGER BEER CAN    330ML,0.07,0.15,5250790767584363.0,-0.03,-0.06,0.12,2834643622312165.0,0.02,0.08
11effa8be82b6d0cb2df025ff4454671,Red Rock Deli Chilli Sriracha 165G,0.03,0.06,3407748185382864.0,-0.02,-0.03,0.05,2800665044667567.0,0.01,0.05
11eff5a724828004a5c606f8d6a4c12d,Great Northern Tower,0.15,1.55,1.1954461316905042e+16,-0.02,-0.04,1.46,428572910946565.75,0.01,0.26
11ef9fa9e89da300a1170acdfb026a8f,Barossa Valley Estate Carbernet Sauvignon 750ml,0.08,0.08,9892551727314854.0,0.04,0.08,0.05,1.5371238030461378e+16,0.14,0.22
11effe208db23a34bb6802b6a504c617,Lemsecco Spritz Lemon 750mL,0.13,0.63,9171325516703620.0,-0.04,-0.08,0.59,2.0493782229823892e+16,0.08,0.22
11efffc7442b21c0a64602b80b23b14f,Stone & Wood Green Coast Crisp 3.5% Can 375mL 24pk,7.95,3.8,99.16,-0.86,-1.73,4.83,795.01,0.3,-0.72
11ef9fa9e84a3940a6090acdfb026a8f,Devils Corner Sauvignon Blanc 750Ml,0.03,0.33,1282908479421137.0,0.02,0.03,0.32,4441158874396266.5,-0.0,0.05
11f0090ff82b546e97fc02d4f8f06bd1,3 Ravens Black Stout 375ML,0.02,0.07,2188379489070457.5,-0.01,-0.02,0.07,5439440161586365.0,0.0,0.02
11f0090ff82a4e84ae3402d4f8f06bd1,Hawkers Stout 375ML,0.02,0.06,1103126281955306.2,0.01,0.01,0.06,4465802517934409.5,0.01,0.06
11efffc678c47b628ade02734672a5a9,Four Pillars Navy Strength Gin & Ginger Can 250ml 24pk,3.78,3.44,76.93,3.32,6.75,4.94,171.39,3.62,8.65
11f00a174bfcb260bc1a02d399b2ebe1,Zywiec Beer Btl 330ml,1.05,0.33,50.86,-0.27,-0.57,1.04,150.0,1.5,2.5
11f00a1815ff7faca56e06e16c69241b,Warka Strong Btl 500ml,0.02,0.41,2697554423147940.0,0.01,0.02,0.4,1824752747820609.5,-0.04,0.03
11ef9fa9e8a7137cb8b10acdfb026a8f,De Bortoli Accomplice Shiraz 750Ml,0.02,0.06,3780653295111905.5,-0.02,-0.04,0.05,2518635481284180.0,-0.0,-0.0
11ef9fa9e861a17a88510acdfb026a8f,Three Oaks 8% Cider 3x10pk Can,0.09,0.16,1.561430151871514e+16,-0.08,-0.17,0.11,1.0385274045906504e+16,-0.02,0.01
11f00b70c3bdca8c9c9f02dfccbea269,Secret Stone Chardonnay Marl 750ML,0.01,0.09,1828731065266968.8,-0.0,-0.01,0.08,979409691364863.2,0.02,0.04
11ef9fa9e8a73e069d110acdfb026a8f,Godfather Legendary Strong Can 500mL,11.17,8.31,565.68,-5.6,-11.34,10.86,1946.99,9.56,16.75
11f00afcab162cbeb623062d989e2ea3,James Squire 150 Lashes Pale Ale Can 30Pk 330mL (Passed Date),0.12,0.86,4.234727838121685e+16,-0.17,-0.35,0.73,4801485276940005.0,-0.23,-0.18
11ef9fa9e8c4dcb8842c0acdfb026a8f,Corona White Extra Bottle 355ml 2x12pk,5.27,5.92,9.559306052696458e+17,-4.97,-10.33,2.21,2.7921118540000685e+17,0.91,0.65
11eff30b26cfde1892f3026bd470e2bb,Ciroc Vodka 700ML,0.02,0.08,3640548597002238.5,0.02,0.03,0.08,7131739306478273.0,0.04,0.08
11ef9fa9e8ed6dd6bb070acdfb026a8f,Powerade Zero Sugar 600Ml,0.01,0.04,139409496327988.89,0.0,0.0,0.04,1118397248370554.2,0.01,0.01
11efff117f045d4a92d002734672a5a9,Rare Penny Cabernet Merlot 750ml,0.08,0.08,95606445887578.28,-0.01,-0.03,0.03,1.0504654738982834e+16,0.02,0.06
11efddd7424406ae935206f74c878013,Passion Pop Strawberry 750mL,0.1,0.5,546076359330774.9,0.01,0.02,0.47,1.200008536708025e+16,0.05,0.18
11ef9fa9e892fcdeb4920acdfb026a8f,Jumpin Jack Moscato 750Ml,0.01,0.04,2393487599094874.0,0.01,0.02,0.04,3259420072064259.5,0.01,0.04
11eff7e93232ee488c0d025ff4454671,JP Chips Glico Camambert 36G,0.01,0.01,353743105936534.94,0.0,0.0,0.01,1782513201055732.5,0.01,0.01
11f005cdf8b8ebc0a25702734672a5a9,DON JULIO 1942 TEQ40%MINS 50ML,0.02,0.27,4297705409725315.0,-0.01,-0.02,0.25,2089465142641053.5,-0.01,0.01
11efb38bd2df4226b03106b1bc894a93,Meditrina Barossa Valley Grenache 750ml Bottle,0.01,0.09,1736171621603205.0,-0.0,-0.01,0.08,51743611005915.64,-0.01,0.01
11ef9fa9e8c51ea8ab6a0acdfb026a8f,St Hallett Butcher's Cart Shiraz,0.01,0.08,5725675683543215.0,0.03,0.06,0.09,8559818763012417.0,0.12,0.16
11eff5a69966555494de02c626c9b939,Great Northern Schooner,0.45,4.61,2.482853613467731e+16,0.06,0.14,4.42,4.258962314623754e+16,-0.35,0.19
11ef9fa9e8893a8cb1eb0acdfb026a8f,Three Chain Road Healthcote Shiraz Gin 700Ml,0.03,0.13,114582967641739.97,0.01,0.04,0.12,4125134342835966.5,0.09,0.14
11f01058f06b337a9116026ea2b2d50b,Kirin Hyoketsu Green Apple Can 330ML,2.66,0.81,62.71,1.22,2.5,2.63,198.48,3.72,7.45
11ef9fa9e8f73c62a7ac0acdfb026a8f,Bright Brewery Hop Monster Double Ipa 440Ml 16Pk,0.01,0.11,2605890695874482.0,-0.01,-0.02,0.09,219419029475240.44,-0.01,-0.0
11ef9fa9e88912d29faa0acdfb026a8f,Talisker Skye 45.8% 700Ml,0.01,0.08,1384969190433485.5,0.01,0.02,0.08,2241461488198137.0,0.01,0.04
11eff30b26d1522084b7026bd470e2bb,De Bortoli Buttery Chardonnay 750Ml,0.02,0.17,1673059460180329.8,-0.0,-0.0,0.16,2712474813438904.0,-0.01,0.01
11ef9fa9e89d186897050acdfb026a8f,Pepik Pinot Noir 750Ml,0.01,0.17,1504599983116878.5,0.0,0.0,0.16,672124203654866.2,0.01,0.02
11efb90b7f16607cacf706a64d41a1bf,Overexposed Cab Sauv 750mL,0.06,0.33,7719364093166552.0,-0.03,-0.06,0.29,9907018725932854.0,-0.0,0.05
11eff95fe711ffee8b7c063d7c85ad43,Monster Green Energy Zero Sugar Can 500ml,0.01,0.04,3053021286185752.0,-0.01,-0.03,0.03,2120695075095271.0,-0.01,-0.01
11eff7d0be389398a2ff06f8d6a4c12d,Arak 700mL,0.02,0.24,6601084632010498.0,-0.0,-0.01,0.21,423966664550991.7,0.14,0.29
11ef9fa9e8e2a8a687e70acdfb026a8f,Grand Barossa Riesling,0.0,0.04,573076742223166.8,-0.0,-0.0,0.04,444681871073857.1,-0.0,-0.0
11ef9fa9e874fa40806a0acdfb026a8f,Olmeca Altos Reposado 700Ml,0.01,0.1,2749191250587067.0,-0.01,-0.02,0.09,287314730746540.44,-0.0,0.01
11ef9fa9e8f77a24a1c50acdfb026a8f,Dee Vine Estate Cabernet Sauvignon 750Ml,0.0,0.13,369817779236469.7,0.0,0.01,0.13,389811261270640.75,0.01,0.01
11f003c75b825f42a742029e643f3e09,Red Rock Deli Chilli Sriracha 90G,0.03,0.1,3615439586613380.5,-0.02,-0.03,0.08,1118994325909102.9,0.0,0.02
11ef9fa9e856d65a86210acdfb026a8f,Schweppes Lemonade 1.1L,0.03,0.1,3605755431151311.5,-0.01,-0.03,0.08,93113800538187.77,-0.0,0.02
11ef9fa9e8b14e289a4a0acdfb026a8f,Rekorderlig Strawberry Lime Low Sugar 4% 330Ml 24Pk,0.01,0.5,970613517240319.4,0.03,0.06,0.5,637049654155210.9,-0.01,0.1
11ef9fa9e87f19b2a37f0acdfb026a8f,Coolabah Dolce Rosso 11.5% Cask 5L,0.37,1.29,8408291333276539.0,-0.04,-0.09,1.23,5.690879306590791e+16,0.41,0.85
11ef9fa9e89d77eab3230acdfb026a8f,Talisker Single Malt 10Yo 700Ml,0.01,0.08,53327862660285.21,0.0,0.0,0.09,4778785083096528.0,0.01,0.02
11ef9fa9e8f754408a4d0acdfb026a8f,Corona Extra Btl 330Ml,7.18,18.0,5.734910281831049e+18,22.53,47.03,25.8,8.223382349530397e+18,35.33,73.37
11ef9fa9e856c8f4aa6d0acdfb026a8f,Schweppes Soda Water 1.1L,0.03,0.04,4610839851678613.0,0.02,0.04,0.06,1.72477993422538e+16,0.04,0.1
11f00a1c13cc17aaad4502213be2d661,NAMYSLOW CANS 500ML,0.01,0.02,812021949095754.8,-0.0,-0.01,0.02,697277741720272.0,-0.0,0.0
11ef9fa9e856b8aaa3f50acdfb026a8f,Powerade Blackcurrant Bt 600Ml,0.03,0.08,1524447384358685.2,0.0,0.01,0.09,1.1040637613639194e+16,0.03,0.08
11f00a1abea5b44e88dd02d399b2ebe1,Lomza 5.7% Polish Beer 500ml 20pk,0.05,0.07,5039026223927687.0,-0.04,-0.08,0.04,2532197283926644.0,0.04,0.09
11ef9fa9e856d6008df70acdfb026a8f,Schweppes Dry Ginger Ale 1.1L,0.03,0.09,1558245162506857.5,-0.01,-0.02,0.08,3101400408668104.0,0.01,0.04
11effe575363179ab10f06ffe05873eb,Coolabah Fruity Lexia 11% Cask 5L,0.77,0.24,4.004224757599268e+16,0.12,0.24,0.62,1.9060177343948246e+17,0.94,2.13
11ef9fa9e888f586ba6f0acdfb026a8f,Wolf Blass Yellow Label Chardonnay 750Ml,0.02,0.17,1534300771010776.5,0.01,0.03,0.17,5577989747996085.0,0.0,0.04
11f00a1af2909fa8831902d399b2ebe1,Lion Lager 500ml Can 4.8%,0.05,0.1,8354742275049780.0,0.03,0.07,0.11,1.9332959826453696e+16,0.1,0.16
11ef9fa9e8f7702eac110acdfb026a8f,Hairy Nose Pinot Noir 750Ml,0.01,0.25,176553088717264.75,0.01,0.02,0.25,640498577192289.1,0.01,0.04
11ef9fa9e8617e0cb66e0acdfb026a8f,Wolf Blass Red Label Chardonnay Pinot Noir 750mL,0.04,1.0,330821625678939.0,0.03,0.07,1.01,7341215413849200.0,-0.14,-0.09
11eff7ea4faa7be8934a068a2c8f7c55,Purun Peach & Grape Jelly 216G,0.01,0.05,1459887547604950.5,-0.01,-0.01,0.04,346017818403226.25,-0.0,0.0
11eff7e4334b92b2b175068a2c8f7c55,Champion Ryo 30G,0.03,0.1,207727562941965.12,-0.0,-0.0,0.1,6203490132540320.0,0.02,0.06
11ef9fa9e87f38ca99c70acdfb026a8f,Southern Creek Fruity Lexia 4L,0.1,0.87,2.0274687340496264e+16,0.11,0.23,0.88,3.977954220830084e+16,0.02,0.27
11ef9fa9e856bbe8997f0acdfb026a8f,Rare Penny Cabernet Sauvignon 750ml,0.12,0.58,1.017020476927333e+16,0.04,0.07,0.5,1.9037914153107308e+16,0.09,0.25
11ef9fa9e86b05eeae080acdfb026a8f,Zilzie S23 Prosecco,0.01,0.04,538306320032505.75,-0.0,-0.0,0.04,367740675797873.2,0.0,0.02
11eff30b26d04e7ab5d1026bd470e2bb,Don Julio Reposado Tequila Mini 50ml,0.01,0.2,505399141857749.5,0.02,0.03,0.2,2678439947993812.0,0.02,0.08
11ef9fa9e8f7d01e90450acdfb026a8f,Howler Head Banana Bourbon Mini 40% 50Ml,0.01,0.1,31326574893578.08,0.0,0.01,0.1,3095827140100947.5,-0.01,0.01
11f005cdf8b835688aac02734672a5a9,Don Julio Blanco Mini 50ML,0.02,0.05,966954522428688.2,0.0,0.01,0.04,4184910663054511.5,0.02,0.04
11eff5a6f977e0fcb43102c626c9b939,Great Northern Jug,0.12,0.6,2.161182037825539e+16,-0.09,-0.18,0.47,1.1281017459599994e+16,-0.04,-0.02
11efff122ba3bcc693bd06790e7d5a95,Rare Penny NV Prosecco 750ml,0.1,0.25,1009397574880441.2,-0.0,-0.01,0.3,3.946521850174924e+16,0.05,0.12
11effe1c3a2873a0a73d06d2b12c3c9b,REDDS CUP PONG 20 CUP PK 425ML,0.01,0.08,294389555114661.75,0.0,0.01,0.08,1545907404618721.2,-0.01,0.01
11effe56a0c30a7887da06d2b12c3c9b,Coolabah Soft Fruity White 11% Cask 5L,0.3,2.24,4.7071474645244136e+16,0.28,0.59,2.32,1.2776607662711507e+17,0.09,0.72
11ef9fa9e8bb602a99750acdfb026a8f,Ned Whisky & Cola 6% Longneck 640Ml Btl,0.01,0.04,4070679558157030.5,0.02,0.04,0.04,4565782585308230.0,0.02,0.08
11f00a19b051be52a52d06e16c69241b,Zywiec Porter Btl 500ml,0.02,0.05,4743799543053604.0,-0.02,-0.04,0.02,1617727276111331.2,-0.01,-0.02
11f00a10a17cdc3a87a006e16c69241b,Take to the grave Pinot Grigio 750ml,0.01,0.1,3017418655374238.5,-0.01,-0.01,0.08,1270681899055.55,-0.02,0.03
11ef9fa9e84a4c1ebe000acdfb026a8f,Galliano White Sambuca Liqueur 350Ml,0.0,0.04,127433102331400.97,0.0,0.0,0.04,611736174766850.4,0.0,0.01
11ef9fa9e86b9572908c0acdfb026a8f,Bird In Hand Rose 750Ml,0.01,0.08,402564075718502.1,0.01,0.01,0.08,1952752403577926.2,0.01,0.05
11effee5c33ddfbcb77406d2b12c3c9b,Navoski Triple Distilled Vodka 200Ml,0.02,0.04,124261686594769.97,-0.0,-0.0,0.05,8010988296351100.0,0.01,0.02
11effe13d3d35668baf706d2b12c3c9b,Yeah Nah Non Alcoholic XPA 375Ml,0.01,0.08,4066981958686961.0,0.02,0.04,0.09,5391962343330973.0,0.05,0.08
11f0081481be2e609d96067bcda3d839,Sachi 8 Lemon Lime 375Ml,0.12,0.08,2.1865806125281464e+16,0.09,0.18,0.16,6.397569579530664e+16,0.2,0.4
11ef9fa9e856f356829c0acdfb026a8f,Tullamore Dew 12 Year 700Ml,0.01,0.08,2370539810968217.0,0.01,0.03,0.08,6697833948972170.0,0.02,0.04
11eff30b2924844892f8026bd470e2bb,Lit Fat Lamb Choco Cream 700Ml,0.02,0.08,282170634648650.4,0.0,0.0,0.08,2347514124120811.5,0.01,0.04
11effe13d3a2d056be7402b6a504c617,Hard Rated Lemon 6% Can 330Ml 24Pk,0.14,0.66,3.4331875251366788e+16,-0.12,-0.26,0.57,1.0446522141427576e+16,-0.08,0.01
11ef9fa9e8a7024c9bc50acdfb026a8f,Blue Pyrenees Estate Red 750Ml,0.01,0.08,19852422953365.6,0.0,0.0,0.08,906111173741222.9,0.01,0.02
11eff30b2925d7088de5026bd470e2bb,Strongbow Hard Cider Lemon 375Ml,0.02,0.88,34063891773506.26,0.06,0.12,0.87,907892739774122.1,0.12,0.37
11ef9fa9e8936a0ca25b0acdfb026a8f,Nobbys Crackle Spy 50G,0.01,0.04,1444424722880877.2,-0.01,-0.01,0.03,699936124143889.6,-0.0,0.0
11ef9fa9e89d7218a8460acdfb026a8f,Ned Australian Whiskey 700Ml,0.01,0.08,1116943214880976.4,0.01,0.02,0.08,519342978624174.3,0.02,0.03
11ef9fa9e8931e6299260acdfb026a8f,Forty Spotted Gin Citrus 700Ml 6Pk,0.0,0.09,800180080963862.1,-0.0,-0.0,0.08,228847414646464.16,0.01,0.02
11f01646108c38969b8802ba08588445,Barry Guava & Prickly Pear Can 330ml,0.02,0.13,373441953972520.3,0.01,0.02,0.12,1670883185031773.2,0.02,0.06
11ef9fa9e87f195889b60acdfb026a8f,Coolabah Fresh Dry White 11% Cask 5L,2.05,2.3,70.58,3.01,6.13,3.05,112.77,5.91,8.34
11ef9fa9e8ed79a2ad4a0acdfb026a8f,Bright Brewery Leaf Peeper Red Rye Ipa 440Ml Can 16Pk,0.01,0.13,670042155908157.1,0.0,0.01,0.12,215300855528926.8,-0.0,0.01
11ef9fa9e87f922abe460acdfb026a8f,Taylors Jaraman Grenache 750Ml,0.0,0.09,1754177886214741.2,-0.01,-0.01,0.09,266686224121665.78,-0.01,-0.0
11f01460cb6c18089c6606a915781305,Highland Scotch & Cola 375mL Can 3x10pk,5.18,5.31,300.75,-3.13,-6.37,1.98,230.57,3.34,6.94
11ef9fa9e8e2d36ca98b0acdfb026a8f,Arktika Premium Vodka 1L,0.16,0.08,2.9438437636091188e+16,0.12,0.24,0.22,5.2339161075480104e+16,0.3,0.54
11f0090ff82c55eea39402d4f8f06bd1,Billsons Vodka 1990s 355ml,0.01,0.09,2446855703296249.5,-0.01,-0.02,0.09,1025674485780432.4,-0.0,-0.01
11efea94e4def4f4bed1026aeb0f2735,James Boags Draught Can 375mL 24Pk (Passed Date),0.11,0.21,3.4762315825089564e+16,-0.23,-0.53,0.06,1.4540706708867916e+16,-0.14,-0.28
11f0090ff8b7379a8bb802d4f8f06bd1,Vodka Mixed 10pk 3.5% Can 355ml,0.02,0.33,355495125056442.3,0.02,0.04,0.33,4467727471532809.5,-0.02,0.04
11ef9fa9e889488888330acdfb026a8f,De Bortoli Scared Hill Traminer Riesling 750Ml,0.0,0.04,398554839728431.56,0.0,0.01,0.04,156684857516833.03,0.01,0.02
11ef9fa9e8f7cf6a9a4f0acdfb026a8f,Taylors Estate Grenache 750Ml,0.02,0.09,1146617153224383.2,-0.01,-0.01,0.08,2376643380242040.0,0.01,0.02
11f000a4693496f8b75b06d2b12c3c9b,The Nook Sangiovese 750ml,0.02,0.04,2452522508435404.0,0.01,0.02,0.03,3514398790474432.0,0.05,0.09
11ef9fa9e856f13ab0c40acdfb026a8f,Gold Midstrength Can 375Ml,0.03,0.54,8058964108485767.0,0.01,0.02,0.52,3827619198503095.5,0.21,0.36
11ef9fa9e8ed51a299ea0acdfb026a8f,G/Burge Pearl Sauv Blanc 750Ml,0.01,0.09,1013862939017305.2,0.0,0.0,0.08,371235312019307.6,0.01,0.02
11f003b5877ed150ad1802734672a5a9,HAHN ULTRA LOCB LMG24PKB330ML,0.04,1.01,1078618432437346.6,0.06,0.12,1.0,4517221186553088.0,0.11,0.34
11ef9fa9e8f76886b6c90acdfb026a8f,La Vieille Ferme Rouge 750Ml,0.01,0.04,632685770086529.2,-0.0,-0.0,0.04,36620222705673.37,0.0,0.01
11ef9fa9e8d8a388b19e0acdfb026a8f,Badel Pelinkovac Groki 1L,0.06,1.0,1535927051415337.2,0.06,0.12,1.0,1.264790702706594e+16,0.12,0.41
11f00b82f47e338eaf7702dfccbea269,SCHW TONIC WATER 1.1L,0.05,0.22,1663786291909888.5,-0.01,-0.01,0.21,1.126856570489226e+16,0.0,0.05
11ef9fa9e8e3466c9b1a0acdfb026a8f,True Illusion Pinot Grigio 750Ml,0.01,0.09,1017664002362232.8,-0.0,-0.0,0.09,843311091536914.2,-0.0,0.01
11f00a0f292ca9789bee02213be2d661,Marcle Ridge Sauv Blanc 2022,0.01,0.09,1641829085048435.2,-0.0,-0.01,0.08,85567893858552.75,-0.0,0.02
11ef9fa9e861b52aac5f0acdfb026a8f,Mcguigan Black Label Sauvignon Blanc 750Ml,0.04,0.17,3427256881982444.5,0.02,0.03,0.17,1.1576521245566088e+16,0.04,0.11
11ef9fdc0f4e9ad6a33a02d8a60509dd,Brookvale Ginger Beer 6% Cn,0.01,0.14,2054749994744002.8,0.01,0.01,0.13,3509200648162053.0,-0.02,-0.0
11ef9fa9e888ddf8aa160acdfb026a8f,St Hallett Blockhead Barossa Shiraz Grenache 2017,0.01,0.09,1508989231355936.2,-0.0,-0.01,0.08,622162679417507.6,-0.01,-0.0
11eff7eaad5bca4eaa6a068a2c8f7c55,Purun Mango & Peach Jelly 240G,0.01,0.09,1142397968775372.8,0.0,0.0,0.08,12104195829176.1,-0.0,0.0
11ef9fa9e8b18352a1e30acdfb026a8f,Jim Beam White & Zero Cola Can 375Ml,0.1,2.59,1.8362530481189324e+16,0.07,0.15,2.56,1.3195403370210124e+16,0.33,0.8
11ef9fa9e8cf23a897750acdfb026a8f,Hardys Vr Cabernet Sauvignon 3L,0.01,0.13,4777813822709.57,0.01,0.02,0.12,1532557212863078.0,0.06,0.09
11f003b58cba78d6b68902734672a5a9,Sachi 8 White Pineapple Lime Can 375Ml,0.14,0.16,2.3641401320345948e+16,0.1,0.2,0.21,5.779304060655429e+16,0.27,0.53
11ef9fa9e87f39eca1470acdfb026a8f,Spring Rock Crisp Dry White 4L,0.01,0.12,543670094807780.25,0.01,0.01,0.12,3465992645868725.5,0.01,0.03
11ef9fa9e87f491496590acdfb026a8f,Wolf Blass Yellow Label Pinot Noir 750Ml,0.03,0.08,2969489069522180.0,0.01,0.03,0.09,1.1381766025497446e+16,0.04,0.07
11effe1c3a2a2d80b7ad06d2b12c3c9b,FRIS VODKA MINI 50ML,0.01,0.06,2232684257551926.5,-0.01,-0.02,0.05,1057403121774096.9,-0.01,-0.01
11ef9fa9e8a75f3abd0c0acdfb026a8f,Hardys Tintara Mclaren Vale Cabernet Sauvignon 750Ml,0.03,0.08,3312385687168726.5,0.01,0.03,0.08,7814649525393533.0,0.04,0.08
11f0192962fa2d288dc5065478f7de43,Carlton Mid 3.5% Can Block 30pk (Passed Date),0.0,0.03,50.0,0.01,0.02,0.03,50.0,0.07,0.13
11f0167d2a7bd5d6a4dd02ae92fce8a1,Muhak Good Day Yogurt Soju Bt 360ml 20pk,0.76,0.81,809.35,-0.93,-1.89,0.54,540.29,0.01,-0.08
11f0046d011de354a10a067bcda3d839,Iluka Coastal Dry Gin 700ml,0.02,0.1,3122535319826978.5,-0.01,-0.02,0.09,4982661798645745.0,-0.0,-0.01
11ef9fa9e8b10314862a0acdfb026a8f,Altina Le Blanc 750Ml,0.01,0.1,3539684268224344.0,-0.01,-0.02,0.08,249380073755851.2,-0.0,0.06
11f018cb7aa0981296b5065478f7de43,Tread Softly 0% Pinot Grigio 750ml,0.01,0.17,1607546899423272.0,-0.0,-0.0,0.17,2273677182408945.5,0.01,0.02
11ef9fa9e89d626ead210acdfb026a8f,Tilde Australian Raw Vodka 700Ml 6Pk,0.0,0.08,223072359011448.72,0.0,0.0,0.08,269514720735701.62,0.0,0.01
11effe13d3d45572bde906d2b12c3c9b,Yeah Nah Non Alcoholic Pale Ale 375Ml,0.02,0.6,1360457448966379.5,0.03,0.06,0.6,2269634887566012.5,-0.01,0.02
11ef9fa9e89d43929bbf0acdfb026a8f,Mcguigan Single Batch Cabernet Sauvignon 750Ml,0.01,0.09,494213783250051.7,0.0,0.0,0.08,1046522551089991.0,-0.0,0.0
11f019625c49da9ea0ad02533145c001,Mountain Goat Trop Drop Tropical Pale Ale Can 375ML,0.05,0.73,1.425203916620191e+16,-0.03,-0.07,0.69,6633649378139216.0,-0.15,-0.1
11ef9fa9e8b156d4a2560acdfb026a8f,Billson Vodka & Sarsaparilla Can 355Ml,0.01,0.03,2223539088673324.2,-0.01,-0.03,0.03,3563380222419589.0,-0.0,0.0
11f01aa8ee761daaa8b002e43a851923,Polmos Spirytus 95% 500ml,0.02,0.04,173870725017752.06,-0.0,-0.01,0.04,4587099444889638.0,0.01,0.04
11eff024e313896083f8025f9ae2e5ab,Bright Brewery - Higher Ground German Pilsner Can 440ml,0.01,0.13,908831766396903.1,0.0,0.0,0.13,647566296512766.5,0.0,0.02
11eff64ffe650c30869b06f8d6a4c12d,Buller Wine The Nook Limoncello 750Ml,0.01,0.04,1411848096442802.2,0.01,0.01,0.05,7727208139362900.0,0.02,0.04
11ef9fa9e874ccc88ae80acdfb026a8f,Mcguigan Small Batch Chard Bt,0.01,0.17,226061007784546.72,0.01,0.02,0.16,1457705377017083.5,0.01,0.03
11ef9fa9e8e2b4a4b8460acdfb026a8f,Dee Vine Estate Range Nv Brut Cuvee,0.0,0.04,621810610942890.9,-0.0,-0.01,0.04,838794226901656.9,-0.0,0.0
11ef9fa9e88929b6bd260acdfb026a8f,Johnnie Walker Aged 18 Years 40% 700Ml 6Pk,0.01,0.09,1589854095543900.0,-0.01,-0.01,0.09,939763204773459.4,0.0,0.0
11ef9fa9e8e2ae00bea40acdfb026a8f,Mcwilliams Hanwood Estate 5Yo Muscat 750Ml,0.01,0.08,348392261842691.7,0.0,0.0,0.08,1692735194604077.2,0.01,0.02
11f01cc3579cfb16a99d065478f7de43,Bundaberg Campfired 50ml,0.01,0.14,2531927753154867.0,-0.0,-0.01,0.13,1639882626447647.2,-0.0,0.03
11f00d1f837cb5d6a8e6062d989e2ea3,Badel Svatovski Krusk 1L,0.01,0.08,1370401785870017.5,0.01,0.02,0.08,2540610428459464.0,0.01,0.04
11ef9fa9e8f78924937f0acdfb026a8f,Benchmark Bourbon 700Ml,0.0,0.04,314212020231562.06,0.0,0.0,0.04,940585536699362.2,0.01,0.01
11ef9fa9e849f796960a0acdfb026a8f,Black Douglas & Dry Can 375Ml 24Pk,0.0,0.08,215375965374495.84,0.01,0.01,0.08,20474015843076.07,0.02,0.05
11effc7cc8b6f264b18c02b6a504c617,Grey Goose Vodka 750ml,0.0,0.05,1252466860256475.5,-0.0,-0.01,0.04,302086374496328.9,-0.0,0.0
11f01114185ed35889b3061583701e91,Brite Blonde Ultra Low Carb 330ml Btl (Rp),0.21,1.35,1668.83,-0.38,-0.85,0.08,80.0,0.54,0.67
11f0129234787bc8b240022f3d08fa87,Jps 20S Regular,0.05,0.15,1827898225873062.5,0.0,0.0,0.17,1.6113577691858712e+16,0.06,0.1
11ef9fa9e86b999691c50acdfb026a8f,Casella Limited Release Shiraz,0.01,0.09,1501268307690014.0,-0.0,-0.01,0.08,62505275918096.94,-0.0,0.0
11ef9fa9e856d54c81e80acdfb026a8f,Schweppes Lemon Lime Bitters 1.1L,0.01,0.04,648646050739428.4,-0.0,-0.01,0.04,746586824492439.0,0.01,0.02
11ef9fa9e8f78fbe96d20acdfb026a8f,Coca Cola Zero Sugar 1.5L,0.08,0.06,2.4883911158848668e+16,0.1,0.21,0.16,5.163941839921373e+16,0.17,0.36
11ef9fa9e84a3e2cb0520acdfb026a8f,Eaglehawk Chardonnay,0.01,0.17,1682891218245856.0,0.01,0.02,0.17,384863540684105.4,0.05,0.11
11ef9fa9e8e3547289e40acdfb026a8f,Old No 15 Bourbon Min 50Ml,0.01,0.04,1844362994657643.8,0.01,0.02,0.06,9163482587841282.0,0.03,0.05
11ef9fa9e8a75800a7200acdfb026a8f,Hardys HRB Shiraz 750mL,0.28,0.85,2649550819451738.0,-0.04,-0.08,0.79,4.653124803512018e+16,0.18,0.42
11ef9fa9e88959ea8efb0acdfb026a8f,Two Truths Sauvignon Blanc 750Ml,0.01,0.09,788327561877389.6,0.0,0.0,0.08,400999052906679.1,0.01,0.01
11f01e847ac3b45aa1e1065478f7de43,Chupa 3D Fizzy Drink 15G,0.01,0.02,2223422858072662.5,-0.01,-0.03,0.01,204413408809672.84,0.0,0.0
11ef9fa9e856997e84680acdfb026a8f,McWilliam Prem Selection Tawny Port Cask 2L,0.01,0.17,339173011752971.7,-0.0,-0.0,0.17,3125821316172964.0,0.01,0.03
11ef9fa9e892fe3cbbd70acdfb026a8f,Kamana Sauvignon Blanc 750Ml,0.01,0.08,3645853594372443.0,0.02,0.03,0.1,1.0240775061510072e+16,0.06,0.09
11efea93edbd8b729aa0026aeb0f2735,Boags Premium Light Bottle 375mL 24Pk,0.11,0.12,2.0641511179789176e+16,0.08,0.17,0.13,4.440861854385903e+16,0.24,0.46
11efed86cb3f28589c3f02bd549146b9,Bottega Treviso Prosecco Brut 750Ml,0.03,0.26,1973856097325257.5,0.0,0.01,0.23,2969884671574506.0,0.0,0.02
11ef9fa9e892cd54b8350acdfb026a8f,Followers Bay Sauvginon Blanc 750Ml,0.01,0.05,1742160671713277.2,-0.0,-0.01,0.05,1098961110554853.1,-0.0,0.01
11eff02335d67cfe859f06e3bb536e7b,Bright Brewery - Trail Blazer Motueka IPA Can 440ml,0.01,0.16,1087601305846870.8,0.01,0.02,0.16,2502810785691196.5,0.05,0.09
11ef9fa9e8d94342be540acdfb026a8f,Mountain Goat Ginger Beer Can 330Ml,0.0,0.02,418023741914976.44,-0.0,-0.0,0.02,223197262025411.28,0.0,0.0
11eff7163dc616d2988c064119064eb7,Coca Cola Zero Sugar & Caffeine,0.02,0.04,4250564566051769.5,0.02,0.04,0.04,7169088825360839.0,0.04,0.07
11ef9fa9e87f90fe8bd20acdfb026a8f,Taylors Masterstroke Cabernet Shiraz 750Ml,0.01,0.09,694124021269906.2,-0.0,-0.0,0.08,468520271127695.7,0.0,0.0
11eff7eb19be0cb08634025ff4454671,JP Premium Gold Leaf Plum Wine 500mL,0.02,0.51,1593436265401945.2,0.01,0.02,0.5,2179893292999048.8,-0.01,0.07
11effe25c658d7e4965e02b6a504c617,Tempus Two Varietal Semillon Sauvignon Blanc 750mL,0.01,0.09,422312247607732.25,-0.0,-0.0,0.09,6766668960512840.0,0.01,0.01
11ef9fa9e8ece528a9ed0acdfb026a8f,Divas Glades Bl Liquor Ice 700Ml,0.03,1.0,4911126365429.69,0.06,0.13,0.99,2009376656670624.5,1.2,2.95
11ef9fa9e89343bab63e0acdfb026a8f,Penfolds Bin 51 Ev Riesling 18 750Ml,0.0,0.08,203013326639446.38,0.0,0.01,0.08,781694392003296.6,0.02,0.05
11ef9fa9e8c4c91c9bcd0acdfb026a8f,Mcguigan Zero Shiraz 750Ml 6Pk,0.01,0.18,2774989625679825.5,-0.0,-0.01,0.17,2440818189761027.0,-0.01,0.01
11ef9fa9e893354690af0acdfb026a8f,Scotchmans Hill Pinot Gris 750Ml,0.0,0.04,159579779958479.62,0.0,0.01,0.04,429645383686517.75,0.01,0.01
11ef9fa9e8d8ecdaa80c0acdfb026a8f,Singleton Dufftown 12Yo 700Ml,0.0,0.08,44832378707164.77,0.0,0.01,0.08,399084358992605.1,0.01,0.03
11ef9fa9e8ed656692050acdfb026a8f,Morambro Creek Shiraz,0.0,0.09,548310009551765.06,-0.0,-0.0,0.08,56166776588123.56,0.02,0.03
11ef9fa9e8d9335c97d50acdfb026a8f,Cruiser Summer Peach 4.6%  Btl 275Ml,0.01,0.04,3386067822376085.0,-0.02,-0.05,0.02,867122788131860.9,0.02,0.03
11ef9fa9e888e37a8dcb0acdfb026a8f,St Hallet Block Head Shiz 750Ml,0.01,0.09,1310544641864623.2,-0.0,-0.0,0.09,747940803881406.4,0.01,0.01
11f005cdf8b719a88a7b02734672a5a9,DON JULIO 1942 TEQUILA 750ML,0.01,0.08,1096653721836762.1,0.0,0.01,0.09,4718284746268455.0,0.01,0.04
11ef9fa9e8cee4ba92360acdfb026a8f,Sierra Tequila Reposado 40Ml,0.01,0.08,366711465509704.75,0.0,0.01,0.09,2577735594940244.5,0.0,0.01
11ef9fa9e892ed3eaabf0acdfb026a8f,Stonier Chardonnay 750Ml,0.01,0.08,1056115640883131.2,0.01,0.01,0.09,9019057697813962.0,0.01,0.03
11ef9fa9e86192708e040acdfb026a8f,Kings Of Prohibit Tempranillo,0.01,0.08,10089842685095.91,0.01,0.01,0.08,898383913178534.4,0.03,0.06
11ef9fa9e8a730c88b8c0acdfb026a8f,Grant Burge Gb51 Cabernet Shiraz 750Ml,0.02,0.13,836575944576635.1,-0.0,-0.01,0.12,2507002891084240.5,-0.01,0.03
11ef9fa9e874f70287330acdfb026a8f,Peter Lehm H&V Pinot Noir 750M,0.01,0.08,50449317937650.13,0.01,0.01,0.08,1029727975770060.0,0.01,0.03
11f0090ff890f954b65202d4f8f06bd1,Southern Comfort & Cola Can 375Ml 2*12Pk,0.11,0.51,5.639540854831076e+16,-0.28,-0.58,0.24,1101681047498726.1,0.02,0.05
11ef9fa9e89d4e2899470acdfb026a8f,Lindermans Gentlemans Collection Red Blend 750Ml,0.01,0.09,1324659596550878.8,-0.0,-0.01,0.09,441340419230906.44,-0.0,0.01
11ef9fa9e8f754eaa03b0acdfb026a8f,Vodka Cruiser Mid Proof Passionfruit 700Ml,0.01,0.08,836400232375356.9,0.01,0.02,0.09,4579726516073634.0,0.02,0.03
11ef9fa9e861943c8f510acdfb026a8f,Little Fat Lamb Guava 8% 375Ml Cn,0.01,0.17,948430230021659.8,0.0,0.0,0.17,2223982729217370.0,0.01,0.02
11ef9fa9e8a76c8290340acdfb026a8f,Hentley Farm Villain & Vixen Gsm 750Ml,0.0,0.09,690636987377739.1,0.0,0.0,0.09,617037199947672.4,-0.0,0.01
11ef9fa9e8f7724aaa760acdfb026a8f,Queen Adelaide Cab Sauv 750Ml,0.0,0.05,1009448070421032.0,-0.0,-0.01,0.04,533580078743172.9,-0.0,-0.0
11ef9fa9e8757326a03f0acdfb026a8f,Moet Ice Imperial 750Ml,0.0,0.09,902627244423569.4,-0.0,-0.0,0.08,339737152477749.9,0.01,0.01
11f00b7547866e6a9c4502213be2d661,Wodka Zol Gorzka Orange,0.01,0.09,1181119602972718.2,-0.0,-0.0,0.09,2309441756031490.5,0.0,0.01
11ef9fa9e888c06684040acdfb026a8f,Take To The Grave Pinot Noir 750Ml,0.01,0.08,575675801578116.5,0.01,0.02,0.08,1735684260599936.5,0.02,0.03
11f00a1a4699c2f6a86b06e16c69241b,Zywiec Beer Btl 500ml,0.03,0.55,6315871710668637.0,0.05,0.09,0.56,1.18186421730694e+16,-0.02,0.07
11f00a0f550c5368a86806e16c69241b,Hoggies Estate 2020 Cab Sauv 750ml,0.0,0.04,263597251181128.72,0.0,0.0,0.04,127842237357404.9,0.0,0.01
11ef9fa9e8ed0df0a5bc0acdfb026a8f,Fat Bastard Shiraz 750Ml,0.01,0.04,686633170903188.2,0.0,0.01,0.05,4684159336954018.0,0.01,0.03
11f003b58cb9ef249cb702734672a5a9,Sachi 8 White Peach Can 375Ml,0.07,0.27,1.4838011334835676e+16,0.07,0.14,0.28,3.693359853360121e+16,0.07,0.23
11f01fd9c3baa85ca98f02813369f663,Pringles Chips Sour Cream & Onion 134G,0.03,0.05,1495307306429760.2,-0.01,-0.02,0.04,3707526649483884.5,0.02,0.05
11ef9fa9e8a72ee894dc0acdfb026a8f,Grant Burge Cameron Vale Cab Sauvignon 750Ml,0.01,0.17,1537194673460243.8,0.0,0.0,0.17,912578544080132.2,-0.0,0.01
11f02015e4fa4be4860206f96cf029eb,HAHN SUPER DRY 3.5 CAN 375ML 30PK,0.28,0.49,6.281872828508105e+16,0.27,0.56,0.58,1.5322738797471507e+17,0.49,1.03
11ef9fa9e8ed69d0a8120acdfb026a8f,Angels Envy Bourbon 750Ml,0.01,0.17,1084351634681967.2,0.0,0.01,0.17,413826173491436.3,-0.0,0.03
11ef9fa9e892d70e97e20acdfb026a8f,Giesen Sauvignon Blanc 375ml,0.01,0.04,1121116953065876.4,0.01,0.02,0.04,3275641746487960.0,0.01,0.02
11effe13d337f2d6af0b02b6a504c617,Y Series Prosecco NV 750Ml,0.04,0.25,4046603959607125.0,0.02,0.05,0.27,1.5447305182596062e+16,0.01,0.09
11ef9fa9e875162ea5950acdfb026a8f,Belena Shiraz Bt,0.01,0.09,1543858503888033.2,-0.0,-0.0,0.08,344630432207726.0,0.0,0.01
11ef9fa9e888f52cb6580acdfb026a8f,Wolf Blass Yellow Label Sauvignon Blanc 750Ml,0.01,0.09,989030087870933.4,0.0,0.0,0.09,853987572624473.4,0.0,0.0
11ef9fa9e8a792d4bdb60acdfb026a8f,Aperol Spritz Pack 700Ml+750ml,0.01,0.08,575801568372056.0,0.01,0.01,0.09,5015632583991930.0,0.01,0.02
11ef9fa9e856b01282770acdfb026a8f,Passoa Passionfruit Liqueur 700Ml,0.01,0.08,413679780234108.75,0.0,0.01,0.08,2374867215828533.0,0.01,0.01
11f00de8b6d9d86885dd062d989e2ea3,Grasevina Vino 750ml,0.01,0.18,2769575966248108.0,-0.0,-0.01,0.17,642497542313467.6,0.03,0.07
11ef9fa9e861699eb0370acdfb026a8f,Pierre Damour Rose 750Ml,0.01,0.08,1095364970456922.2,0.01,0.02,0.08,3241029302187827.5,0.03,0.06
11ef9fa9e89d2a8895dd0acdfb026a8f,Penfolds B128 Shiraz 750Ml,0.01,0.1,3842351105485738.5,-0.01,-0.03,0.09,1375153348994491.2,0.0,0.01
11ef9fa9e8ecd8b290a70acdfb026a8f,Penfolds St Henri Shiraz 18 750Ml,0.07,0.43,2882831202630498.0,0.03,0.08,0.42,1.1512863180203678e+16,0.26,0.37
11ef9fa9e89d18cc995d0acdfb026a8f,Penfolds St Henri Shiraz 2017 750Ml,0.02,0.21,8618102752945436.0,-0.03,-0.06,0.17,1642893375938110.0,0.05,0.1
11f011141bd7901a834606a915781305,Pure Blonde Organic Apple Cider 355ml Bottle (Passed Date),0.03,0.25,3000610003408243.0,0.03,0.06,0.25,1.2166898509352994e+16,0.0,0.05
11ef9fa9e89380aa8c920acdfb026a8f,Havana Club Anejo Especial 700Ml,0.01,0.01,3756131930134021.0,-0.01,-0.02,0.01,2934099392376683.0,0.01,0.0
11f023f0c89133f8995306d96dff2495,Winfield Classic 30G,0.05,0.43,7505356435228717.0,-0.02,-0.04,0.4,6380756636957215.0,-0.08,-0.05
11f023f05069edcab38a06d96dff2495,Jps Ryo Original 30G (Blue),0.04,0.11,1850070650335347.0,-0.01,-0.02,0.11,9004068638102728.0,0.0,0.06
11ef9fa9e89d58fa9ef40acdfb026a8f,Kamana Pinot Noir Marlb 750Ml,0.0,0.09,1025685092277909.4,0.0,0.0,0.09,1440515507029709.8,0.0,0.01
11ef9fa9e89d58aa821a0acdfb026a8f,Katnook Found Black Shiraz 750Ml,0.01,0.09,2114160452814489.5,-0.0,-0.01,0.09,726013409830394.2,0.02,0.03
11ef9fa9e8c4e60e883a0acdfb026a8f,Cape Schanck Rose,0.02,0.09,784376206519525.1,0.0,0.0,0.11,1.41185206996876e+16,0.02,0.03
11ef9fa9e8938050a0d70acdfb026a8f,Glenshield Blended Scotch Whisky 700Ml,0.02,0.05,1787499753062458.2,-0.01,-0.01,0.04,1929950648909005.8,0.01,0.01
11ef9fa9e8571fde8cd80acdfb026a8f,Wild Turkey 5% 510Ml,0.01,0.04,194226803412594.3,0.0,0.0,0.04,1438911998402083.5,0.0,0.01
11ef9fa9e8b0f3f6bb460acdfb026a8f,Jagermeister Coolpack 350mL,2.62,1.28,138.85,0.24,0.5,1.66,428.44,2.74,5.85
11f024a9e6b7006ab2ca065a44edc49f,GLENFIDDICH MALT12Y MIN40%50ML,0.01,0.06,3232278141400908.0,-0.01,-0.02,0.05,755924178416782.6,-0.01,-0.01
11f024a9e6c397dab862065a44edc49f,Capi Sparkling Grapefruit 750Ml,0.02,0.05,2194967355550479.2,-0.01,-0.01,0.05,3376901168310163.0,0.0,0.02
11ef9fa9e84a22de8a740acdfb026a8f,Chatelle Napoleon Brandy 700Ml,0.01,0.1,4168303315315726.5,-0.02,-0.03,0.09,531491076659367.06,-0.0,-0.0
11f0200440a3e96282ab0a944da6afe5,Jack Daniels Legacy #3 43% Whisky 1L,0.09,0.34,3.641497030878658e+16,-0.17,-0.35,0.22,1.6017694858102556e+16,-0.13,-0.15
11ef9fa9e87eea649f560acdfb026a8f,Prosecco Casa Di Malia,0.02,0.1,2699588025998483.5,-0.01,-0.02,0.09,1473362813982819.0,-0.01,0.02
11f0200396cbd09e9d4a02813369f663,Jack Daniels Legacy #1 43% Whisky 1L,0.03,0.13,9421550165089914.0,-0.05,-0.09,0.09,1944731420038929.0,-0.04,-0.05
11f020031ee02756bab3065478f7de43,Diplomatico Mantuano 700mL Special Pack,0.01,0.17,749057099814863.2,0.01,0.03,0.16,2335433802989729.5,0.01,0.04
11f019625ae0eb66b47b065478f7de43,BUNDY PEANUT BRITTLE & COLA Can 375ML,0.01,0.02,1351429270796225.0,0.01,0.02,0.02,4137964168662201.0,0.02,0.06
11f02723c27f53e2851a029b108103f3,Blackmans Ginger Beer Cans 375ml 16pk,0.01,0.14,2174140271589821.0,-0.01,-0.01,0.13,1696597421010679.2,-0.01,0.01
11f01e8414aa4b1680de0a797e79a413,Cherry Ripe 68G,0.0,0.03,116567001045214.58,0.0,0.0,0.03,386517052305572.9,-0.0,0.0
11f02661f3ee73f891bf029b108103f3,HAHN SUPER DRY 4.6% 10PKC375ML,0.01,0.5,3078007695083489.0,0.04,0.08,0.52,1.2314040495384802e+16,-0.03,0.02
11ef9fa9e861416c8a770acdfb026a8f,Neds 4.8% Cola Cn,0.03,0.02,9792728300686374.0,0.04,0.09,0.04,1.4840172670683668e+16,0.14,0.2
11f02302e98efc78b6cc06d96dff2495,Port Royal Original 30g,0.05,0.21,1167743325978299.2,0.0,0.0,0.22,1.1471397418127524e+16,0.01,0.06
11ef9fa9e8cea81a86cb0acdfb026a8f,Sagatiba Pura Cachaca 700Ml,0.01,0.1,2610439122078204.5,-0.01,-0.01,0.09,1501330993936156.8,-0.0,0.0
11ef9fa9e89d33fc8e6f0acdfb026a8f,No Evil Organic Cabernet 750Ml,0.01,0.17,751298357583406.5,0.01,0.02,0.17,3656373041806708.0,0.01,0.03
11f024a9e6f0996095c1065a44edc49f,Stone & Wood Hinterland Big Pale Ale Can 375Ml,0.05,0.16,7039810451918550.0,-0.04,-0.08,0.14,7120822946344514.0,0.0,0.0
11ef9fa9e84a7e1e99310acdfb026a8f,James Squir Orcha Crush Apple Cider Bt 345Ml Ctn,0.01,0.33,158944455916269.2,0.02,0.04,0.33,264994471720288.72,0.02,0.09
11ef9fa9e89d7948ae870acdfb026a8f,Woodford Res Double Oaked700ml,0.01,0.08,51965698115584.3,0.0,0.01,0.08,2093169339017862.5,0.01,0.02
11f024d3d041df92bf500220f33ba86d,GORDONS PINK 37% 1L,0.0,0.09,1290575018714059.8,-0.0,-0.0,0.09,1016380952732388.2,0.01,0.02
11f024d3d13578d2adaa0220f33ba86d,MUMM NAPA BRUT PRESTIGE 750ML,0.01,0.09,471711977497277.44,0.0,0.0,0.09,1517817797327568.5,0.01,0.02
11f024d3d01667c29f890220f33ba86d,JIM BARRY COVER DR C/SAV 750ML,0.0,0.09,811739504111413.2,-0.0,-0.0,0.08,8832451972119.82,0.01,0.01
11f024d3d042506cb3bb0220f33ba86d,KAIJU METAMORPH IPA NC375ML,0.05,0.12,8907678060756591.0,0.04,0.08,0.13,2.554531549566467e+16,0.05,0.17
11f00bae717e56369026062d989e2ea3,Kizakura Hana Junmai Ginjo,0.01,0.04,387997402956639.6,-0.0,-0.0,0.04,1528411963109716.5,0.0,0.01
11ef9fa9e856ef28b3630acdfb026a8f,Tooheys Extra Dry Can Block 30Pk,0.13,0.6,2.1223408139855812e+16,-0.09,-0.19,0.47,4879933220556788.0,-0.0,0.12
11ef9fa9e856e6cc84c50acdfb026a8f,Stoneleigh Pinot Gris 750Ml Btl,0.0,0.09,1211095429906863.5,-0.0,-0.01,0.08,2460138164395.41,-0.01,0.05
11f024d3d03a02d6b09b0220f33ba86d,WILD BOAR B/COLA 6% 650ML,0.01,0.09,568072331345501.2,0.0,0.0,0.08,535196445254141.7,0.01,0.02
11ef9fa9e8cefd4284740acdfb026a8f,Johnnie Walker Gold Min 50Ml,0.01,0.08,253940972126686.53,0.01,0.02,0.08,964539507059909.4,0.02,0.04
11f02b022d2c9830858402969168a5af,Monster Rosa Can 500ml,0.01,0.02,313249351785948.94,0.0,0.0,0.02,2471798938451940.0,0.01,0.02
11f024d3d01223c4b23c0220f33ba86d,ROB OATLEY SIGN GSM 750ML,0.02,0.09,392483273127474.0,-0.0,-0.01,0.09,4287572986668646.0,0.01,0.04
11ef9fa9e87f54b898780acdfb026a8f,Winesmiths Premium Dry Rose Cask 2L,0.01,0.1,3531920922977101.5,-0.01,-0.03,0.09,2172665293613101.5,-0.01,-0.01
11ef9fa9e87f55c6a0e20acdfb026a8f,Yalumba Premium Seletion Pinot Grigio Cask 2L,0.02,0.09,1332375863452734.5,-0.0,-0.01,0.08,1978036384492351.2,0.0,0.02
11ef9fa9e89368a4bfff0acdfb026a8f,Mentos Mint 14Pc 37.5G,0.0,0.01,162950741520605.2,-0.0,-0.0,0.01,625144933261823.5,0.0,0.0
11ef9fa9e8a7059e9ede0acdfb026a8f,Brands Laira Barrelman Coonawarra Cabernet Sauvignon 750Ml,0.01,0.09,2360526418150995.5,-0.01,-0.01,0.08,1089734515721079.2,-0.0,0.0
11f024a9e6b7b1e09403065a44edc49f,Vok Passion Martini 5% 2L,0.01,0.09,1955957208913064.0,-0.01,-0.01,0.09,2269645806665739.5,0.0,0.02
11f02661f266da20ade1065a44edc49f,MOUNTAIN CULTURE JT HAZY 355ML,0.05,0.51,3196085482255138.5,0.0,0.01,0.5,8630926822301112.0,-0.05,0.03
11f024a9e5b1e77a90e80220f33ba86d,Blackmans Juicy Banger IPL Can 375Ml,0.1,0.77,3.3439152582861144e+16,0.18,0.39,0.82,5.228915250583487e+16,0.76,1.03
11ef9fa9e8a78546a07b0acdfb026a8f,Hennessy VS Cognac Gift Box 700ml,0.11,0.14,1.1360277729242066e+16,-0.06,-0.13,0.06,7358749317192872.0,0.03,0.08
11ef9fa9e84a39f496bc0acdfb026a8f,Dewars White Label Scotch Whisky 700Ml,0.01,0.21,477531645361866.3,0.02,0.04,0.21,1267435628910261.2,-0.01,0.04
11f021a1620d2bba888806449d467291,Bright Brewery - Fresh Hop Heist Hoppy Pils 440ml Can,0.01,0.04,2526706124697458.0,-0.01,-0.02,0.04,103151401446002.08,-0.0,-0.01
11ef9fa9e8e2a964aa010acdfb026a8f,Nobby's Mixed Nuts 150G,0.02,0.04,238158746968628.06,-0.0,-0.01,0.03,1123965955617955.9,0.03,0.05
11ef9fa9e8cef054846b0acdfb026a8f,Absolut Voices Limited Edition Vodka 700Ml,0.0,0.09,1888536754325058.5,-0.0,-0.01,0.08,10618256612721.17,-0.01,0.05
11ef9fa9e84a1ea68d7d0acdfb026a8f,Cawseys Grenadine 750Ml,0.01,0.07,2107735952949236.8,-0.01,-0.02,0.07,1774167841523117.5,0.01,0.02
11ef9fa9e8a73352bdce0acdfb026a8f,Grant Burge The Holy Trinity Gsm 750Ml,0.01,0.04,383101660261171.5,-0.0,-0.0,0.05,2970102167156980.5,0.02,0.02
11f024a9e5b15fd0898c0220f33ba86d,Blackmans Mervyn Pale Ale 375Ml,0.04,1.26,2377131943415492.5,0.06,0.12,1.25,4865205206531248.0,0.08,0.36
11f024d3d01e2caa82820220f33ba86d,LIND E/HARV PINOT GRIGIO 750ML,0.05,0.5,4748382461795755.0,0.03,0.07,0.52,2.21311335985976e+16,0.03,0.11
11ef9fa9e8a72330abc00acdfb026a8f,Farm Hand Organic Semilon Sauvignon Blanc 750Ml,0.01,0.1,3094087294183748.5,-0.01,-0.02,0.09,335574548878926.9,-0.02,-0.01
11eff4db94fb4f9ab9f206263d59535b,Powerade Active Water Mango 600Ml,0.01,0.05,1813169789299154.2,-0.01,-0.01,0.05,1280681652465565.5,-0.01,-0.01
11ef9fa9e8cea40a82f10acdfb026a8f,Czar Vodka 1L,0.01,0.08,802281128398852.5,0.01,0.02,0.08,1872423945685963.8,0.02,0.04
11f00a16200de576b12602d399b2ebe1,HOGGIES ESTATE CHARDONNAY 750ML,0.0,0.05,976816683807950.6,-0.0,-0.01,0.04,532582472326047.56,0.0,0.0
11f024d3d034496888b20220f33ba86d,BROWN BROS PROSECCO PREM BRUT 750ML,0.02,0.17,426552347576527.44,0.01,0.02,0.16,3707781441495794.5,0.0,0.03
11f02661f260c0d69948065a44edc49f,HAWKERS HAZY PALE 375ML,0.01,0.14,2994563300488284.5,-0.01,-0.02,0.13,727430630100800.0,-0.01,0.02
11f024d3d04ac7749bfb0220f33ba86d,DE BORTOLI WOODF HTSHZ C 750ML,0.0,0.09,1204130608501405.0,-0.0,-0.01,0.08,465408230251690.1,-0.0,-0.0
11ef9fa9e87f88e88ecb0acdfb026a8f,Taylors St Andrews Cab Sauv 750Ml,0.01,0.09,1984847594961757.0,-0.0,-0.01,0.09,635859365080297.1,0.01,0.02
11ef9fa9e8ff63c4a5c00acdfb026a8f,Johnnie Walker Black & Cola 6% 375Ml 24Pk,0.06,2.51,1051585313650025.0,0.16,0.34,2.5,1074175517594155.6,1.11,2.81
11f024d3d03fb76cbdd20220f33ba86d,Bearded Lady 8% Can 3x10pk,0.92,1.38,128.68,-0.14,-0.28,1.42,140.33,1.27,2.28
11ef9fa9e8934d069fad0acdfb026a8f,Rothmans 30S Cool Crush Gold 6Pk,0.02,0.08,7424097428202422.0,0.04,0.08,0.08,8361265586115328.0,0.11,0.15
11ef9fa9e874ede8a2f90acdfb026a8f,Knock N Bones Shiraz 750Ml,0.02,0.09,2458669955286801.5,-0.01,-0.02,0.1,6900675366166841.0,0.02,0.02
11ef9fa9e87f45f4ab450acdfb026a8f,Blue Pyrenees Estate聽chardonnay 750Ml,0.01,0.09,786003969607845.8,0.0,0.0,0.08,887755721328629.9,-0.01,0.0
11ef9fa9e8b12268b4430acdfb026a8f,Keri Apple Juice 300Ml Btl,0.01,0.08,108114976248868.33,0.0,0.01,0.08,2702841070830438.5,-0.0,0.01
11f024d3d013287892d70220f33ba86d,RED HILL HEATHCOTE SHIRZ 750ML,0.06,0.19,4154518285939178.0,-0.03,-0.06,0.23,2.8929443701791388e+16,0.01,0.04
11f02d3b8cdf34fa98fc02a48c8d1a1b,GRT NTH LONG RUN B330ML,9.59,10.31,536.84,-10.75,-22.15,9.45,883.89,-3.16,2.04
11f02661f261465ab504065a44edc49f,4 Pines Japan Lager Can 375ML 18pk,0.1,0.83,5140929298582040.0,0.05,0.11,0.82,2.0351155664743844e+16,0.01,0.14
11f02661f3efc76caaa6029b108103f3,CARLSBERG ELEPHANT B330ML,1.81,2.48,742.4,2.36,4.84,2.44,1216.39,5.62,2.83
11ef9fa9e861ba2083e50acdfb026a8f,Woodstock & Cola 10% 200Ml 30Pk Can,0.37,0.17,1.261258866122304e+16,-0.0,-0.01,0.11,3.808059266839439e+16,0.29,0.66
11ef9fa9e87529acaf200acdfb026a8f,Bond Street 25S Red 8Pk,0.0,0.07,1488635696299422.8,-0.0,-0.01,0.06,478333307195592.56,0.01,0.01
11f024d3d13475f4aaf00220f33ba86d,TAYLORS ST ANDREWS C/S20 750ML,0.02,0.08,789954433638580.9,0.0,0.01,0.1,1.1732164209325682e+16,0.01,0.03
11ef9fa9e8e2d7f4b5090acdfb026a8f,Robert Mondavi Private Selection Buttery Chardonnay,0.01,0.08,254961835632380.47,0.0,0.01,0.07,1041676745663822.1,0.01,0.03
11f02661f263c68c9212065a44edc49f,DAINTON BEER EQLIZR PA 375ML,0.04,0.12,5040984669892169.0,0.03,0.05,0.12,9938573405334346.0,0.08,0.15
11ef9fa9e8d941309dbb0acdfb026a8f,Suntory Horoyoi Grape 3% 350ml Can 24pk,0.08,0.46,1600037158378924.5,0.02,0.05,0.5,2.973340460499515e+16,0.04,0.1
11f02a21af22f2d08faf022cf2fe3be7,Pirate Life Hazy XPA Can 355Ml,0.03,0.08,9588267141652510.0,-0.05,-0.1,0.04,3195630744051322.0,0.01,-0.01
11f02a2cd9f90e80a10f06d52c0530b7,Jack Daniels McLaren ED2 700mL Bottle,0.02,0.09,413362403813575.7,0.0,0.0,0.08,2542056841199805.0,0.05,0.07
11ef9fa9e89cf7f2bb850acdfb026a8f,Ketel One Vodka 700Ml,0.01,0.09,686972048931244.9,0.0,0.01,0.08,485146255950190.75,0.01,0.01
11ef9fa9e84a27c0ab000acdfb026a8f,Cointreau Liqueur 350Ml,0.01,0.08,2799481259965638.0,0.02,0.04,0.08,2339554176722214.0,0.06,0.09
11ef9fa9e87efd88894c0acdfb026a8f,Tread Softly Prosecco 750Ml,0.06,0.42,6446251989142697.0,0.04,0.08,0.41,1.5952920800409068e+16,0.02,0.12
11f02d458bee95ea88510a1320007285,MAISON AIX ROSE 750ML,0.01,0.04,304280045413688.5,0.0,0.01,0.04,3434267299424490.0,-0.0,0.01
11f024d3d014e212a4f80220f33ba86d,SAILOR JERRY SPICED RUM 1L,0.0,0.08,128341702964588.97,0.0,0.01,0.08,873035892200402.6,0.03,0.05
11ef9fa9e8756afcb55d0acdfb026a8f,Jacobs Creek Reserve Prosecco 750Ml,0.02,0.17,4745864205963849.0,0.03,0.06,0.17,1.0748684804002636e+16,0.04,0.09
11ef9fa9e8618ffaafbc0acdfb026a8f,Kings Of Prohibit Shiraz 750Ml,0.01,0.1,2566907793733542.0,-0.01,-0.02,0.09,4159479598245265.5,-0.01,-0.02
11f024d3d01b506685e50220f33ba86d,ROB OATLEY SIGN MV SHZ 750ML,0.0,0.08,149566395846029.22,0.0,0.01,0.08,902537016425342.2,0.03,0.05
11f03178a977e99aaeca0a8ccc8a0707,La Sirene Urban Pale Ale 330ml Can,0.02,0.11,4833961695849995.0,-0.02,-0.03,0.09,2177722758324779.0,-0.02,-0.02
11f0317837156da0b4200271f4790011,La Sirene Citray Sour 330ml,0.22,0.53,9.677591575299472e+16,-0.46,-0.97,0.29,4.822351866086156e+16,-0.33,-0.19
11f0309e259cdd2c92e4068fff97b6a1,Bottaro Chianti DOCG 2022 750ml,0.01,0.09,1229625049919651.8,-0.0,-0.0,0.08,480789549289454.9,0.01,0.02
11f024d3d046473095e30220f33ba86d,SECRET STONE PINOT GRIS 750ML,0.01,0.09,1390491499168380.2,-0.0,-0.0,0.09,1235300393697125.5,0.0,0.01
11ef9fa9e8891a84b6240acdfb026a8f,Cadbury Choco Dairymilk 50G 48Pk,0.0,0.01,293351839074901.06,-0.0,-0.0,0.01,322828593074204.56,-0.0,0.0
11ef9fa9e89d0bf288c60acdfb026a8f,Pizzini Nonna Gisella Sangiovese Btl 750Ml,0.06,3.58,4253618656720694.5,0.18,0.39,3.6,1.2913284495246868e+16,1.1,2.65
11f03091affa75049bc50a6b24da1c53,Isla Vodka 700ml,0.04,0.1,2630685966061889.0,-0.02,-0.04,0.08,8137878960762022.0,0.02,0.05
11f024d3d02eb14c882d0220f33ba86d,AERSTONE LAND 10YO WHISKY700ML,0.01,0.09,628865408779992.8,0.0,0.0,0.09,3746957409685776.0,0.0,0.02
11f024d3d01bd48c9cca0220f33ba86d,ROB OATLEY SIGN CAB SAUV 750ML,0.01,0.09,494968818396387.0,0.0,0.0,0.08,2021318546682911.2,0.0,0.01
11ef9fa9e8bb623ca5bc0acdfb026a8f,De Bortoli Deen Vat 1 Durif 750Ml,0.02,0.1,3735820027126415.5,-0.01,-0.03,0.09,692372491650057.9,0.09,0.17
11f031221152e562a3b50682c37a034f,HILL ROSE 750ML,0.02,0.2,6897708718923217.0,-0.02,-0.05,0.17,2244672413710778.5,-0.04,-0.03
11f03178b316250c9b4d0a8ccc8a0707,EDELMAISTER WEIZEN 500ML CAN,0.01,0.15,122065207696148.53,0.01,0.01,0.15,2785903325288931.5,-0.01,0.01
11ef9fa9e89d11ec95510acdfb026a8f,Peter Lehm H&V Cab Sauv 750Ml,0.01,0.08,179769738752651.94,0.0,0.01,0.08,753992703967605.8,0.01,0.03
11ef9fa9e8c4b26a87f70acdfb026a8f,Kaiju Aftermath Double Ipa Can 375Ml 24Pk,0.03,0.25,3912529726307550.0,0.03,0.06,0.25,8981638238739947.0,0.03,0.08
11f03099b5dcf02a80e4068fff97b6a1,Serafino Shiraz 2021,0.07,0.01,2459163760776554.5,-0.14,-0.29,0.22,1.0007999171934434e+17,-0.17,-0.17
11f024d3d13502f8acdd0220f33ba86d,TAYLORS ST ANDREWS SHZ21 750ML,0.01,0.09,1582056333228403.2,-0.0,-0.01,0.09,2681097792781101.5,-0.01,-0.0
11f0342ab8d7d6deab2a0aceef389065,Coopers Dark Ale Can 375ml 24pk,0.03,0.13,1548832002434710.0,-0.01,-0.01,0.11,8098439486086405.0,0.03,0.07
11f030930a2769a0a43f02f81b513f9f,Isla Vodka Watermelon & Berry Can 330ml,0.09,0.2,7114131614273641.0,-0.03,-0.07,0.2,1.877499628945425e+16,0.07,0.19
11ef9fa9e86b54ae9d880acdfb026a8f,Bentspoke Crankshaft Ipa Can 375Ml,0.01,0.03,110457862184376.6,0.0,0.0,0.03,1471397969342221.8,0.03,0.03
11ef9fa9e8bb612ea7230acdfb026a8f,Farm Hand Monash Valley Merlot 750Ml,0.01,0.1,3792039878749946.0,-0.02,-0.03,0.08,1946465790687020.0,-0.0,0.01
11ef9fa9e89d21a0b32c0acdfb026a8f,Penfolds Bin28 Kalimna Shiraz 19 750Ml,0.09,0.12,6918016900967896.0,-0.04,-0.09,0.07,7932812792618664.0,0.01,0.03
11f0355845710510be360a4244d9829f,Extra Spearmint 27G,0.02,0.03,2836374917239917.0,-0.02,-0.04,0.02,1328353613824801.8,0.0,0.01
11f02be6f762c8f6a11d0a19dc243e69,Devil's Tongue Cinnamon Whisky 50ml,0.9,1.18,346.71,-0.79,-1.61,0.17,52.77,0.33,0.83
11f0355c2f81ed1a892902ba97e97a09,Jps Regular 30G (Yellow),0.02,0.13,5944903582315151.0,-0.02,-0.05,0.1,2348041406595320.5,0.01,0.02
11f01fd9c3b9d12a99ba02813369f663,Pringles Chips Original 134G,0.02,0.09,711424655504372.1,-0.0,-0.01,0.08,2096213555063559.0,0.03,0.05
11f024d3d02e289eb2d90220f33ba86d,AERSTONE SEA 10YO WHISKY 700ML,0.01,0.09,2008326448689641.5,-0.01,-0.01,0.09,2547870049763995.5,-0.0,0.01
11f024d3d026c072884f0220f33ba86d,LIND E/HARV CRSP DRY WHT 750ML,1.69,0.46,22.28,2.21,4.54,1.24,61.85,2.37,6.19
11f030935ae27132ad970a6b24da1c53,Isla Vodka Blood Orange & Passionfruit Can 330ml,0.07,0.25,1.2719051564996724e+16,0.06,0.12,0.27,2.8891237341190456e+16,0.11,0.27
11f03092b3766c5aa7b2068fff97b6a1,Isla Vodka Lime & Soda Can 330ml,0.07,0.16,7580366502253334.0,0.03,0.07,0.18,2.4499059712189784e+16,0.12,0.27
11ef9fa9e89d3c62a0ee0acdfb026a8f,Metala White Label Shiraz Cabernet 750Ml,0.02,0.09,1362465273190309.5,-0.0,-0.01,0.08,3213674848900886.5,-0.0,0.01
11ef9fa9e89d668889230acdfb026a8f,Chivas Regal 25Yo 700Ml 3Pk,0.01,0.1,2759196493676426.0,-0.01,-0.02,0.08,83370110944291.3,0.01,0.02
11f036d070bc9382a83702cf7edc0e93,SUP Hazy IPA 440ml cans,0.02,0.14,2882544142444694.0,-0.01,-0.02,0.12,935318470445366.2,0.02,0.02
11ef9fa9e85698c0bc180acdfb026a8f,McWilliam Cream Apera 750Ml Btl,0.01,0.08,5966875665982580.0,0.03,0.07,0.08,4470006664050961.5,0.11,0.15
11f03a003b139f7c8ea2065678fcdbef,Hennessy VSOP Holiday Edition Cognac Cylinder Pack,0.71,1.14,2.253354769503243e+17,-1.07,-2.25,0.39,5.21255363578202e+16,0.1,0.53
11f03a00ad92bdbc806102ee417fdabd,Hennessy VS Les Twins Limited Edition Cognac 700ml,1.25,4.65,1552.51,-3.79,-7.76,0.7,217.28,0.83,1.26
11ef9fa9e87f1e9480770acdfb026a8f,De Bortoli Prem Reserve Tawny Cask 2L,0.01,0.09,1808918117198381.2,-0.0,-0.01,0.09,616658406633670.1,-0.0,0.0
11efedd50daaad2290b806221a09faad,Rothmans Ryo 30G Classic Blue,0.02,0.11,2321653874751185.5,-0.01,-0.02,0.1,2104853805194314.0,-0.01,0.01
11f02ed052e6524c887302a48c8d1a1b,Capi Cranberry Soda 250Ml,0.02,0.14,7283667659502028.0,0.04,0.08,0.15,1.3368511860884998e+16,0.04,0.09
11f021a1d557c940a9f706449d467291,Bright Brewery - Greetings From Cali Cold XPA 355ml Can,0.01,0.17,106046620390182.55,0.01,0.02,0.17,1106941440474095.5,0.01,0.03
11f02d46db3c430897940a1320007285,Fifth leg sauvignon semillon 2024 750ml,0.01,0.09,1680946888405830.8,-0.01,-0.01,0.09,1017894137366410.1,0.0,0.01
11ef9fa9e89340d6a48f0acdfb026a8f,Petaluma Wh Lab Sauvignon Blanc 750Ml,0.01,0.17,209558844233935.12,0.01,0.02,0.17,2431581876442711.0,-0.0,0.02
11f024a9e6b42a7abc2b065a44edc49f,Blackmans Ernie Tropical Hazy Pale Can 375Ml,0.02,0.21,5010020721437863.0,-0.01,-0.02,0.2,2233105927019586.8,-0.03,-0.02
11f02a2b98dcbe2a8f440a15cf3afc5d,Gekkeikan Sake Bottle 720ml,0.04,0.17,1147267422047711.8,-0.01,-0.01,0.16,5599811635661860.0,0.0,0.03
11f034def085537ca1d60a4244d9829f,Pirate Life South Coast Crisp Lager Can 375ml,0.1,0.5,1.4845572904730944e+16,0.09,0.2,0.47,3.0503322040058264e+16,0.1,0.26
11ef9fa9e84a62eead640acdfb026a8f,Hahn Premium Light Can 375Ml 24Pk,0.11,0.5,1718161343915737.0,0.02,0.04,0.57,4.315730725547811e+16,0.01,0.16
11f02661f263419e9930065a44edc49f,DAINTON BEER B/O JIPA 375ML,0.03,0.25,1382177126878830.8,0.02,0.04,0.25,7595942910314297.0,-0.0,0.05
11ef9fa9e89d302888760acdfb026a8f,Pasqua Montepulciano D'abruzzo Doc 2019 750Ml,0.01,0.1,3539684268424583.5,-0.01,-0.02,0.08,249380073755851.2,-0.0,0.06
11ef9fa9e8ce7ffcbabd0acdfb026a8f,Tread Softly Grenache Australia,0.01,0.17,1657479288532376.0,0.0,0.0,0.17,677321605607622.1,0.03,0.07
11ef9fa9e86b439ca32f0acdfb026a8f,Absolute Vodka 50Ml Mini,0.02,0.08,7293423094459302.0,0.03,0.07,0.1,1.7468972312200424e+16,0.07,0.14
11ef9fa9e874eeec81620acdfb026a8f,Stomping Ground Hop Stomper IPA Can 355Ml,0.05,0.06,232017724379413.0,-0.01,-0.01,0.06,9713675211921160.0,0.02,0.05
11ef9fa9e8cef4c8aa530acdfb026a8f,Delivery Fee,0.09,0.5,7558111784444948.0,0.07,0.14,0.43,1.822656148676701e+16,0.07,0.2
11f024d3d02b00c492bd0220f33ba86d,MORRIS DURIF 750ML,0.01,0.09,1391409159445963.5,-0.0,-0.0,0.09,2487919727640204.5,-0.01,0.0
11ef9fa9e849e29c9cd80acdfb026a8f,Andrew Garrett Sparkling Shiraz 750Ml,0.01,0.1,3339494843446044.5,-0.01,-0.02,0.08,479653484733054.56,-0.0,0.01
11f032c386e8a9549c8a06f2e6cdf4cf,Bond St Classic Blue Original 20s,0.02,0.1,1579420948557060.5,0.01,0.03,0.12,1.2868111336671704e+16,0.01,0.05
11f0295457b27a2091b00a7ec5b22a75,Bests Gt West No 1 Shiraz 750Ml,0.01,0.27,3252950482785084.0,0.0,0.0,0.26,2456642166915990.5,0.02,0.08
11f024d3d024e0729f800220f33ba86d,FAT BASTARD MALBEC 750ML,0.12,0.13,161.7,-0.08,-0.17,0.17,200.0,0.14,0.44
11f03d180dc60a4e97cf0ab67cbb87e9,Tinnies IPA 7% Can 375mL,0.06,0.2,1.5133012728711754e+16,-0.07,-0.16,0.16,5555991434978156.0,-0.05,-0.0
11ef9fa9e8c4b5daa4ad0acdfb026a8f,Kirks Pasito Can 375Ml 20Pk,0.01,0.05,31311664102171.56,0.0,0.0,0.05,1701964105618350.5,0.0,0.01
11f03cf56fdd94a497b70a4653dc08fb,Chivas Royal Salute 25YO 700ml,0.01,0.1,2692215669520603.5,-0.01,-0.01,0.08,118367462276365.4,-0.01,0.06
11f03b5664586514a0490a8c46d4261b,J/WALKER BLACK RUBY MINS 50ML,0.02,0.07,6907896404918023.0,-0.03,-0.07,0.04,1207358584627757.5,0.0,0.03
11f02a21af743500b3df0a15cf3afc5d,Bundaberg Ginger Beer 750Ml,0.01,0.04,203014755107813.12,0.0,0.0,0.04,1307711897400425.2,0.01,0.02
11ef9fa9e875333eaf570acdfb026a8f,Fosters Lager Can 375Ml,17.86,56.52,1279.05,-48.78,-100.16,10.6,257.4,-208.86,-186.35
11f04056bd9f2c2aa35506f7521aae4d,Cascade Origin Lager Bottle (Short Date),7.09,11.45,2315.8,-12.66,-26.39,1.39,523.99,2.21,2.49
11ef9fa9e89d7b5ab6bb0acdfb026a8f,Rothmans 30S Blue 6Pk,0.02,0.08,3989195459702586.5,0.02,0.04,0.09,7739783978621731.0,0.05,0.13
11f034776b2f7d549eb8065678fcdbef,Devil's Tongue Cinnamon Whisky 150ml,0.02,0.08,1067899032924424.2,0.01,0.01,0.08,361698927291662.3,0.02,0.05
11ef9fa9e8b10fa887b30acdfb026a8f,Coca Cola Energy No Sugar Can 250Ml,0.01,0.05,2712451673801757.5,-0.01,-0.03,0.04,570555874167169.4,-0.01,-0.0
11ef9fa9e86b8c8096f90acdfb026a8f,Yellow Tail Pure Bright Sauv,0.0,0.04,380382669453998.1,-0.0,-0.0,0.04,703963854817248.2,0.0,0.0
11ef9fa9e8b112dca37d0acdfb026a8f,Coca-cola 250Ml (Bar Mixer),0.01,0.04,236069898701159.75,-0.0,-0.0,0.05,4819381427652169.0,-0.01,0.01
11f024d3d015dd16b1010220f33ba86d,RED HILL CAB SAUV 750ML,0.01,0.09,2254453463315666.0,-0.01,-0.02,0.08,1498210738960888.8,0.0,0.02
11ef9fa9e8893c4eba080acdfb026a8f,100 Pipers Blended Scotch Whiskey 12Yo 700Ml 12Pk,0.0,0.04,84736721783947.31,0.0,0.01,0.04,1164762394726868.5,0.01,0.01
11f0434cb652bde481a906d74ae24a27,Victoria Bitter Pint,2.09,3.89,6.871998804723468e+17,-3.83,-8.43,1.13,1.5580679257623254e+17,-2.91,-5.23
11f03d18b1aaee7c8bac0ab67cbb87e9,Tinnies Pale Ale 4.9% 24Pk Can 375mL,0.02,0.16,8349007964934470.0,-0.03,-0.07,0.14,3058369512584555.5,-0.04,-0.04
11f041f98e694c52a80f06c722200781,CASCADE LAGER BTL 375ML,0.45,1.12,1.0581232195469e+17,-0.4,-0.85,0.73,4.32863352469617e+16,-0.03,0.13
11f024d3d01c5696b0a60220f33ba86d,ROB OATLEY SIGN CHARD 750ML,0.04,0.1,3479730679782651.0,-0.02,-0.05,0.04,597355047723112.2,-0.02,-0.01
11ef9fa9e889111aa35d0acdfb026a8f,Macallan Classic Cut 700Ml,0.02,0.08,14132454203280.1,0.01,0.03,0.08,2745725859266898.0,0.04,0.07
11ef9fa9e86b9f90a4650acdfb026a8f,Moon Dog Fizzer Mixed 10 Pack,0.02,0.18,2558046920952809.5,-0.0,-0.01,0.15,1039686718669769.9,0.0,0.02
11ef9fa9e89d16248ad30acdfb026a8f,Pepperjack Shiraz 375Ml,0.0,0.05,1085135108983678.8,-0.0,-0.01,0.04,742675922321492.6,0.0,0.0
11f03b223eefaa3cadbb02ee417fdabd,Fanta Orange No Sugar Can 375ml 20pk,0.0,0.1,357215586191350.56,0.0,0.01,0.1,319991357576329.44,0.0,0.02
11f042703e50681e87fe0a8486be018d,CASCADE PREM LIGHT CAN 375ML,0.23,1.25,2.598071384556627e+16,-0.06,-0.14,1.19,3.1519174272686344e+16,0.02,0.14
11f024d3d036875088e50220f33ba86d,BROWN BROS PROSEC ROSE NV200ML,0.01,0.08,192353804435599.4,0.0,0.01,0.08,927979305419271.5,0.01,0.03
11ef9fa9e8ce85f6a47c0acdfb026a8f,42 Degree South Pinot Noir 750Ml,0.01,0.09,2084965078584473.5,-0.01,-0.01,0.08,585466553335125.9,0.01,0.01
11f024d3d03e585e913b0220f33ba86d,VOK CREMEDEMENTHE LIQ17% 500ML,0.01,0.17,832750204290006.6,0.01,0.02,0.17,2790264768200618.0,0.0,0.04
11f04294990bb8f2a374069145387751,Pringles Salt & Vinegar 53G,0.01,0.04,2721824692242256.0,0.01,0.02,0.05,9760572069429586.0,0.04,0.05
11f0459e37209858a36d0a768a02bcd1,JP CHIPS GLICO Cheese Pepper 36g 10PK,0.01,0.01,311332988969158.0,-0.0,-0.0,0.01,1019273991711858.4,0.0,0.01
11f04508cd257a62ade602a55d4b7fed,NS Onion Ring Hot 40g 20PK,0.52,0.26,68.48,-0.03,-0.07,0.62,157.31,0.64,0.96
11f045a02f278bbe99f102da8f13a0b9,CANDY JP Hi-Chew Strawberry 56g 7x12PK,0.01,0.02,1691152399061187.5,-0.01,-0.02,0.02,1377154862850310.8,-0.0,-0.01
11f04509613b27ec9eb80a768a02bcd1,NS Sweet Potato Snack 55g 20PK,0.22,0.02,25.26,-0.07,-0.14,0.16,250.2,0.04,0.13
11f045083f2b507e943f02a55d4b7fed,NS Shrimp Cracker H&S 75g 20PKc,0.42,0.42,275.88,-0.37,-0.76,0.39,290.88,-0.26,-0.49
11ef9fa9e8f7f120a70e0acdfb026a8f,Penfolds Champ Cuvee Brut750ml,0.01,0.09,1389767498144811.8,-0.0,-0.0,0.08,308288377180641.3,0.01,0.02
11f0459fded997f6a6800a71b0f51ee5,CANDY JP Hi-Chew Grape 56g 7x12PK,0.06,0.12,639.71,-0.1,-0.21,0.07,346.91,-0.01,-0.02
11f0466c79a1b7cebb9806f402ddaeb9,OKF Sparkling Blue Lemonade Can 350ml 24pk,0.3,0.6,750.52,-0.46,-0.95,0.14,135.76,0.07,0.22
11f0459e88f96c5e9551061fea142499,JP CHIPS GLICO Cheddar 36g 8x10PK,0.01,0.02,822825660336361.0,-0.0,-0.01,0.01,61854661162686.56,0.0,0.01
11f0459f396f87269e8606f402ddaeb9,JELLY ORI My Gummy Grape 66g 4x10PK,0.14,0.19,547.37,-0.19,-0.39,0.03,62.03,-0.02,0.0
11f0459681b498228a810a768a02bcd1,HT HONEY BUTTER CHIP 120g 10PK,0.54,0.9,466.55,-0.64,-1.32,0.35,308.01,-0.05,0.1
11f024a9e5b0cfcaa5990220f33ba86d,Brick Lane Wild Sky No Carb Pale Ale Can 355Ml,0.02,0.63,351079558166396.1,0.04,0.09,0.63,536405456322780.25,0.07,0.16
11f008d258064b48a23d067bcda3d839,Monster Ultra Strawberry 500Ml Can,0.0,0.03,1163762787985845.8,-0.0,-0.01,0.02,496259129666446.0,0.0,0.02
11f045e586fd3704bfd702da8f13a0b9,Weihenstephaner Original 5.1% Bottle 500ML,0.01,0.17,1277598324177947.5,0.02,0.04,0.16,3573791801936950.0,0.0,0.03
11f024d3d12aa45cac6c0220f33ba86d,J & B RARE SCOTCH 700ML,0.01,0.05,2449686467316033.0,-0.01,-0.02,0.05,1126352515152319.5,0.01,0.04
11f024d3d049e35eaa7a0220f33ba86d,BELENA RASPBERRY SPRITZ 750ML,0.01,0.1,3927477831095801.0,-0.01,-0.03,0.08,417443152110642.06,-0.01,0.01
11f045098a2b4d12a87006aae503a63f,NS Potato Snack 55g 20PK,0.25,0.45,901.95,-0.48,-0.98,0.11,218.79,-508217.45,488805.45
11f0450a6949781693d506d74ae24a27,Kokalcorn BBQ 134g 12PK,0.03,0.12,6819445575338930.0,-0.02,-0.05,0.09,638771862135191.1,-0.01,0.01
11f0466cb91eef5ca86002da8f13a0b9,OKF Sparkling Guava Can 350ml 24pk,0.03,0.06,346734323358270.44,0.0,0.0,0.07,6688507844416082.0,0.01,0.04
11f045a5d6bc4ae094ce0a71b0f51ee5,LT Milkis 1.5L 12PK,0.04,0.1,3828968043647197.0,-0.02,-0.05,0.09,6250538264349738.0,0.01,0.02
11f0459f5665fc848a6c0a71b0f51ee5,JELLY O'Jelly Grape Egg 67g 4x10PK,0.01,0.03,4243285569028721.0,-0.02,-0.04,0.02,1206734130653812.2,-0.01,-0.02
11f0466cfe2c8c1cbf4606f402ddaeb9,OKF Sparkling Blueberry Can 350ml 24pk,0.23,0.05,86.42,-0.03,-0.06,0.21,414.9,0.08,0.0
11f04670fcf66706a4a106f402ddaeb9,KW Gas Bottle 7x4PK,0.03,0.14,5542113365486748.0,0.02,0.05,0.16,1.6396700886019334e+16,0.03,0.09
11f0450a941c67ec89f902a55d4b7fed,Kokalcorn Original 134G 12PK,0.03,0.05,2738365061403609.0,-0.02,-0.03,0.05,5968074419317372.0,0.01,0.03
11f045092f467da4aef206d74ae24a27,NS Banakick Snack 45g 20PK,0.21,0.38,553.22,-0.33,-0.69,0.29,384.75,0.08,0.08
11f0459fae7cf4ea82f602f4dcabac39,JELLY LT WATERMELON 56G 4x8PK,0.02,0.05,7184062784419517.0,-0.03,-0.07,0.03,4369221504372386.0,-0.01,-0.02
11f0459f766eab02856302da8f13a0b9,JELLY O'Jelly Real Plum 67g 4x10PK,0.01,0.02,2382534908101574.0,-0.01,-0.03,0.01,348111959107367.75,-0.0,-0.01
11f045a60f6855beb6b602f4dcabac39,WJ Morning Rice 500ml  20pk,0.24,0.26,238.11,-0.16,-0.34,0.11,108.73,0.25,0.5
11f0466c50d0c0d89a960a29c7a4377d,OKF Sparkling Grape Can 350ml 24pk,0.03,0.15,1296197619178317.5,0.01,0.02,0.15,9330446178596294.0,0.0,0.05
11f0450897935c8490b006d74ae24a27,NS Shrimp Cracker 75g 20PK,0.05,0.14,3712943571047966.5,-0.02,-0.04,0.15,1.4473784818653728e+16,-0.01,0.02
11f04506d3e461768e3902a55d4b7fed,NS Shin Big Bowl 114g 16pk,0.56,0.07,30.62,-0.1,-0.21,0.93,374.02,0.41,0.97
11f024d3d12d3e74b3620220f33ba86d,CASAMIGOS TEQ REPOSADO 700ML,0.01,0.09,699998766753906.5,0.0,0.0,0.08,203858699992.5,0.01,0.05
11f02661f3ea729486b4029b108103f3,J/DANIEL G/MAN JACK 1L,0.03,0.17,2843282505571344.0,0.02,0.04,0.18,1.3975766876699484e+16,0.0,0.05
11f02f6b57da457e92a806902e1504af,Le Petit Caniche Ros茅 750ml,0.03,1.02,4827830042319491.0,0.04,0.08,1.01,2271317637908942.5,0.07,0.47
11ef9fa9e8b14040a1b00acdfb026a8f,Weihenstephaner Hefe Weissbier 0% Btl 500Ml,0.01,0.04,302610323231210.0,0.0,0.01,0.04,2974043274623133.0,0.01,0.02
11f03093fec936c88b300267a4e073c5,Charles Melton Father In Law Shiraz 2022 750ml,0.0,0.04,1084843733724499.0,0.01,0.01,0.04,1989633958893482.8,0.02,0.04
11ef9fa9e8bb28a8be040acdfb026a8f,Mozart Chocolate Vanilla Cream 500Ml,0.01,0.1,3215917633983002.5,-0.01,-0.02,0.08,296092810543393.9,-0.01,0.06
11ef9fa9e89d8c5898bd0acdfb026a8f,Kurayoshi Pure Malt 700Ml,0.01,0.09,1579052500013186.0,-0.0,-0.0,0.09,555504022200614.44,0.01,0.03
11f045a1819c7a0cacdd0a71b0f51ee5,HM Roasted Seaweed Original 4g 12x10PK,0.02,0.08,1127211917382641.5,0.01,0.02,0.08,3333792053193589.5,0.03,0.05
11f04595c7fd780e89890a768a02bcd1,Turtle Chip Choco 160g 14Pk,0.25,0.24,337.81,-0.26,-0.53,0.2,280.38,0.1,0.08
11f0450af6cfe0da999d0a768a02bcd1,ORI Sun Chip Hot 135g 12PK,0.3,0.29,348.63,-0.27,-0.55,0.45,545.23,0.12,0.2
11f04596b6c5af6a973202da8f13a0b9,WS CHIPS Crunch Seaweed 120g 16PK,0.05,0.04,1009158675921430.5,-0.01,-0.02,0.04,8883659082677186.0,0.04,0.1
11f04596e06549b6b4f002da8f13a0b9,WS CHIPS Sweet Corn 100g 16PK,0.17,0.11,56.07,0.02,0.03,0.13,151.1,0.24,0.41
11f0459186508dc88dce02a55d4b7fed,ORI Swing Chip Hot 124g 12PK,0.04,0.06,3232633907298830.0,-0.02,-0.04,0.04,4736559806458056.0,0.02,0.04
11f0450a158da4ea8fd70a768a02bcd1,Kokalcorn Sweet Spicy 134g 12PK,0.24,0.32,279.88,-0.23,-0.48,0.08,71.19,0.01,0.1
11f0459720774a9a9e3702da8f13a0b9,JP CHIPS GLICO Avocadoza 36g 8x10PK,0.0,0.01,53247667872879.48,-0.0,-0.0,0.01,583106979907284.5,0.0,0.01
11f0450479b004faa9cd02a55d4b7fed,Shin Ramen 120g 8x5PK,0.05,0.06,3112629436486308.0,0.0,0.01,0.09,2.19957881415166e+16,0.04,0.09
11ef9fa9e8f7df8c83040acdfb026a8f,Penfolds Cellar Reserve Riesing 750Ml,0.01,0.09,1368484532859310.2,-0.0,-0.0,0.08,900606229027958.8,0.0,0.01
11ef9fa9e84a4052846c0acdfb026a8f,Eaglehawk Shiraz,0.01,0.09,836047483840669.0,0.0,0.0,0.08,456332569243262.3,0.0,0.01
11f04504b8c0d818b81c02a55d4b7fed,NS Shin Cup 68g 12PK,0.48,0.19,35.66,0.18,0.37,0.22,48.39,0.81,1.25
11ef9fa9e889088cae210acdfb026a8f,Aberlour 12Y Scotch 700Ml,0.05,0.23,1.1646171003812896e+16,-0.04,-0.1,0.22,1.822445729876663e+16,-0.01,0.1
11f03177d51eccae817b0682c37a034f,Bodriggy Utropia Pale Ale Can 330ml,0.05,0.08,1.327840155133159e+16,-0.07,-0.15,0.02,80406067069167.45,-0.04,-0.06
11ef9fa9e8c4add8a60a0acdfb026a8f,Bodegas Alamos Malbec 750Ml,0.0,0.04,96176902217824.86,0.0,0.0,0.04,462660343761832.94,0.0,0.01
11f04596017f0796b7c702da8f13a0b9,Turtle Chip Corn 160G 12PK,0.25,0.33,113.03,0.0,0.01,0.12,44.0,0.1,0.32
11ef9fa9e8cea360a5620acdfb026a8f,Banrock Rose 2L Cask,0.01,0.09,724714060831449.8,0.0,0.0,0.09,947395901673556.2,0.0,0.01
11f04509d941174cb22c0a768a02bcd1,NS Honey Twist 75g 20PK,0.03,0.04,3487829463976535.0,-0.02,-0.04,0.03,5398416623927303.0,0.02,0.03
11f045a6373beca490ce0a71b0f51ee5,WJ Morning Rice 1.5L 12pk,0.02,0.05,2338729802649488.5,-0.01,-0.02,0.03,2312696237332431.0,0.01,0.02
11f04509b3440ed28c3102a55d4b7fed,NS Cuttlefish Snack 55g 20PK,0.02,0.05,49768388549526.7,-0.0,-0.01,0.05,4134354590022394.0,0.02,0.05
11f045a13cbc651eb50902da8f13a0b9,HY Roast Seaweed 4g 12x10pk,0.1,0.23,270.1,-0.13,-0.26,0.05,58.59,0.08,0.09
11ef9fa9e8570896b1d90acdfb026a8f,Wild Turkey Russells Reserve 10Yo Bourbon 750Ml,0.01,0.08,1243255301273988.2,0.01,0.02,0.09,7825423491794533.0,0.01,0.04
11f045a1f76d86ae8c8e06f402ddaeb9,HY Seaweed Flake BBQ 70g 20pk,0.01,0.05,929034943446017.0,0.01,0.01,0.05,1937686224915880.5,0.01,0.02
11f045a005cf38a28d290a71b0f51ee5,CANDY JP Hi-Chew Apple 56g 7x12PK,0.01,0.02,229255591047412.94,-0.0,-0.0,0.02,1338043566221220.0,0.0,0.01
11f045a1cb0339c4a24902da8f13a0b9,HY Seaweed Flake Original 70g 20pk,0.01,0.02,427444928073767.0,0.0,0.0,0.03,2103414857910907.0,0.01,0.02
11f045a57bcbc818abf30a71b0f51ee5,LT Milkis 500ml 20PK,0.08,0.07,1.2252322250936668e+16,0.04,0.08,0.07,1.920523781296654e+16,0.08,0.38
11f045a05130815caadb02f4dcabac39,CANDY JP Hi-Chew Lemon 59g 7x12PK,0.01,0.02,743923909204990.5,-0.0,-0.01,0.02,383044338787855.0,0.0,0.0
11f045a523a714b2b28d0a71b0f51ee5,HT Bonbon Grape 238ml 6x12PK,0.02,0.03,2489250689437331.0,-0.01,-0.02,0.02,1445718014961973.0,0.02,0.03
11f04a8192138300957c063d5e2e2443,Kingfisher Premium Extra Strong Bottle 650ml,2.32,5.09,504.47,-1.81,-3.71,3.86,775.59,9.37,4.51
11ef9fa9e888d1329a6e0acdfb026a8f,St Hugo Shiraz Cabernet 750Ml,0.02,0.11,5144583140180325.0,-0.02,-0.05,0.08,498460954962779.9,-0.01,0.01
11f02a50a93c7434beef06d52c0530b7,Lotte Chum Churum Plum Soju 360Ml 20Pk,0.01,0.08,1164590791352246.5,0.0,0.0,0.08,1216956095338144.5,0.01,0.03
11f04b3365f732149d670aa9fe7c4dad,Smirnoff Ice Double Black Vodka Festival Can 5% 375ml,0.04,0.23,7409841682542692.0,0.04,0.09,0.23,1.5431662233528494e+16,0.06,0.15
11f024d3d035a7f4a65c0220f33ba86d,FARM HAND ORGANIC P/GRIG 750ML,0.01,0.08,13995503444392.99,0.01,0.01,0.09,4001243289104530.5,0.0,0.04
11ef9fa9e889419e80bb0acdfb026a8f,Yering Station Little Yering Chardonnay 2020 750Ml,0.04,0.67,4984793277355386.0,0.06,0.12,0.66,6132893022251302.0,0.14,0.32
11f0475656b893d2a66706f402ddaeb9,Chingu Soju Yogurt 360Ml,0.65,0.79,151.75,0.35,0.73,0.81,346.06,1.66,2.44
11f024a9e5af970eb2c80220f33ba86d,Bridge Road Brewers Beechworth Pale Ale Can 355Ml,0.01,0.17,448203116227028.44,0.01,0.03,0.16,773959048188669.5,0.03,0.06
11ef9fa9e8f77b82b9ff0acdfb026a8f,Great Northern Super Crisp Bottles 330Ml (Short Date),0.07,1.0,2649891206483082.5,0.08,0.16,1.03,1.585729644853726e+16,0.15,0.33
11f045a402789c1c9ffd06f402ddaeb9,Hutkae Power Drink 120ml 5x10PK,0.11,0.09,150.82,-0.06,-0.12,0.13,326.47,0.13,0.1
11f0475656b8a89ab48806f402ddaeb9,Chingu Soju Mango 360Ml,0.95,1.27,47.87,1.35,2.78,1.4,45.23,0.6,1.33
11ef9fa9e8bae870862c0acdfb026a8f,Younghenrys Gin & Tonic 250Ml 24Pk Can,0.06,0.19,5912648908452311.0,-0.03,-0.06,0.15,1488618909075496.0,0.04,0.06
11f044e1809100c6b01906d74ae24a27,Tradie Ginger Beer 4% Can 375mL 16pk (Short Date),0.01,0.19,2434769529207583.5,0.02,0.05,0.19,5865885106451627.0,0.01,0.05
11f044e0cb93dde2905b02a55d4b7fed,Moritz Barcelona Lager Can 330mL (Rp),0.03,0.15,5822465328881261.0,-0.02,-0.05,0.14,2549027008682242.0,0.03,0.05
11f0459656f0c80e813202a55d4b7fed,Turtle Chip Corn 80g 12PK,0.28,0.64,570.01,-0.51,-1.04,0.13,100.08,-0.03,-0.06
11ef9fa9e8bb534689c90acdfb026a8f,Tatachilla White Admiral Rose,0.02,0.12,8284491402892028.0,-0.03,-0.07,0.09,896446271378129.5,0.01,0.02
11f04505faccd90ea02c0a768a02bcd1,NS Soon Vege Cup 67g 12PK,0.02,0.1,3848495303291815.0,-0.02,-0.03,0.07,992892892067972.1,0.0,-0.0
11ef9fa9e88947d4977b0acdfb026a8f,De Bortoli Sacred Hill Chardonnay 750Ml,0.07,0.07,6187789411611495.0,-0.02,-0.04,0.06,9319976979854316.0,0.05,0.12
11f03519a2c37c64838d0a4244d9829f,Sour Puss Mixed Sour RTD Can 330mL,0.1,0.49,2.258108898909438e+16,0.11,0.23,0.5,5.534785176743003e+16,0.11,0.33
11ef9fa9e8ceda6aa4a30acdfb026a8f,Morris Classic Liqueur Muscat 500Ml,0.01,0.25,523588181787932.5,0.01,0.03,0.25,783828514128990.1,0.08,0.19
11ef9fa9e87f8384b9360acdfb026a8f,Tgallant Encore Pinot Noir 750Ml,0.01,0.08,248254828326256.44,0.01,0.01,0.08,1288363051408304.5,0.02,0.04
11ef9fa9e84a001ab0230acdfb026a8f,Brown Brothers Merlot 750Ml,0.01,0.08,43034678196157.74,0.0,0.01,0.09,4315916909671233.5,0.01,0.04
11ef9fa9e8ed240cb05c0acdfb026a8f,Monster Juice Punch,0.01,0.06,5228455173058602.0,0.03,0.05,0.06,6848826432992788.0,0.04,0.09
11f04ba2ac0a1ac2879002f45b652619,Monster Aussie Lemonade Can 500Ml,0.0,0.02,843317258992432.8,-0.0,-0.01,0.02,617365234364317.1,-0.0,-0.0
11f04a9c83a30e7eb2fa063d5e2e2443,Smirnoff Espresso Fire Vodka 700ml,0.01,0.09,2181548468771971.5,-0.01,-0.01,0.09,1661931219598631.8,-0.01,-0.0
11ef9fa9e89d7bb48d180acdfb026a8f,Winfield 20S Red Original 10Pk,0.03,0.1,2082205255516252.8,0.01,0.02,0.1,5071943414458686.0,0.05,0.09
11efa32fdf56ab78b70d06fb1ac4ad25,Vida Shots,0.09,0.61,2.117945386285654e+16,-0.05,-0.12,0.45,1.1358388805014258e+16,0.02,0.03
11f0525999ed40ae836d0a23ed3d982d,Wilk Turkey Long Branch Shot,0.4,1.85,1.6381353025045677e+17,-0.75,-1.71,1.03,4.060128709314321e+16,-0.01,0.05
11ef9fa9e8d93fc8b8110acdfb026a8f,Great Northern S/C 330ml Bottle (Passed Date),16.92,12.88,45.39,18.53,38.54,2.12,8.92,27.21,57.91
11ef9fa9e8a7187c8a9c0acdfb026a8f,De Bortoli Winemaker Select Shiraz 750Ml,0.01,0.08,1280289958665185.5,0.01,0.02,0.08,2851080007967356.0,0.07,0.1
11f04cf08a7715aaa57c02f45b652619,Kingfisher Ultra Can 500ml,0.07,0.73,6432765544523152.0,0.06,0.14,0.72,1.1068613695338926e+16,0.01,0.23
11f04788a4d13db2b66702c0e2d76f05,De Bortoli Estate The Vineyard Shiraz 750Ml,0.01,0.18,3164821206159210.0,-0.01,-0.01,0.17,518842283651677.6,-0.01,0.0
11ef9fa9e8e30e4a8f630acdfb026a8f,Gemtree Luna Temprana Tempranillo 750Ml,0.01,0.08,179769738730112.0,0.0,0.01,0.08,753992703967605.8,0.01,0.03
11f02be6deedae309bb20a19dc243e69,Devil's Tongue Cinnamon Whisky 700ml,0.02,0.08,2058251680942689.8,0.01,0.02,0.09,7818465111623958.0,0.01,0.05
11f04cb71720b37ebb250613baed8537,CMB Picnic 46G,0.01,0.02,199529245987274.66,0.0,0.0,0.02,856336134310658.0,0.01,0.02
11ef9fa9e84a21da8d580acdfb026a8f,Chartreuse Green 700Ml,0.0,0.04,19964672482585.09,0.0,0.01,0.05,1301820368431501.2,0.01,0.02
11f03f5d14ee341c9b2e0af32d2ed21f,Jps Ryo Virginia 30G,0.03,0.2,2379963193525311.0,0.02,0.04,0.2,5952254645170190.0,0.01,0.06
11f050a8abc2e9808d5602235d23ff23,Za Cool Herbal Tea 6in1 140G (7Gx20Bags),0.0,0.02,840711177545580.5,0.0,0.01,0.02,872789889139935.1,0.01,0.02
11f045f21845efc48bf206f402ddaeb9,Divas Glades Strawberry 700ml,0.01,0.09,686972047847399.0,0.0,0.01,0.08,485146255950190.75,0.01,0.01
11ef9fa9e8cf0a8a93120acdfb026a8f,Red Hill Est Pinot Grigio 750Ml,0.03,0.08,8134468035833062.0,0.04,0.08,0.09,1.3366806648950074e+16,0.04,0.13
11ef9fa9e89d5698a90c0acdfb026a8f,Kooyong Massale Pinot Noir 750Ml,0.01,0.08,1390249045258572.8,0.01,0.02,0.09,4432180861910740.5,0.03,0.05
11ef9fa9e85683f8ae6e0acdfb026a8f,Lbd Little Black Dress Vodka Peach Raspberry 500Ml,0.03,0.11,4689369389032768.0,-0.02,-0.05,0.1,5427873473144074.0,0.02,0.03
11ef9fa9e8eccd5ea03b0acdfb026a8f,Hahn Premium Light Can Block 30Pk,0.12,1.66,3.3353586371196824e+16,-0.05,-0.11,1.61,1.891513869500785e+16,-0.16,0.13
11ef9fa9e8f778d0aeb40acdfb026a8f,Divas Glades Peach 700Ml,0.01,0.1,2501460214992583.5,-0.0,-0.01,0.09,1396189121596453.8,0.01,0.03
11f024d3d044e2f0a9ca0220f33ba86d,CAN CLUB & DRY BTL 24PK 330ML,0.42,0.98,4.339255315468017e+16,0.15,0.34,1.02,1.5539505736360973e+17,0.73,1.26
11f05657709c9568947b0a4bd136f30d,TS Cobalt Blue 20S,0.64,0.45,57.34,0.28,0.59,0.36,45.24,1.22,1.63
11f0563a4a4229408b3a0645b2f6de53,Jelly Ori King Jelly 67g 4x10PK,0.01,0.02,329615204108783.8,0.0,0.0,0.03,1629848888412168.5,0.01,0.02
11f0563a16ad231ebf420abffd705a9d,Jelly Sky Blue 53g 4x12pk,0.01,0.02,956831655915265.6,-0.01,-0.01,0.01,1687076745614402.5,0.0,0.0
11ef9fa9e86b483891440acdfb026a8f,Tempus Two Rose 1.5L,0.02,0.12,5823085500664143.0,-0.02,-0.05,0.11,9272247719722318.0,-0.01,0.05
11f057a340f21462ab570a4bd136f30d,Bright Brewery Stubborn Imperial Stout 355ml Can,0.01,0.09,840413076625050.6,0.0,0.0,0.08,1034492672446076.0,-0.01,0.01
11ef9fa9e87f1c6e93cb0acdfb026a8f,De Bortoli Prem Pinot Grigio Cask 4L,0.02,0.35,2728562257384067.0,0.01,0.02,0.34,3213711183968852.0,0.07,0.16
11f057149980ff60b4b40a12017b3665,Crown Lager Bottle 375mL (Short Date),17.6,18.47,71.43,5.59,12.59,17.83,121.19,2.0,15.0
11f04fd142c7d5d08ce106a4f34a11ed,Bundaberg Extra Finish Bourbon Barrel Rum 700ml,0.03,0.08,1427819685131576.0,0.01,0.01,0.07,3303733846419820.0,0.02,0.07
11ef9fa9e89cf5c295370acdfb026a8f,Jameson Caskmates Ipa Edn 700Ml,0.01,0.09,465003011437361.06,0.0,0.01,0.09,2635447249793020.0,0.01,0.01
11f0565905e59f2ea1360a4bd136f30d,TS Amber Gold 20S,0.03,0.05,3574475561348386.0,0.01,0.03,0.05,7374347612778695.0,0.06,0.1
11ef9fa9e874ee929dd30acdfb026a8f,Stomping Ground Big Sky Hazy Pale Can 355Ml,0.07,0.19,5890201645259641.0,-0.03,-0.07,0.16,768434495655023.6,0.01,0.05
11f02661f262c03eb19a065a44edc49f,DAINTON BEER FLMNGO SR 375ML,0.01,0.12,1797609084597013.2,0.02,0.04,0.13,4077327946491170.5,0.03,0.08
11f030980deb4872807f0a6b24da1c53,The Musician By Majella 2021 750ml,0.0,0.05,921173705869861.8,-0.0,-0.0,0.04,667220468988880.8,0.0,0.01
11f04292f230a1d8b04b027b2c246627,Pringles Original 53G,0.03,0.11,4333496282521706.0,-0.02,-0.04,0.09,2416254910682321.5,-0.01,0.03
11f04cb650aee9d690d902f45b652619,Zombie Chew Strawberry 28G,0.0,0.01,843442691254674.8,0.0,0.01,0.01,1841080471505927.2,0.01,0.02
11f05894eb6d0bc6b39e069086d3a2f3,Sunyang Soju btl 360ml,0.92,0.34,76.93,0.24,0.5,2.52,504.49,0.11,1.9
11f05b9552c8f6f69bab026fb6713979,F Vodka 700ml,3.48,2.37,497.05,0.05,0.12,1.87,817.72,-1.16,-5.35
11ef9fa9e8a76098b92f0acdfb026a8f,Hardys VR Merlot 1L,0.12,1.25,4.997118487278593e+16,-0.16,-0.35,1.07,1.6322670396460044e+16,0.17,0.34
11f056df95d26bf4a92102f1aab5fcf3,Stomping Ground Wild Fang Hard Shandy Lemon 355Ml,1.65,3.54,785.55,-2.82,-5.83,2.11,583.9,-0.14,-0.36
11f024d3d133ff6680a10220f33ba86d,KILKENNY IRISH ALE CAN 470ML,0.07,1.12,7095913620582098.0,0.1,0.23,1.13,1.418623995382216e+16,-0.1,0.08
11f04a9c83a39826a469063d5e2e2443,Smirnoff Lemon Freeze Flavoured Spirit 700ml,0.01,0.19,4430206469524395.5,-0.01,-0.02,0.17,1645206319495433.0,0.05,0.09
11f05b95b189c2609e14026fb6713979,Novoski Vodka 1L,0.21,0.35,2.0261331280670904e+16,-0.12,-0.27,0.26,2.525137372343365e+16,0.01,0.14
11ef9fa9e87f74acb2f20acdfb026a8f,Two Truths Shiraz 750Ml,0.02,0.12,13655289868926.55,0.01,0.01,0.13,3444500819903686.5,0.03,0.05
11f056ed38e33834b76f0643c8327871,818844028513,0.09,1.04,8379106322448020.0,0.02,0.04,0.99,3698152236301713.5,0.16,0.36
11f05b9591439b3e8950065269af15ad,Novoski Vodka 700ml,0.1,0.07,2.9431264467513124e+16,0.11,0.24,0.14,5.625008292145304e+16,0.22,0.45
11ef9fa9e89d66e2b47b0acdfb026a8f,Cougar Bourbon Black 45 700Ml,23.33,124.71,38485.06,-102.65,-212.78,12.81,6401.15,61.4,19.54
11f041bd0afa8f98a33b0ae0ecd11e61,Beef Jerky 200gram,0.17,0.64,2.59714528112589e+16,-0.12,-0.27,0.51,1.822845959363095e+16,0.23,0.51
11ef9fa9e849eccea4980acdfb026a8f,Baileys Irish Cream Min 50Ml,0.01,0.02,598789468710049.6,0.0,0.01,0.03,1902364444040962.5,0.0,0.02
11ef9fa9e8e2aeb4b8e30acdfb026a8f,Jack Daniels & Cola No Sugar Can 375Ml 24Pk,8.8,50.96,2248.65,-38.75,-80.63,5.72,253.78,4.1,2.52
11ef9fa9e88933348d770acdfb026a8f,Rothmans 20S Blue 10Pk,0.01,0.05,106520604317286.64,0.0,0.0,0.05,3518184015151463.5,0.01,0.04
11f05234735f415aba5e0200c6d06107,Hop Nations Cloudwater Sparkling Haze 5.5% 440ml Cans,0.01,0.03,10733398722281.3,-0.0,-0.0,0.05,7441194747810964.0,0.02,0.02
11ef9fa9e8ece2a8aec60acdfb026a8f,Little Fat Lamb Fruity Tango 1.25L,0.01,0.08,957973796321771.9,0.01,0.02,0.08,2455876887601219.5,0.01,0.02
11f057a36951f0eeabb6028a3d1ceaf7,Bright Brewery Work Trip Low Carb IPA 440ml Can,0.01,0.04,1934855824623501.5,-0.01,-0.02,0.03,11157811138445.3,-0.0,0.01
11f062dc06832f16970b061ff62716b9,Hennessy VSOP Jackson Wang Edition 700ml,1.71,4.23,366.58,-2.61,-5.42,77.92,6453.8,-0.55,2.17
11f044e19ec32eacad5502a55d4b7fed,Ray Hard Seltzer Watermelon & Mint 330mL (Passed Date),0.04,0.12,2156849948727871.0,0.01,0.02,0.19,3.28997897566096e+16,0.03,0.05
11f024d3d1311936bf930220f33ba86d,MARQUIS DE PENNAUTIER 750ML,0.02,0.04,2027528928999053.5,0.01,0.02,0.04,6177540926081044.0,0.02,0.04
11f024d3d13322d0886f0220f33ba86d,CHANDON GARDEN SPRITZ 750ML,0.02,0.16,5385615374245980.0,0.03,0.07,0.17,1.0590825301156042e+16,0.03,0.09
11f03095198c159c9db70267a4e073c5,Di Giorgio Sparkling Pinot Noir Chardonnay 750ml,0.01,0.09,2191621695376358.5,-0.01,-0.01,0.09,1261825151848150.5,-0.01,0.01
11ef9fa9e8618d169cb20acdfb026a8f,Tanqueray Gin No 10,0.01,0.09,836047483817295.6,0.0,0.0,0.08,456332569243262.3,0.0,0.01
11ef9fa9e8892ac49eeb0acdfb026a8f,Redbreast Irish Whiskey 12Yo 700Ml,0.01,0.18,3380420136160556.0,-0.0,-0.01,0.17,865924172339205.1,0.02,0.05
11ef9fa9e889169c85e50acdfb026a8f,Rothmans 30S Red 6Pk,0.01,0.08,52368915998778.02,0.01,0.02,0.08,2281068434151596.0,0.05,0.07
11f057a377113636ba510a4bd136f30d,Bright Brewery Midnight In The Mountains Stout 440ml Can,0.01,0.04,1015026349797081.2,-0.01,-0.01,0.03,1076724010585826.1,0.0,0.02
11ef9fa9e8ecff0484bc0acdfb026a8f,James Squire G/Beer Spiced Rum 24Pk,0.03,0.08,7809249787233094.0,0.03,0.07,0.09,1.0445906639706224e+16,0.13,0.17
11ef9fa9e87f301eb0e40acdfb026a8f,Penfolds Father 10 Yo Tawny 750Ml,0.04,0.42,2155211373428814.8,0.06,0.13,0.43,9804921278184838.0,-0.07,0.01
11f03941526ec8dca8410ae3f96fba9d,DI GIORGIO FRANK RED 750ML,0.01,0.26,1682891218192025.5,0.02,0.04,0.25,384863540684105.25,0.09,0.2
11ef9fa9e893170a9f040acdfb026a8f,Yeni Raki Turkish Spirit 700Ml,0.03,0.28,6410219585391827.0,-0.01,-0.03,0.28,1.0617082369790484e+16,-0.02,-0.0
11f066b432dc302289e702d004d3204b,NED Whisky & Cola 15% Cans 375ml,0.01,0.08,2548148986201192.0,-0.0,-0.01,0.06,236664135512401.22,-0.0,0.05
11f05bb817a7fea0a7180608bd69bdc1,Sour Puss Guava 700ML,0.04,0.17,2524288222263288.5,0.02,0.04,0.15,7583390433518539.0,0.02,0.1
11f06863f00f86668b9306dff73d5b3b,Mixed Fruit Chips 200G,0.01,0.02,345492375894142.75,-0.0,-0.0,0.02,224936524749922.06,0.0,0.01
11f068636748960680410a9e3586357f,Jack Fruit Chips 200G,0.01,0.02,809833574807735.5,-0.01,-0.01,0.01,550195433954558.7,0.0,0.0
11f068c8748a5baabe880ac409b5aa89,Hard Rated Orange 4.5% Can 375Ml 24pk,0.85,3.46,3.477947244744855e+16,-0.09,-0.2,3.14,4.8058173772964264e+16,1.5,1.82
11ef9fa9e8f7b32c947f0acdfb026a8f,Jumpin Jack Shiraz 750Ml,0.01,0.04,17297177338573.1,0.0,0.0,0.04,1181700196700306.8,0.01,0.03
11f068c013ff494ca1e2028b8899d0e1,Hard Rated Orange 4.5% Can 375Ml 3X10pk,30.27,6.09,1052.5,-22.48,-46.61,11.22,840.6,-184.32,409.94
11ef9fa9e8750d7898aa0acdfb026a8f,Stomping Ground Laneway Cn,0.07,0.39,1407788672454524.5,0.02,0.05,0.37,7351677468568262.0,0.15,0.29
11f0667555136708b1be02f9794247ff,Smirnoff Vodka Crush Passionfruit & Guava 6% Cans 440ml,1.08,0.6,355.3,0.39,0.81,0.92,449.72,0.54,-0.08
11efb7a12886320282900608b1b9cdd7,Brown Brother Moscato Rose 200ml,0.02,0.1,2733345713950714.5,-0.01,-0.02,0.09,1258450105911043.2,-0.01,0.01
11ef9fa9e86198388e780acdfb026a8f,Little Fat Lamb 1.25L Fantasy,0.01,0.08,2276750028618445.0,0.02,0.03,0.08,4129004266669642.0,0.02,0.04
11ef9fa9e8a772ea97830acdfb026a8f,Ingoldby Cabernet Sauvignon 750Ml,0.05,0.06,1.7673659789819468e+16,0.06,0.15,0.09,1.819635845885319e+16,0.23,0.31
11f068c873893064ab0c0aaebdb1ddbf,Jumpin Jack Semillon Sauvignon Blanc 750ml,1.22,0.83,392.63,0.42,0.88,36.83,19805.0,1.49,1.91
11f04656ada97fb89c420a29c7a4377d,James Squire Broken Shackles Lager Btl 330Ml,0.16,0.5,6301342008174030.0,0.03,0.06,0.45,2.1457801992885892e+16,0.16,0.39
11f0611bee2a759e877406771e697343,Gee Up Strawberry Raspberry Btl 275Ml (Short Date),1.32,4.99,7.578305436408527e+17,-4.75,-11.88,0.5,2854022.12,1.0,2.0
11f06c3dd48da8cc89b00a1900885dfb,RR DELI CHIP LIME&PEPPER 90GM,0.01,0.08,13577352633416.48,0.01,0.02,0.08,874847029067635.5,0.03,0.05
11f066b432db506c989002d004d3204b,Travla Full Strength Lager Cans 375mL,0.1,0.75,956364734777144.0,0.05,0.11,0.78,1.307793217420673e+16,0.06,0.32
11f056df92c6a01aa7b60643c8327871,Bintang Beer Btl 330Ml,0.05,0.27,4709072706569348.0,-0.01,-0.02,0.24,1066642803131595.2,0.01,0.1
11f068f3d3c0f8f6b4880aaebdb1ddbf,Barking Frog Shiraz 750ml,0.03,0.33,6808404619475.78,0.03,0.06,0.34,6164836948709535.0,-0.06,0.05
11ef9fa9e8e34b44a7420acdfb026a8f,Miller Chill Lime Cans 330Ml,0.13,0.75,2.4219016548517444e+16,-0.07,-0.15,0.61,1717372395912222.0,-0.12,-0.11
11ef9fa9e8f7792093fd0acdfb026a8f,Mcwilliam Hanwood Estate Classic Apera 750Ml 5Yo,0.02,0.11,4552697195734469.0,-0.01,-0.02,0.09,1771685917741370.8,0.02,0.1
11f068643e6b5380917206dff73d5b3b,Banana Chips 200G,0.01,0.03,2573413143488640.0,-0.01,-0.03,0.02,755921618182933.5,0.0,0.0
11ef9fa9e89d1976bc0d0acdfb026a8f,Penfolds St Henri Shiraz 19 750Ml,0.18,0.57,8.303160430640712e+16,-0.41,-0.89,0.31,3.0384601318915024e+16,-0.07,-0.17
11f06e9a94191e2aba180606db38f9db,Red Rock Deli Smoky Beef Ribs 80g,0.1,2.32,2779.72,-0.04,-0.09,0.08,100.0,0.14,0.36
11ef9fa9e892d9e897990acdfb026a8f,Grant Burge 5Th Generation Sauvignon Blanc 750Ml,0.01,0.09,1255430631406082.5,0.0,0.0,0.08,119021714999325.34,0.01,0.02
11ef9fa9e8d89a3281d30acdfb026a8f,Alkoomi Cabernet Sauvignon 750Ml,0.04,0.28,4552697195734462.0,0.05,0.12,0.26,1771685917741368.0,0.22,0.48
11f068f40faf966aa8ec061080e2628f,Barking Frog Pinot Gris 750ml,0.04,0.14,1.084630519160181e+16,-0.05,-0.12,0.1,552131342035680.06,-0.02,-0.04
11ef9fa9e849f2a0a1d50acdfb026a8f,Begin Gin 700Ml,0.03,0.16,3400191576430884.0,0.04,0.1,0.17,5898695479941884.0,0.08,0.13
11f04d7f945ed64a90770266d6bbf4ad,McGuigan Black Label Mid Red 750ML,0.02,0.09,433911839852877.25,0.0,0.0,0.08,2953191263210588.0,0.02,0.03
11f070f3c2101f08a5d102acac277cef,Suntory -196 Double Lemon RTD 9% Cans 250ml,5.65,7.52,90.05,12.43,26.26,12.23,146.51,6.33,28.11
11f068f42bbad2c0b8910aaebdb1ddbf,Barking Frog Sauvignon Blanc 750ml,0.03,0.19,5360848303830573.0,-0.01,-0.03,0.17,162025356362225.6,0.02,0.01
11f06e9abd42c1ac99da0a3c579eeb61,Smith Double Crunch Chicken & Garlic 80g,0.01,0.06,2948211047202910.0,-0.01,-0.03,0.04,628981383800272.4,-0.01,-0.01
11f068f500db98c2bbd7061080e2628f,Old No 15 Bourbon 1L,0.03,0.19,4243187187441776.0,-0.01,-0.01,0.17,4503989470223973.0,0.03,0.06
11f070c9d7947af694d7068d8f685ad1,Great Northern Light 2% Bottles 330ML,0.24,1.25,1528216920957674.8,0.07,0.15,1.22,1.3848318112779452e+16,0.03,0.45
11f073e321218eb8b70c06a9d0c4824d,Juice monster,0.01,0.09,542455827129106.8,0.0,0.01,0.08,1106214313289511.8,0.02,0.04
11f07179dfc8e72e83800a4980e71f27,Canadian Club Citrus 4.8% Can 375ml 10pk,5.72,3.2,23.7,13.39,28.29,2.47,20.72,19.97,25.9
11ef9fa9e8619a04bca80acdfb026a8f,Begin Pink 700ml,0.01,0.09,1405471066605481.8,-0.0,-0.0,0.08,781152901802985.4,0.03,0.06
11f06e9ae410ed2ca03e0606db38f9db,Smith Crunch Flaming Hot Cheese 80g,0.01,0.04,608127495514153.8,0.01,0.01,0.04,1810157912573966.0,0.02,0.04
11f044e28dcabe20abf906aae503a63f,Fever Tree Distillers Cola Bottle 200mL,0.04,0.25,7535422174438730.0,0.05,0.11,0.26,1.394141650278138e+16,0.09,0.16
11f068c8738a712cb53a0aaebdb1ddbf,JUMPIN JACK CHARDONNAY 750ML,0.05,0.04,417382318943729.9,-0.01,-0.03,0.07,1.6949771390888466e+16,0.01,0.09
11f024d3d03bd228ad630220f33ba86d,HARDYS VR SHIRAZ 3L,0.02,0.13,303519319189.84,0.01,0.02,0.11,2442511329458124.0,0.02,0.05
11f071c54a63547aa86706c754209961,Suntory - 196 Double Lemon 4.5% 330ml 10pk,0.27,0.32,7.654534298677843e+16,0.24,0.53,0.43,1.40954502362229e+17,0.81,1.43
11ef9fa9e8ed164ca7780acdfb026a8f,Little Giant Tempranillo 750Ml,0.02,0.12,7159366397639730.0,-0.03,-0.06,0.08,91987407324966.38,0.01,0.05
11f078166e5d772881380aa70692995d,Bundaberg Mixed RTD Can 375ml 15pk,0.17,0.46,4.048612044187893e+16,-0.22,-0.5,0.21,5686587084122312.0,0.0,0.15
11f070f3c3c4c2aeb6fc068d8f685ad1,Stone & Wood Radler Citrus Cans 330mL,0.07,0.19,1.2828031095413432e+16,-0.07,-0.17,0.15,9869177954570382.0,0.08,0.05
11f07a3a79e4f866b1a606c08c3c5bcf,ASAHI SUPER DRY 5% 10PK CANS 330ML,1.27,0.58,34.32,2.25,4.96,0.72,37.5,3.33,7.0
11f07426752d233abed406c672d908f5,Neulbom Makgeolli 750ml,0.01,0.04,2336491604338759.5,-0.01,-0.02,0.03,652330968947074.9,-0.01,-0.01
11f078cce32ea890a6f50603546d6a55,Aguila Beer 330ml Btl,0.25,2.91,7.868484983921008e+16,-0.04,-0.09,2.53,8449344108524522.0,1.01,2.76
11f078ccf5b84822a1f902557d1b4b53,Poker Beer 330ml Btl,0.3,2.93,8.373715552778544e+16,-0.09,-0.2,2.49,968412387442879.5,0.82,2.04
11f03511347e770280fd065678fcdbef,The Nook Sauv Blanc 750ml,0.01,0.05,1764045096169707.5,-0.01,-0.01,0.04,1191163765811705.0,0.02,0.04
11ef9fa9e8baea82b7060acdfb026a8f,Peroni Nastro Azzurro Can 500Ml,1.0,1.46,1663.37,0.44,0.99,1.44,1875.81,0.17,0.96
11ef9fa9e8614fa4a4cc0acdfb026a8f,Gangstar Vodka Pistol 175Ml,0.43,0.57,343.59,-0.67,-1.42,0.92,550.0,-1.0,-2.0
11f0769dcdfeb45aa6a80ae5a7b69111,Bundy  Campfire Zero Sugar 6% Cans 375ML,1.17,1.02,88.86,1.29,2.76,0.42,39.25,2.71,5.04
11f07cb744bd0168a98e066e9eb1d6b5,Saranghae Mango Soju 360ml,0.34,0.72,408.89,-0.44,-0.94,0.58,275.0,-0.2,-0.2
11f07cbd4185bbb0a0180af160df8dfb,19 Crimes Cali Smooth Red 750Ml,0.05,0.08,8883075499975475.0,0.03,0.06,0.08,1.0828136256377232e+16,0.19,0.28
11f07d60b245bdfc9312060a41ccb9c3,Suntory - 196 Double Lemon 4.5% 330ml 24Pk,0.37,0.31,133.39,0.02,0.06,0.42,434.38,-0.13,-0.25
11f07641a0b9ff6aad03069989b88451,Espolon Teq Lime & Soda 330Ml,0.06,0.24,1.7452180488382562e+16,0.09,0.21,0.26,2.2523450046460236e+16,0.22,0.33
11f079ad0fafef06920c0ab8280f30ef,Saranghae Peach Soju 360ml,0.43,0.65,75.13,0.66,1.42,0.58,50.43,0.6,1.05
11f07cb6f3a5e4ca932b0afe35873b11,Saranghae Grape Soju 360ml,0.34,0.69,148.53,0.35,0.76,0.65,340.0,-0.1,-0.25
11f07e14e81658eca9680ac7321ec781,Kirin Hyoketsu Mandarin Can 330Ml,3.9,2.21,90.65,1.46,3.16,5.58,220.21,1.25,3.96
11f07e441d77499a92f10ac7321ec781,Hop Nation Fruit Enhanced Hazy IPA 6.8% 440ml Can,0.03,0.03,538130216810085.44,-0.01,-0.03,0.03,4855464527223804.0,0.02,0.01
11f07eeedc9309f4a3e802ea73365a95,Melbourne Martini Salted Caramel Espresso Can 120ml,0.02,0.02,611719285628310.6,-0.01,-0.02,0.03,4547913908685370.0,0.03,0.04
11ef9fa9e888d29a8f4c0acdfb026a8f,St Hugo Gre Shz Mataro 750Ml,0.02,0.09,1888983738972211.8,-0.0,-0.01,0.08,938246096200917.0,0.03,0.05
11f07f1b76fa6308888102ea73365a95,NS Kimchi Multi 120g 5pk*8,0.12,0.0,0.0,0.12,0.25,0.0,0.0,0.21,0.42
11f07f1c931f20c28b7106285b8faebf,Hangover Cure Soju Cocktail 54ml Vinchaud 2U,0.0,0.02,478474277359422.4,-0.0,-0.0,0.02,678570815804102.2,0.0,0.0
11f070f3c2def06caf78068d8f685ad1,REAL MCCOY B/PC WSKLIQ30%700ML,0.02,0.11,4655051150493310.0,-0.01,-0.02,0.09,3449357909778900.0,-0.01,0.06
11f07641a0b9f5eca54e069989b88451,El Jimador Lime Margarita Can 330ML 24pk,0.03,0.08,2172258179667840.5,0.01,0.02,0.08,4366578580434267.0,0.05,0.1
11f07f1b3ebb78ba85b702ea73365a95,OKF Sparkling Pineapple 350ml Can,0.01,0.02,122444584444961.62,-0.0,-0.0,0.02,1724282817626882.5,0.02,0.03
11f07d5c85b41d008a260a279fe89799,Jim Beam Ginger Beer 4.8% Can 375ML,0.21,0.28,671.75,-0.41,-0.87,0.31,750.0,0.29,0.17
11f07f0f3aee9ca0ac74062a63f595e9,Compa Ranch Water Tequila & Lime 6% Can 330ml,0.51,0.22,69.18,-0.41,-0.87,0.67,287.5,0.13,0.17
11ef9fa9e8baf83883e60acdfb026a8f,Maxwell Honey Mead 750Ml 6Pk,0.02,0.08,14132454206135.18,0.01,0.03,0.08,2745725859266898.0,0.04,0.07
11f07f0ff1f79d5c8a8c062a63f595e9,Compa Tequila & Passionfruit 4% Can 330ml,0.64,0.64,342.38,0.21,0.46,1.17,527.98,0.08,0.75
11f07f1c85cf3bbea6b60ac7321ec781,Hangover Cure Soju Cocktail 54ml Grapefruit 2U,0.0,0.01,163170876745346.94,0.0,0.0,0.01,40154217357856.71,0.0,0.01
11f07f1e9ed071c6b79b06285b8faebf,Hangover Cure Soju Cocktail 54ml Margarita 2U,0.01,0.03,242104107153436.03,0.0,0.0,0.03,1347246590253447.0,-0.0,0.0
11f07f1c6e6ddebca3ec028625842ddb,Hangover Cure Soju Cocktail 54ml Pomegrante 2U,0.01,0.03,1499380136103748.5,0.01,0.02,0.03,1345438095497602.5,0.03,0.04
11f0808c7a495c68a3be0ac7321ec781,Kokalcorn BBQ 67g,0.01,0.08,887742561470391.6,0.01,0.02,0.08,3805514348798293.0,-0.0,0.01
11f084994d797bbca6ed02d820a2833b,Sip Hrd Vodka Seltzer Lucky Lychee Can 250Ml,2.05,1.83,161.12,0.63,1.41,1.94,176.04,3.92,8.83
11f07f1ea8ad64f68fd906285b8faebf,Hangover Cure Soju Cocktail 54ml PinaColada 2U,0.03,0.0,0.0,0.03,0.06,0.01,33.33,0.03,0.06
11f055db2b0bf1b482e6022b39611199,Monster Papillon 500Ml Can 24pk,0.03,0.22,7575493033622031.0,0.07,0.16,0.41,5.120192088706297e+16,0.07,0.15
11f0847f50cee96091c202d820a2833b,Taylor Ferguson Family Reserve McLaren Vale Cabernet Sauvignon 750ml,6.77,45.45,591.88,8.07,17.85,1.81,23.33,13.67,29.67
11f07f1bc1d6dcd0ada9028625842ddb,NS Onion Ring 50g,0.16,0.4,331.96,-0.18,-0.39,0.13,125.0,-0.1,-0.15
11f07cb71ea73ffc9914060a41ccb9c3,Saranghae Apple Soju 360ml,0.08,0.15,4.121027301834694e+16,0.14,0.34,0.08,3.651640546459824e+16,0.44,0.6
11f0882486551336b7bb02f891ada741,Monster Ultra Peachy Keen Energy Can 500mL,0.1,0.05,61.46,-0.01,-0.02,0.11,133.33,0.08,0.25
11f066b432f872e685b802d004d3204b,Little Fat Lamb Creaming Soda 8% Cans 375mL,0.03,0.16,2933107968425353.0,0.04,0.09,0.17,147482206926612.56,0.04,0.14
11f07cd1546936bc9c130afe35873b11,NS Onion Ring 90Gr 20Pk,0.1,0.19,232.53,-0.06,-0.12,0.1,166.67,-0.05,-0.05
11ef9fa9e888e6e09b940acdfb026a8f,Two Truths Rose 750Ml,0.02,0.18,2870845664148138.5,0.01,0.03,0.18,4198223507404447.5,0.05,0.12
11f07cd1b80ee176a1e3060a41ccb9c3,ORI Swing Chip Hot 60Gr 20Pk,0.01,0.03,1058427057689939.2,-0.0,-0.01,0.03,713324817176448.1,0.03,0.06
11f08440e26e5f34b1f502d820a2833b,Asahi Super Dry Fusions Lemon Yuzu Btl 330mL,0.38,0.98,275.65,0.15,0.34,0.11,34.26,0.42,0.88
11f07f1e76ee1064a29d028625842ddb,Hangover Cure Soju Cocktail 54ml Blueonblue,0.05,0.08,289.24,-0.07,-0.16,0.06,200.0,-0.0,-0.0
11f07f1c7b21bf2ab895062a63f595e9,Hangover Cure Soju Cocktail 54ml Mojoto 2U,0.03,0.02,61.46,-0.0,-0.01,0.04,133.33,0.03,0.08
11f08440e26ef5e8877302d820a2833b,Coopers Australian Lager Can 440ml,1.26,17.4,23858.76,-0.24,-0.52,1.23,2655.0,0.21,2.42
11ef9fa9e84a47f0b7d70acdfb026a8f,Four Sisters Sauvignon Blanc Semillon 750Ml,0.02,0.08,76388645142550.14,0.01,0.02,0.08,2750098148062121.5,0.06,0.1
11f02c46ae5899f0940c06902e1504af,KURIO By Lark Crimson Jam Tasmanian Blended Whisky 700mL,0.02,0.09,1495517783881493.2,-0.0,-0.01,0.1,8521962128106808.0,-0.01,0.02
11f07641a0ba03208afa069989b88451,Asahi Super Dry 5% Can 330ml 3x10PK,2.53,3.48,365.23,-2.69,-5.88,2.67,618.18,0.67,0.33
11f084959bb415029af302d820a2833b,Mogu Mogu Cotton Candy Juice 320ml 24pk,0.01,0.03,1172342347239735.2,-0.01,-0.01,0.02,1361856208413233.8,0.0,0.01
11f084939ea630e49fcf06d73ec61543,Instant Noodle (Original) 85g x 40 (LOOSE),1.24,1.14,96.29,0.0,0.03,0.2,18.52,2.12,4.48
11f084932dd735c085e70a36910d5f6d,Hello Panda (Chocolate) (42g x 10) x 8,0.08,0.04,157.14,-0.1,-0.22,0.04,157.14,0.09,0.18
11f08496af2388c4bebe0a36910d5f6d,Mogu Mogu Cream Lemon Tea 450ml 24pk,0.07,0.24,587.11,-0.09,-0.2,0.08,200.0,0.1,0.24
11efed86cc28e4acaee106221a09faad,Tatachilla White Admiral Moscato 750Ml,0.05,0.19,4498431789442076.5,0.0,0.0,0.21,7249903619479675.0,0.08,0.27
11ef9fa9e89d817cb07f0acdfb026a8f,Black Bart Spiced Rum 700Ml,0.17,0.0,0.0,0.17,0.33,0.0,0.0,0.28,0.56
11f082d01b70f48ab4570ab322a073e7,LIT FAT LAMB ULTRA BERRY 1.25L,0.01,0.07,4655051148223562.0,-0.02,-0.05,0.05,3449357909778902.5,-0.01,0.01
11ef9fa9e8c4d9acb0920acdfb026a8f,Asahi 2L Can,5.08,12.36,6014.78,-6.43,-14.44,11.33,4112.0,1.83,14.67
